Time,flow_salt_upstream,log_flow_salt_upstream,flow_salt_downstream,log_flow_salt_downstream,flow_verde_upstream,log_flow_verde_upstream,flow_verde_downstream,log_flow_verde_downstream,Temp_Maricopa,Precip_Maricopa,Temp_Salt,Temp_Verde,Precip_Salt,Precip_Verde,Population,IrrigatedLand_Acres,datacenters_TotalMW,datacenters_TotalNum
1904-01-01,,,,,,,236.7741935483871,5.471321456704143,8.886206,5827.6416,0.4122719,0.77826995,11437.804,6026.1006,,,0.0,0.0
1904-02-01,,,,,,,226.31034482758622,5.426316241602834,14.3369465,13021.986,6.591203,6.8466077,13666.66,13582.544,,,0.0,0.0
1904-03-01,,,,,,,184.03225806451613,5.22053017779431,17.277546,7012.3086,8.836679,8.737621,8067.426,14928.831,,,0.0,0.0
1904-04-01,,,,,,,118.53333333333333,4.7835952725029225,19.55174,28.131836,11.181077,11.063109,869.83984,1075.0176,,,0.0,0.0
1904-05-01,,,,,,,126.29032258064517,4.8464704820974145,23.760143,2218.1162,15.238901,15.235604,8276.786,13574.983,,,0.0,0.0
1904-06-01,,,,,,,62.93333333333333,4.157840873781228,28.326347,144.15527,19.755432,20.092323,1258.2832,2328.956,,,0.0,0.0
1904-07-01,,,,,,,729.0967741935484,6.59317709274458,29.67447,70048.16,22.14998,23.064327,37633.7,61697.914,,,0.0,0.0
1904-08-01,,,,,,,1624.6774193548388,7.393679881345374,30.21657,83169.195,21.287529,21.455025,83488.26,105529.58,,,0.0,0.0
1904-09-01,,,,,,,481.6,6.179188153190932,26.73099,14574.099,17.919687,18.358852,17260.13,11822.827,,,0.0,0.0
1904-10-01,,,,,,,188.06451612903226,5.242088311991283,20.539032,3536.2754,12.404713,12.769616,23206.1,4200.9727,,,0.0,0.0
1904-11-01,,,,,,,209.63333333333333,5.3501188651113,15.197229,47.89453,6.894761,8.788058,188.23242,0.12695312,,,0.0,0.0
1904-12-01,,,,,,,240.90322580645162,5.488537752816243,10.6978855,18256.393,3.3092673,3.258038,33880.22,16001.445,,,0.0,0.0
1905-01-01,,,,,,,1419.9354838709678,7.259070725145901,11.688214,103755.29,4.7225704,4.1726418,86090.08,99034.7,,,0.0,0.0
1905-02-01,,,,,,,7713.0,8.950792138768174,12.597644,163945.7,5.2151046,3.5811267,130519.41,146918.88,,,0.0,0.0
1905-03-01,,,,,,,8780.645161290322,9.080419045077647,15.2323675,118036.83,7.364544,6.9901023,131427.08,118415.266,,,0.0,0.0
1905-04-01,,,,,,,5225.666666666667,8.56152900523629,17.58106,46473.883,9.359098,9.41132,68209.484,73610.78,,,0.0,0.0
1905-05-01,,,,,,,832.516129032258,6.725653052972137,20.517818,1800.2266,13.1901455,12.266049,4878.584,19116.316,,,0.0,0.0
1905-06-01,,,,,,,282.56666666666666,5.647447251313729,27.955057,4570.287,18.993164,19.328943,10671.71,1832.419,,,0.0,0.0
1905-07-01,,,,,,,245.3548387096774,5.506772930403238,31.228964,11910.464,21.492374,23.127138,33328.95,27527.97,,,0.0,0.0
1905-08-01,,,,,,,566.7741935483871,6.341723793108823,32.24864,17052.406,21.910751,22.748919,41330.133,57510.402,,,0.0,0.0
1905-09-01,,,,,,,771.3333333333334,6.649416235764266,28.63222,39344.164,18.704412,19.574453,58162.12,57863.74,,,0.0,0.0
1905-10-01,,,,,,,543.516129032258,6.299897563664802,21.32158,430.39355,12.1854515,12.875194,4199.2305,2758.416,,,0.0,0.0
1905-11-01,,,,,,,3432.7,8.141393675963823,14.769766,116842.39,6.8287873,6.4855566,119256.75,136868.28,,,0.0,0.0
1905-12-01,,,,,,,875.0967741935484,6.775476557658404,9.214324,22746.834,0.28444687,0.6175738,39834.906,32795.68,,,0.0,0.0
1906-01-01,,,,,,,811.8387096774194,6.700532700785429,9.717281,9375.678,1.1597078,1.4909506,23289.432,25821.41,,,0.0,0.0
1906-02-01,,,,,,,1201.8214285714287,7.092425266528865,13.744638,37704.227,5.6160827,5.5262856,26530.613,29738.209,,,0.0,0.0
1906-03-01,,,,,,,5467.5161290322585,8.606762584214518,14.885937,35134.03,7.1310344,6.706494,57971.625,95989.06,,,0.0,0.0
1906-04-01,,,,,,,1029.1333333333334,6.937443522683962,17.683323,19285.133,9.638405,9.971109,21653.809,30390.363,,,0.0,0.0
1906-05-01,,,,,,,246.8709677419355,5.512908319403301,22.299946,518.81836,14.085589,13.85678,3724.914,7447.2656,,,0.0,0.0
1906-06-01,,,,,,,149.86666666666667,5.016396444531328,27.870705,0.0,18.540014,19.006855,0.0,0.9042969,,,0.0,0.0
1906-07-01,,,,,,,233.7741935483871,5.4586241736869585,32.15119,30663.29,22.241142,22.856749,51935.605,56142.703,,,0.0,0.0
1906-08-01,,,,,,,742.9032258064516,6.611910953532095,30.419546,132629.98,19.75555,20.984396,78209.695,81339.984,,,0.0,0.0
1906-09-01,,,,,,,210.76666666666668,5.355485039604378,26.766691,537.9668,16.922787,17.999527,22014.234,6240.674,,,0.0,0.0
1906-10-01,,,,,,,181.29032258064515,5.205600595144697,20.924938,509.3662,11.985931,13.017124,4413.6055,1311.7256,,,0.0,0.0
1906-11-01,,,,,,,311.96666666666664,5.746096688596392,13.446329,39420.656,7.009186,4.5726953,33653.785,56634.79,,,0.0,0.0
1906-12-01,,,,,,,2641.2903225806454,7.879401366471527,11.622326,96884.19,5.2607107,4.033989,123145.09,106043.195,,,0.0,0.0
1907-01-01,,,,,,,2429.3548387096776,7.795792549834466,10.619303,49255.98,3.6842265,1.764916,58114.773,69954.47,,,0.0,0.0
1907-02-01,,,,,,,2618.9285714285716,7.870902333569983,14.383341,13218.811,6.208575,7.449593,20385.203,33728.293,,,0.0,0.0
1907-03-01,,,,,,,3766.967741935484,8.234291074602146,14.883668,35618.805,7.9125156,7.199833,28097.645,51524.586,,,0.0,0.0
1907-04-01,,,,,,,838.1333333333333,6.732369613189295,19.69319,6473.9277,10.954907,11.33561,23279.598,22243.262,,,0.0,0.0
1907-05-01,,,,,,,251.29032258064515,5.530580498116465,21.64148,10968.398,12.961834,12.928337,25856.797,15225.913,,,0.0,0.0
1907-06-01,,,,,,,208.86666666666667,5.346472408435083,26.062098,2960.4854,16.814919,17.630709,6698.048,4397.343,,,0.0,0.0
1907-07-01,,,,,,,217.16129032258064,5.385234653089793,31.374773,51390.758,21.729212,22.874466,43340.03,43746.65,,,0.0,0.0
1907-08-01,,,,,,,430.2903225806452,6.066781465610843,30.511576,54041.12,20.676981,21.547062,100244.59,43297.97,,,0.0,0.0
1907-09-01,,,,,,,403.8666666666667,6.003557794795365,27.98403,3869.5996,17.762299,18.844027,11651.683,26725.64,,,0.0,0.0
1907-10-01,,,,,,,614.258064516129,6.42204179689128,21.411572,68478.766,12.653063,13.20829,73407.76,83489.3,,,0.0,0.0
1907-11-01,,,,,,,375.2,5.9301209168669295,15.283673,6229.367,6.301528,6.390301,19404.309,18386.592,,,0.0,0.0
1907-12-01,,,,,,,323.38709677419354,5.781937545784937,11.02388,317.50488,3.5787814,4.2278905,986.35156,1557.6416,,,0.0,0.0
1908-01-01,,,,,,,306.48387096774195,5.728422633733486,11.163719,21577.074,3.5525656,3.5432627,18713.715,28629.389,,,0.0,0.0
1908-02-01,,,,,,,1972.551724137931,7.5875901041022,11.964557,72637.82,3.9398673,4.1624346,77042.17,76862.5,,,0.0,0.0
1908-03-01,,,,,,,1395.4193548387098,7.2416666356609705,16.110394,18872.414,7.4965844,8.018061,27711.973,31849.625,,,0.0,0.0
1908-04-01,,,,,,,301.1666666666667,5.710978741526796,19.775642,22890.875,10.258329,10.715915,14995.044,25639.973,,,0.0,0.0
1908-05-01,,,,,,,443.3225806451613,6.096550831619497,21.809652,1462.2705,12.643669,12.837672,8301.418,17049.838,,,0.0,0.0
1908-06-01,,,,,,,145.63333333333333,4.987935139686565,27.285803,1391.916,18.279888,18.726068,1349.3994,348.98828,,,0.0,0.0
1908-07-01,,,,,,,462.48387096774195,6.138771586056834,31.656021,60093.543,21.73186,22.902271,78142.15,91811.42,,,0.0,0.0
1908-08-01,,,,,,,879.8709677419355,6.780911154076824,31.277727,33978.93,20.656052,21.538538,84078.94,55204.547,,,0.0,0.0
1908-09-01,,,,,,,356.4,5.878855602725328,27.374605,25828.52,17.478975,18.153627,12641.985,23202.25,,,0.0,0.0
1908-10-01,,,,,,,264.741935483871,5.58252567051088,19.175024,19046.3,10.460795,11.238122,11452.108,26062.14,,,0.0,0.0
1908-11-01,,,,,,,281.46666666666664,5.6435605495243495,16.024336,6939.589,6.6447845,6.779821,15756.524,12482.861,,,0.0,0.0
1908-12-01,,,,,,,3128.6774193548385,8.04868521731406,11.150118,102430.28,2.8445718,2.6720994,77656.64,123918.195,,,0.0,0.0
1909-01-01,,,,,,,1760.4193548387098,7.473875214637722,12.507117,21636.184,4.068609,4.5925107,33244.258,48681.78,,,0.0,0.0
1909-02-01,,,,,,,1458.7142857142858,7.28599600083543,11.666897,28719.47,2.356153,3.404604,52600.293,53282.617,,,0.0,0.0
1909-03-01,,,,,,,2029.3548387096773,7.615965854154478,13.206764,34796.78,3.7581563,4.9743924,47979.293,45500.62,,,0.0,0.0
1909-04-01,,,,,,,1257.9,7.137993602772213,18.944902,815.54297,7.9894857,10.472762,7004.6553,4709.1387,,,0.0,0.0
1909-05-01,,,,,,,199.90322580645162,5.302823328468743,21.896328,35.41797,13.214264,13.862272,227.25293,2071.1885,,,0.0,0.0
1909-06-01,,,,,,,135.23333333333332,4.914369101902122,28.682219,441.32812,19.926313,20.350475,2212.707,2358.0205,,,0.0,0.0
1909-07-01,,,,,,,379.03225806451616,5.940256138760973,31.609297,45166.742,22.450598,22.97367,37467.746,45607.855,,,0.0,0.0
1909-08-01,,,,,,,1254.7096774193549,7.135456171757731,30.173277,93689.14,20.725885,21.542143,63706.95,106999.03,,,0.0,0.0
1909-09-01,,,,,,,475.2,6.165837934052762,27.14237,29015.826,17.417614,17.795244,35844.52,26216.672,,,0.0,0.0
1909-10-01,,,,,,,160.16129032258064,5.082405666760322,21.120104,0.0,12.491774,13.767457,17.458984,202.73047,,,0.0,0.0
1909-11-01,,,,,,,221.13333333333333,5.403277802184523,14.823662,19799.191,7.209305,7.948626,16456.623,24153.465,,,0.0,0.0
1909-12-01,,,,,,,354.2258064516129,5.8727536617773515,8.631683,40464.68,0.43010157,-0.6561864,33259.99,53395.656,,,0.0,0.0
1910-01-01,,,,,,,,,10.062275,34932.285,2.753325,2.0672665,47546.758,60932.312,,,0.0,0.0
1910-02-01,,,,,,,,,11.592323,796.99805,3.5203345,4.032384,2876.5078,4805.751,,,0.0,0.0
1910-03-01,,,,,,,,,18.308659,16277.823,9.659119,10.1373415,15313.684,38288.152,,,0.0,0.0
1910-04-01,,,,,,,,,20.562235,3704.4502,11.037807,12.388414,15426.332,9994.948,,,0.0,0.0
1910-05-01,,,,,,,,,25.482239,170.69238,16.148294,17.374132,4207.079,17.075195,,,0.0,0.0
1910-06-01,,,,,,,,,29.18954,3606.1367,20.090202,20.772873,7058.2676,9449.084,,,0.0,0.0
1910-07-01,,,,,,,,,31.923548,33328.676,22.616495,23.547167,36980.242,33842.195,,,0.0,0.0
1910-08-01,,,,,,,,,31.661999,41468.016,22.130878,23.110708,52929.168,46255.492,,,0.0,0.0
1910-09-01,,,,,,,,,29.45227,2423.958,19.690685,20.84666,4994.9834,5670.199,,,0.0,0.0
1910-10-01,,,,,,,,,21.839636,3809.1426,12.689772,13.599949,9702.738,17743.582,,,0.0,0.0
1910-11-01,,,,,,,,,15.701008,77458.03,7.2519765,8.674703,42194.78,50850.133,,,0.0,0.0
1910-12-01,,,,,,,,,12.2943125,11590.8,4.320086,5.106174,12324.798,23598.963,,,0.0,0.0
1911-01-01,,,,,,,,,12.682574,68877.91,4.5421143,4.693813,60626.64,87810.59,,,0.0,0.0
1911-02-01,,,,,,,,,11.505753,35107.973,3.436975,3.064609,58289.535,50638.562,,,0.0,0.0
1911-03-01,,,,,,,,,16.648378,19132.309,8.67747,8.939176,34576.164,52935.734,,,0.0,0.0
1911-04-01,,,,,,,,,18.923067,2189.8037,9.905514,10.568724,15928.6455,5091.913,,,0.0,0.0
1911-05-01,,,,,,,,,22.69874,1.5146484,13.8637295,14.138979,130.26758,352.46875,,,0.0,0.0
1911-06-01,,,,,,,,,28.272778,1963.3672,18.441236,19.421923,13485.466,8723.394,,,0.0,0.0
1911-07-01,,,,,,,,,30.688122,115407.414,20.332129,21.752533,88893.16,94107.67,,,0.0,0.0
1911-08-01,,,,,,,,,31.194021,35174.53,21.131464,21.783787,35862.617,51984.703,,,0.0,0.0
1911-09-01,,,,,,,,,27.779257,39468.234,19.249815,19.15412,53077.39,50974.906,,,0.0,0.0
1911-10-01,,,,,,,,,20.432434,54857.086,11.926702,12.551247,71432.08,57772.29,,,0.0,0.0
1911-11-01,,,,,,,,,14.005758,41.94922,5.6470733,6.121184,459.89746,84.32129,,,0.0,0.0
1911-12-01,,,,,,,,,7.154894,6041.5654,-0.34905937,0.023325928,17262.656,10450.274,,,0.0,0.0
1912-01-01,,,,,,,,,11.263934,0.0,1.6063343,3.968822,265.83008,387.5918,,,0.0,0.0
1912-02-01,,,,,,,,,12.162257,396.4082,3.7789733,5.165767,5237.5967,827.4824,,,0.0,0.0
1912-03-01,,,,,,,,,14.265972,98056.0,6.01183,5.285329,82560.05,107214.125,,,0.0,0.0
1912-04-01,,,,,,,,,16.791569,28676.309,7.657545,7.544273,26721.871,40059.77,,,0.0,0.0
1912-05-01,,,,,,,,,22.767471,10552.91,13.618997,14.133837,3984.9854,7164.1846,,,0.0,0.0
1912-06-01,,,,,,,,,29.520866,4376.747,19.639547,20.02564,11145.729,10114.295,,,0.0,0.0
1912-07-01,,,,,,,,,29.507757,66865.586,20.203457,20.805727,82717.14,72830.06,,,0.0,0.0
1912-08-01,,,,,,,,,29.279987,61706.48,20.163427,21.142752,51407.062,42688.836,,,0.0,0.0
1912-09-01,,,,,,,,,25.24709,1703.6582,15.990521,16.509708,7512.091,3663.5615,,,0.0,0.0
1912-10-01,,,,,,,,,19.771841,45220.7,10.850364,10.811362,50986.543,76401.92,,,0.0,0.0
1912-11-01,,,,,,,,,14.93196,279.7578,5.7028766,7.574244,700.61816,2128.583,,,0.0,0.0
1912-12-01,,,,,,,,,8.551386,26758.852,0.085314065,1.5080105,20262.84,18706.582,,,0.0,0.0
1913-01-01,,,,,,,,,7.766006,18787.404,-0.27358595,-0.15167071,18454.615,16930.055,,,0.0,0.0
1913-02-01,,,,,,,,,11.424007,80145.8,1.8779532,2.4151855,71700.61,81746.82,,,0.0,0.0
1913-03-01,,,,,,,,,12.768034,2496.88,4.4965844,4.5429997,12378.741,12751.653,,,0.0,0.0
1913-04-01,,,,,,,,,18.67119,21785.945,9.053726,10.50574,9319.803,6219.301,,,0.0,0.0
1913-05-01,,,,,,,,,22.482058,320.6455,13.994402,14.771712,407.44043,0.0,,,0.0,0.0
1913-06-01,,,,,,,,,27.36178,952.7549,18.27854,18.44073,4172.245,1033.1494,,,0.0,0.0
1913-07-01,,,,,,,,,29.863111,27722.908,20.629538,22.11123,39872.28,42623.414,,,0.0,0.0
1913-08-01,,,,,,,,,30.662323,28183.07,20.733023,21.949162,38557.445,55455.918,,,0.0,0.0
1913-09-01,,,,,,,,,27.676392,9662.693,16.64655,17.816013,25381.555,38132.496,,,0.0,0.0
1913-10-01,214.5483870967742,5.3731854184315555,,,,,204.3548387096774,5.324739403356892,20.225521,4475.0938,11.569597,11.946814,14985.005,8483.96,,,0.0,0.0
1913-11-01,255.83333333333334,5.548427366092061,,,,,338.53333333333336,5.827572125782394,16.218596,59404.336,7.9668655,8.014231,43204.305,57995.797,,,0.0,0.0
1913-12-01,339.51612903225805,5.830462493138068,,,,,306.4516129032258,5.728317718452479,9.876907,16873.236,0.9335125,1.6849399,33681.152,28929.906,,,0.0,0.0
1914-01-01,379.5806451612903,5.941698100077875,,,,,956.741935483871,6.864578363272659,11.779287,22408.582,3.7159126,4.3056784,24265.375,50260.254,,,0.0,0.0
1914-02-01,1318.7857142857142,7.185224664739894,,,,,3044.6428571428573,8.021467276791864,12.216107,37569.957,3.9575562,4.198584,26868.77,45324.344,,,0.0,0.0
1914-03-01,1010.0,6.918695219020472,,,,,716.5483870967741,6.5758403838223085,16.965418,24147.57,7.430933,8.718949,17311.973,13891.295,,,0.0,0.0
1914-04-01,1065.2,6.9718562043886605,,,,,251.46666666666667,5.531279226799585,19.716568,2545.4492,11.062811,11.557209,2983.7607,10874.419,,,0.0,0.0
1914-05-01,431.7741935483871,6.070216099017898,,,,,153.8709677419355,5.042592304045794,23.783812,5698.593,15.207347,15.019728,7344.331,6800.7256,,,0.0,0.0
1914-06-01,257.1333333333333,5.553476247294258,,,,,113.63333333333334,4.741738628770111,28.85318,6996.662,19.632494,19.720655,12263.762,20458.05,,,0.0,0.0
1914-07-01,592.5483870967741,6.3861187391119305,,,,,204.0,5.3230099791384085,31.478153,30076.674,20.08134,21.847153,85525.69,69935.28,,,0.0,0.0
1914-08-01,1058.9032258064517,6.965932886529334,,,,,234.38709677419354,5.461231379280473,31.430168,30370.688,21.13706,22.832634,55698.445,34114.8,,,0.0,0.0
1914-09-01,743.2666666666667,6.612399393554003,,,,,229.8,5.441551534633945,28.79715,7816.5205,18.476162,19.756922,8697.296,24199.867,,,0.0,0.0
1914-10-01,642.3870967741935,6.466746559854361,,,,,326.93548387096774,5.792816893521701,21.742485,89493.984,12.176817,12.702205,54500.047,52131.953,,,0.0,0.0
1914-11-01,500.56666666666666,6.217736533096723,,,,,269.73333333333335,5.601134326584088,17.639877,34772.223,8.0791,9.229092,22085.086,8066.912,,,0.0,0.0
1914-12-01,2574.3225806451615,7.853730079288655,,,,,652.0967741935484,6.4817253176735505,9.299602,129418.664,1.5348265,0.7360942,81953.64,74017.28,,,0.0,0.0
1915-01-01,2290.8387096774195,7.737109704362585,,,,,1242.258064516129,7.125490684214573,9.146574,81455.125,0.63970155,0.7101277,71426.55,77093.6,,,0.0,0.0
1915-02-01,3374.285714285714,8.124235255808163,,,,,2447.4285714285716,7.803201698337259,11.337758,53077.625,2.9300907,3.4570925,55251.324,63622.562,,,0.0,0.0
1915-03-01,3724.8387096774195,8.223047262430017,,,,,3590.967741935484,8.186455448851554,14.022215,16141.226,4.832172,6.54002,27766.312,21495.787,,,0.0,0.0
1915-04-01,6023.0,8.703506769479729,,,,,2180.5,7.687767992563664,18.410877,34726.258,9.744199,10.305367,46610.824,65745.54,,,0.0,0.0
1915-05-01,3693.548387096774,8.214613603205265,,,,,2662.5806451612902,7.887426603789167,20.907084,8697.923,11.845341,12.0686245,15425.383,18590.996,,,0.0,0.0
1915-06-01,1228.8333333333333,7.114633937830312,,,,,206.86666666666667,5.3368968485155115,27.993084,7382.5283,18.366203,18.997267,20229.977,9182.854,,,0.0,0.0
1915-07-01,1461.0,7.2875606403097235,,,,,326.83870967741933,5.79252174865262,30.713633,37758.93,21.05981,22.261822,65207.48,57704.99,,,0.0,0.0
1915-08-01,602.483870967742,6.40271931436063,,,,,348.5806451612903,5.856734279437849,31.113611,28393.133,20.422884,22.782873,38325.703,33457.992,,,0.0,0.0
1915-09-01,386.1,5.9586830575836025,,,,,231.13333333333333,5.447311919225924,26.134968,10681.5,16.49867,17.738039,25214.822,12108.872,,,0.0,0.0
1915-10-01,317.80645161290323,5.764584183891038,,,,,177.38709677419354,5.183955890031235,22.146542,464.37988,12.255072,14.018344,5061.2656,2824.1143,,,0.0,0.0
1915-11-01,374.6,5.928524747334108,,,,,248.53333333333333,5.519592506802219,14.481303,30770.59,6.3637924,7.202715,29123.29,24226.836,,,0.0,0.0
1915-12-01,377.9032258064516,5.9372808315973185,,,,,392.7096774193548,5.9756137783419145,9.956094,103789.29,2.3032563,2.2169216,67518.55,100996.69,,,0.0,0.0
1916-01-01,15991.258064516129,9.679860013150844,,,,,8231.129032258064,9.015799951863595,9.803891,132500.17,2.1183796,0.9012772,153093.5,140964.05,,,0.0,0.0
1916-02-01,4486.551724137931,8.409062559000398,,,,,3765.5172413793102,8.233906044815159,14.378971,13885.756,5.9810357,6.9060664,15895.731,21755.629,,,0.0,0.0
1916-03-01,8350.0,9.03013657115323,,,,,5183.870967741936,8.553500234672573,17.222614,29970.186,8.274054,9.304506,50830.11,48206.797,,,0.0,0.0
1916-04-01,4310.333333333333,8.369002493338428,,,,,696.0,6.546785410760524,19.360113,7320.1035,10.159319,11.301605,15709.926,8939.129,,,0.0,0.0
1916-05-01,1771.6129032258063,7.480209953543181,,,,,231.5483870967742,5.4490983199194325,22.57184,1621.5537,13.276525,14.035361,5328.661,4471.3936,,,0.0,0.0
1916-06-01,819.8333333333334,6.710320084378134,,,,,158.93333333333334,5.074757061737484,28.055325,0.0,18.829521,19.950047,0.0,0.0,,,0.0,0.0
1916-07-01,459.4516129032258,6.132207775045867,,,,,201.0,5.308267697401205,31.12196,47090.08,20.527979,22.742077,59385.965,59254.92,,,0.0,0.0
1916-08-01,692.1290322580645,6.541216175592582,,,,,507.51612903225805,6.231496933829748,29.77673,39818.617,19.407043,20.49193,54128.402,64876.734,,,0.0,0.0
1916-09-01,940.1666666666666,6.847120240444782,,,,,1296.0333333333333,7.167834884320301,26.6033,89280.24,16.844868,18.203304,36555.04,44942.656,,,0.0,0.0
1916-10-01,1409.5806451612902,7.251756703682703,,,,,725.8387096774194,6.5887045955294585,18.585037,32329.121,11.169675,10.842438,69094.82,66754.305,,,0.0,0.0
1916-11-01,453.5,6.119197913617533,,,,,326.8333333333333,5.792505349161004,13.154424,0.0,5.263711,5.9408484,53.808594,0.0,,,0.0,0.0
1916-12-01,308.5483870967742,5.735114419474439,,,,,340.4516129032258,5.833205979083819,8.12742,22535.691,0.5613344,0.38871145,23029.8,26173.23,,,0.0,0.0
1917-01-01,1512.1935483870968,7.321977629193809,,,,,1222.1612903225807,7.109194007876837,8.999656,86745.26,1.0519828,-0.638919,69012.21,74133.766,,,0.0,0.0
1917-02-01,1575.0,7.362645270417825,,,,,1495.357142857143,7.310788861898886,11.558776,32066.8,2.3679407,2.6793263,45227.35,36657.496,,,0.0,0.0
1917-03-01,1195.8064516129032,7.08741199792502,,,,,1758.7096774193549,7.472904118413728,12.917932,6154.8096,3.983164,4.023717,930.26074,4149.335,,,0.0,0.0
1917-04-01,2401.6666666666665,7.784334510620064,,,,,6002.333333333333,8.700070149501892,17.379715,37790.67,8.295702,8.172422,33764.652,83581.984,,,0.0,0.0
1917-05-01,1207.741935483871,7.097335374963548,,,,,1253.1612903225807,7.134222333593851,20.206617,16867.863,10.477131,11.223633,27210.219,31314.184,,,0.0,0.0
1917-06-01,478.0,6.171700597410915,,,,,234.4,5.461286194826176,28.745855,27.09961,19.49374,20.021353,417.81836,428.88867,,,0.0,0.0
1917-07-01,479.03225806451616,6.173853305944904,,,,,417.03225806451616,6.035558601950268,32.059402,94756.7,22.326633,23.678017,61463.188,73139.31,,,0.0,0.0
1917-08-01,449.5806451612903,6.110537073594237,,,,,726.516129032258,6.589636169290962,29.821798,15770.247,20.568008,21.581059,20459.822,43314.68,,,0.0,0.0
1917-09-01,297.7,5.699439725222064,,,,,388.53333333333336,5.964949441452227,28.147848,19222.322,17.448118,19.019922,31572.398,30530.46,,,0.0,0.0
1917-10-01,231.48387096774192,5.4488208504392945,,,,,247.0,5.5134287461649825,22.552822,1165.0283,13.404926,14.181254,777.85254,316.40625,,,0.0,0.0
1917-11-01,247.23333333333332,5.51436916404849,,,,,243.1,5.497577977398914,16.156696,0.0,7.665986,9.25479,0.0,0.734375,,,0.0,0.0
1917-12-01,242.25806451612902,5.494122873717501,,,,,265.9032258064516,5.58688614253621,12.433527,0.0,4.7156577,6.1822057,0.0,0.0,,,0.0,0.0
1918-01-01,274.7741935483871,5.619582391541087,,,,,393.93548387096774,5.978722419588769,9.230846,58734.67,0.13796407,1.2968798,60622.707,49111.6,,,0.0,0.0
1918-02-01,447.25,6.105351112485242,,,,,904.5,6.808487277323468,12.160054,23330.807,3.8072484,4.351386,41459.883,38103.76,,,0.0,0.0
1918-03-01,2030.1612903225807,7.616362972667803,,,,,4612.548387096775,8.436752555117241,15.758413,46689.844,7.4058795,7.232163,30636.168,91735.625,,,0.0,0.0
1918-04-01,674.9333333333333,6.516094451850369,,,,,355.23333333333335,5.875585946862741,18.584635,1336.9736,9.700405,9.938261,6732.843,4565.7344,,,0.0,0.0
1918-05-01,375.5483870967742,5.931046557167517,,,,,159.83870967741936,5.080402059598357,21.371674,709.9238,12.766814,13.002342,3545.0303,2802.4258,,,0.0,0.0
1918-06-01,292.93333333333334,5.683352984255728,,,,,137.3,4.929425238670713,31.078619,9953.652,21.604183,22.891558,20350.432,23614.39,,,0.0,0.0
1918-07-01,367.2903225806452,5.908871547191181,,,,,191.09677419354838,5.257999277304254,31.00666,51580.75,21.775198,22.154366,49131.09,42878.484,,,0.0,0.0
1918-08-01,392.48387096774195,5.975040078371255,,,,,544.5483870967741,6.301791503624872,28.628325,86557.484,20.532944,20.770134,53633.49,53522.9,,,0.0,0.0
1918-09-01,193.76666666666668,5.271802260892282,,,,,190.33333333333334,5.254017107651457,28.015509,19678.336,19.106663,19.249693,10746.712,11376.705,,,0.0,0.0
1918-10-01,183.2258064516129,5.216162214179716,,,,,193.38709677419354,5.2698515152051,21.719143,16344.958,12.822017,13.541875,19689.262,11306.201,,,0.0,0.0
1918-11-01,243.8,5.500441550638171,,,,,345.8,5.848748244906387,13.694378,34674.004,5.0367236,4.881236,53147.742,37190.555,,,0.0,0.0
1918-12-01,296.741935483871,5.696227123011751,,,,,457.7741935483871,6.1285581359583166,9.485629,62616.684,0.3835125,1.6040579,54859.117,55526.36,,,0.0,0.0
1919-01-01,253.58064516129033,5.53961766265736,,,,,345.4193548387097,5.84765004937307,9.689387,15495.354,-1.2349187,0.8887439,14950.77,15310.46,,,0.0,0.0
1919-02-01,986.25,6.8949233001667585,,,,,953.0357142857143,6.860701107105755,9.827418,40517.48,0.16779844,1.0069379,61679.016,59055.918,,,0.0,0.0
1919-03-01,1631.9354838709678,7.3981345844563755,,,,,1560.0,7.353081920515432,13.045461,35156.32,4.8763266,5.1150327,26509.207,26656.84,,,0.0,0.0
1919-04-01,3657.6666666666665,8.204854061297556,,,,,1332.9666666666667,7.1959122386571295,19.738537,7555.7744,11.223417,12.091358,18559.537,15918.378,,,0.0,0.0
1919-05-01,1233.0967741935483,7.11809462456183,,,,,173.06451612903226,5.1594260128425,23.764893,5133.833,15.302209,15.903046,17765.465,26910.96,,,0.0,0.0
1919-06-01,378.43333333333334,5.938678911663061,,,,,118.36666666666666,4.782199988336277,29.109238,1742.4082,20.119017,20.391779,8888.562,1720.8271,,,0.0,0.0
1919-07-01,3275.7419354838707,8.094604895364062,,,,,2125.8064516129034,7.662376815109174,30.66515,92279.26,20.823437,21.97475,109840.76,145068.44,,,0.0,0.0
1919-08-01,1611.8387096774193,7.385751079125115,,,,,905.6774193548387,6.809786730134151,30.81186,52335.125,21.142246,22.141008,45980.094,50842.207,,,0.0,0.0
1919-09-01,802.8333333333334,6.689391950840917,,,,,471.1,6.157190827552241,27.219545,66775.52,17.481642,18.99116,63077.27,59815.035,,,0.0,0.0
1919-10-01,469.16129032258067,6.153075806733547,,,,,741.4193548387096,6.609914251766195,18.671091,15568.512,10.606663,9.747566,20431.988,49668.324,,,0.0,0.0
1919-11-01,2149.5,7.673455652223791,,,,,2849.6,7.955284777420931,13.686792,77510.19,5.780278,5.7796125,70258.01,88269.42,,,0.0,0.0
1919-12-01,4595.096774193548,8.43296269492485,,,,,2229.516129032258,7.709988285670737,11.513936,11399.865,3.5169203,3.2215393,41260.227,14542.435,,,0.0,0.0
1920-01-01,2607.483870967742,7.8665244391838876,,,,,2235.2258064516127,7.7125448159613255,10.990413,70539.06,2.5746264,3.5128658,51804.293,53608.395,89576.0,,0.0,0.0
1920-02-01,9014.137931034482,9.106660435690586,,,,,8955.51724137931,9.100136729666346,13.37826,59602.664,5.0813017,5.3466187,63673.324,114639.016,90097.0002737476,,0.0,0.0
1920-03-01,2805.3548387096776,7.93964170979841,,,,,1883.4516129032259,7.541392136019481,13.545813,50131.93,4.880758,5.0864787,47949.74,50037.047,90584.38762660827,,0.0,0.0
1920-04-01,2124.5,7.661762347798845,,,,,1040.8333333333333,6.948737260703758,16.534105,656.9824,7.1076717,7.883148,9153.922,8355.055,91105.38790035587,,0.0,0.0
1920-05-01,1625.1612903225807,7.393977479728635,,,,,305.48387096774195,5.725165130721603,23.351189,7725.2666,14.295727,14.762832,8004.3174,19421.535,91609.58171366001,,0.0,0.0
1920-06-01,641.5,6.465366816769375,,,,,208.53333333333333,5.3448828356953575,27.760874,4025.3389,18.525723,19.194775,20470.055,3939.6143,92130.58198740761,,0.0,0.0
1920-07-01,304.83870967741933,5.723057870432813,,,,,179.70967741935485,5.196891751334908,31.790388,20570.914,21.778006,23.195194,30643.293,25065.156,92634.77580071174,,0.0,0.0
1920-08-01,480.4516129032258,6.176805733775657,,,,,455.5483870967742,6.123694690248692,29.536135,47139.66,19.932146,21.058153,45324.125,50730.734,93155.77607445935,,0.0,0.0
1920-09-01,298.73333333333335,5.702893190471317,,,,,227.7,5.432411101028736,26.352568,11751.544,17.450104,17.66414,26073.564,19420.137,93676.77634820696,,0.0,0.0
1920-10-01,293.4193548387097,5.685005128031731,,,,,240.83870967741936,5.488271015017916,18.889706,32602.54,10.590737,10.880194,48604.594,44563.125,94180.97016151108,,0.0,0.0
1920-11-01,495.6,6.207784873074067,,,,,463.06666666666666,6.140028220066457,14.372949,1176.2207,6.024561,6.261191,17218.59,7912.254,94701.97043525869,,0.0,0.0
1920-12-01,326.4193548387097,5.791241779984787,,,,,341.7741935483871,5.837071902525742,9.02431,2267.2178,1.1309812,1.2979499,10483.178,8531.538,95206.16424856283,,0.0,0.0
1921-01-01,317.16129032258067,5.762558456468847,,,,,315.3225806451613,5.756762517726032,9.970192,14954.909,3.6115124,2.6279848,13472.687,33706.008,95727.16452231043,,0.0,0.0
1921-02-01,369.35714285714283,5.914467791048369,,,,,334.67857142857144,5.816154069445098,13.192766,6580.997,4.4914923,5.1860375,18006.098,10116.873,96248.16479605803,,0.0,0.0
1921-03-01,394.64516129032256,5.980517752207444,,,,,522.4193548387096,6.260382968469864,17.161537,8736.865,8.417362,8.806834,7518.2305,26157.934,96718.74568847523,,0.0,0.0
1921-04-01,318.5,5.766757273817589,,,,,235.6,5.466370951544286,17.930798,6567.331,8.597161,9.574653,9115.023,15339.426,97239.74596222283,,0.0,0.0
1921-05-01,290.4193548387097,5.674763311729404,,,,,167.38709677419354,5.126265476391538,22.038275,5737.3516,13.500181,13.520971,9351.389,21437.37,97743.93977552696,,0.0,0.0
1921-06-01,224.2,5.4169888962655355,,,,,125.9,4.843399374720342,28.683084,406.37207,19.701624,20.380665,8418.671,5205.1406,98264.94004927456,,0.0,0.0
1921-07-01,698.8064516129032,6.550803799115016,,,,,296.4516129032258,5.695251566053995,31.033646,71445.58,21.153597,22.898214,110035.05,84282.03,98769.1338625787,,0.0,0.0
1921-08-01,3607.4193548387098,8.191025103596585,,,,,1694.6774193548388,7.4358375974092725,29.806057,89212.625,19.645214,21.308647,100566.78,86590.2,99290.1341363263,,0.0,0.0
1921-09-01,1076.5,6.9823988219779025,,,,,367.3333333333333,5.908988325283744,27.128769,17632.148,17.873688,18.498096,8787.261,16736.28,99811.13441007391,,0.0,0.0
1921-10-01,319.741935483871,5.770636860494927,,,,,442.16129032258067,6.0939337902886805,22.455345,16837.305,14.184108,14.664303,19362.395,41966.2,100315.32822337805,,0.0,0.0
1921-11-01,243.46666666666667,5.499078966969116,,,,,287.8666666666667,5.665965220637699,15.448487,4953.413,7.421055,8.151576,9420.136,11728.551,100836.32849712565,,0.0,0.0
1921-12-01,317.61290322580646,5.763976896422981,,,,,1436.9032258064517,7.270941238246195,12.797675,60149.938,4.7229123,5.0821586,35616.555,80710.39,101340.52231042978,,0.0,0.0
1922-01-01,591.7096774193549,6.384704696346265,,,,,2594.2258064516127,7.8614288077879655,8.456257,66325.65,0.6999437,0.35267222,63492.72,84790.47,101861.5225841774,,0.0,0.0
1922-02-01,1041.0714285714287,6.948965769456637,,,,,2749.214285714286,7.919434109702772,11.343819,21039.85,2.9075124,2.5476909,17067.88,24384.248,102382.522857925,,0.0,0.0
1922-03-01,1994.3548387096773,7.598577177522911,,,,,3279.0,8.09559870137819,12.404694,42042.746,4.4412813,5.0080395,44059.758,57180.883,102853.10375034218,,0.0,0.0
1922-04-01,1911.3333333333333,7.556079415933762,,,,,1070.2,6.9765347943769624,16.116346,9820.521,7.581358,8.358092,24334.281,12182.15,103374.10402408979,,0.0,0.0
1922-05-01,919.3870967741935,6.824794338912782,,,,,256.48387096774195,5.550957081123533,23.811321,10541.729,14.267653,14.983827,9766.243,19781.357,103878.29783739393,,0.0,0.0
1922-06-01,389.23333333333335,5.966744850817517,,,,,162.76666666666668,5.098442650506493,29.386404,6677.1855,20.642744,21.137266,15782.269,12980.175,104399.29811114153,,0.0,0.0
1922-07-01,330.48387096774195,5.803579153744628,,,,,208.5483870967742,5.344954677356368,32.116837,29500.312,22.468908,23.72601,35378.688,40588.336,104903.49192444567,,0.0,0.0
1922-08-01,491.64516129032256,6.199789160920437,,,,,332.6774193548387,5.810174715966547,30.891376,47277.25,21.59903,22.44021,51139.336,52147.754,105424.49219819327,,0.0,0.0
1922-09-01,246.66666666666666,5.512083756049649,,,,,239.9,5.484381909620826,28.863813,19671.854,19.29845,20.025188,10149.534,29977.545,105945.49247194087,,0.0,0.0
1922-10-01,188.58064516129033,5.244814502127504,,,,,184.70967741935485,5.224184580190664,21.642986,2010.3018,13.024549,13.163906,10778.15,14335.205,106449.686285245,,0.0,0.0
1922-11-01,228.53333333333333,5.436048262236314,,,,,282.6666666666667,5.6477998399052645,12.404305,31787.184,4.619055,4.3331804,44840.984,48081.977,106970.6865589926,,0.0,0.0
1922-12-01,475.03225806451616,6.165485620978303,,,,,1229.1290322580646,7.114874347139244,12.013821,16908.447,4.07725,4.1922727,22052.646,22390.18,107474.88037229674,,0.0,0.0
1923-01-01,271.64516129032256,5.608171174250801,,,,,347.258064516129,5.852943769652749,12.167967,17842.918,3.9363673,4.2901444,21055.15,30363.293,107995.88064604434,,0.0,0.0
1923-02-01,499.60714285714283,6.215821647487854,,,,,1222.4642857142858,7.109441692194554,12.076796,21849.594,2.5826328,2.427186,40906.44,30212.371,108516.88091979196,,0.0,0.0
1923-03-01,1294.9354838709678,7.166988094709347,,,,,2207.3870967741937,7.70001770759903,13.722429,32093.84,4.412156,4.994508,35637.92,45643.742,108987.46181220915,,0.0,0.0
1923-04-01,1224.6666666666667,7.111240192633162,,,,,793.6333333333333,6.677880792328635,18.214935,3332.3174,9.423938,9.691161,10532.885,17392.191,109508.46208595675,,0.0,0.0
1923-05-01,639.0322580645161,6.461518578309324,,,,,193.19354838709677,5.26885533381772,24.535593,4999.2227,15.207785,15.998497,6962.7627,4372.2656,110012.65589926088,,0.0,0.0
1923-06-01,247.43333333333334,5.515174533219539,,,,,115.86666666666666,4.761033683819025,26.391531,9.438477,18.17208,17.612442,198.38379,323.42773,110533.6561730085,,0.0,0.0
1923-07-01,360.64516129032256,5.890663513668447,,,,,198.70967741935485,5.296864699034086,30.988977,48104.117,21.73361,22.764172,57677.32,50763.746,111037.84998631262,,0.0,0.0
1923-08-01,881.8064516129032,6.78310598248105,,,,,254.1290322580645,5.541769426034271,29.974468,39022.41,19.700718,20.868288,93055.05,63851.65,111558.85026006022,,0.0,0.0
1923-09-01,1852.0333333333333,7.524579214970477,,,,,1929.1333333333334,7.565344364141368,26.20174,30114.992,16.091965,16.930851,47539.33,53895.367,112079.85053380782,,0.0,0.0
1923-10-01,405.96774193548384,6.008733924157728,,,,,269.6774193548387,5.600927777384923,19.211697,9685.129,10.557869,10.952075,18489.352,10960.924,112584.04434711197,,0.0,0.0
1923-11-01,1006.2,6.9149294827301375,,,,,967.5,6.875748482847051,14.669019,84215.5,5.8606,6.840752,50965.98,51471.03,113105.04462085957,,0.0,0.0
1923-12-01,3261.5806451612902,8.090273770148828,,,,,3499.9032258064517,8.160776278700714,10.156182,99305.67,1.2053516,2.3557136,80045.55,85287.09,113609.23843416371,,0.0,0.0
1924-01-01,1197.4516129032259,7.088785680012472,,,,,993.8387096774194,6.90258062319212,8.925534,96.990234,0.7136625,0.9194084,3595.7373,1880.3184,114130.23870791131,,0.0,0.0
1924-02-01,526.0,6.267200548541362,,,,,358.2758620689655,5.884090511425709,13.731335,54.106445,4.8363767,6.065391,4189.336,457.02734,114651.23898165891,,0.0,0.0
1924-03-01,966.0645161290323,6.874265211044753,,,,,522.741935483871,6.260999073473642,12.225807,46868.01,3.455589,3.6836393,59799.656,52615.895,115138.62633451958,,0.0,0.0
1924-04-01,3161.6666666666665,8.059170832569396,,,,,1645.5,7.406407101816419,17.014057,10698.519,8.6131735,9.040901,19018.93,31648.846,115659.62660826718,,0.0,0.0
1924-05-01,1095.3225806451612,6.999716749608904,,,,,171.90322580645162,5.1527320495797015,24.95107,4666.4893,15.239364,15.529181,5434.7676,662.8154,116163.82042157132,,0.0,0.0
1924-06-01,383.93333333333334,5.953070159120671,,,,,99.2,4.607168188650764,30.179106,366.41797,21.357689,21.327166,2380.8125,5819.093,116684.82069531892,,0.0,0.0
1924-07-01,244.67741935483872,5.504019371986055,,,,,186.80645161290323,5.2354119198204225,31.437237,16721.93,21.776392,22.37873,57587.375,33592.77,117189.01450862305,,0.0,0.0
1924-08-01,263.4516129032258,5.577658296579137,,,,,104.7741935483871,4.661306572359502,30.958447,8822.006,21.544563,22.404133,28647.883,13287.924,117710.01478237065,,0.0,0.0
1924-09-01,196.76666666666668,5.287087884596488,,,,,201.8,5.312220271717028,28.22335,12042.9375,18.548872,18.817005,14559.108,40918.03,118231.01505611825,,0.0,0.0
1924-10-01,176.03225806451613,5.176331964920575,,,,,227.74193548387098,5.4325944488188505,19.961039,20912.332,12.392747,11.840383,13487.046,23416.3,118735.2088694224,,0.0,0.0
1924-11-01,196.5,5.285738584341177,,,,,212.33333333333334,5.362855887685608,15.33339,4139.3525,7.5294814,7.7428656,10433.854,5464.83,119256.20914317,,0.0,0.0
1924-12-01,222.4516129032258,5.4091948935374585,,,,,433.3225806451613,6.073787531385496,9.348284,52113.47,0.29858124,0.87053466,60335.312,77147.555,119760.40295647414,,0.0,0.0
1925-01-01,202.58064516129033,5.316062217099093,,,,,298.35483870967744,5.7016296212951,9.2088785,2268.9277,0.19406874,0.8249578,5563.3457,6442.051,120281.40323022174,,0.0,0.0
1925-02-01,227.42857142857142,5.431223563778641,,,,,328.82142857142856,5.798551382458136,13.759772,1834.5381,5.2765737,6.0296617,12789.179,8969.5,120802.40350396934,,0.0,0.0
1925-03-01,966.516129032258,6.874732095599355,,,,,413.0,6.025865973825314,16.217257,9005.487,7.6290064,7.97582,52287.926,25122.715,121272.98439638653,,0.0,0.0
1925-04-01,640.3,6.463497366154817,,,,,451.8333333333333,6.115524140198293,19.219011,24416.918,11.123798,11.237108,12687.087,41177.883,121793.98467013414,,0.0,0.0
1925-05-01,260.38709677419354,5.566002437975579,,,,,204.0,5.3230099791384085,24.944153,696.4717,16.070013,16.903538,8953.646,2404.6396,122298.17848343827,,0.0,0.0
1925-06-01,195.23333333333332,5.279304427366106,,,,,123.8,4.826712455935327,28.024126,9298.596,19.20192,19.881502,22344.465,25280.438,122819.17875718587,,0.0,0.0
1925-07-01,258.64516129032256,5.559315934608588,,,,,204.16129032258064,5.323796451849022,32.031563,19246.129,22.402832,24.15558,49481.94,48936.055,123323.37257049001,,0.0,0.0
1925-08-01,571.6774193548387,6.350322590221651,,,,,354.06451612903226,5.872299508538245,30.063496,47535.43,19.86599,21.104269,56293.06,52281.652,123844.37284423762,,0.0,0.0
1925-09-01,897.6333333333333,6.800875090688033,,,,,1127.5333333333333,7.028674133555816,26.70803,52075.6,16.880924,17.425455,53495.86,77450.96,124365.37311798522,,0.0,0.0
1925-10-01,404.93548387096774,6.0061942402529676,,,,,779.2258064516129,6.659583373238701,19.39816,53475.676,12.2170515,11.789704,40143.766,62178.246,124869.56693128936,,0.0,0.0
1925-11-01,294.1333333333333,5.687427231629931,,,,,341.1333333333333,5.835200524633317,13.754272,9812.613,5.429311,6.1504326,12405.508,21225.74,125390.56720503696,,0.0,0.0
1925-12-01,247.3548387096774,5.514858524792904,,,,,367.80645161290323,5.9102719850568235,11.099331,14982.59,1.6638203,3.9342103,13724.905,12377.299,125894.76101834109,,0.0,0.0
1926-01-01,238.96774193548387,5.480504505706195,,,,,298.16129032258067,5.70098286046626,8.4740305,16271.798,-0.30614218,1.4967548,20293.746,10619.228,126415.76129208869,,0.0,0.0
1926-02-01,268.67857142857144,5.597230773628222,,,,,293.10714285714283,5.683944132436537,13.087901,14739.708,4.664044,5.4688435,17556.025,23564.055,126936.76156583629,,0.0,0.0
1926-03-01,1304.8387096774193,7.174600802728385,,,,,720.1612903225806,6.580862815904442,16.135895,42153.086,6.174917,7.452026,80076.79,41343.45,127407.3424582535,,0.0,0.0
1926-04-01,4245.666666666667,8.353889640458044,,,,,4422.566666666667,8.394701587832065,19.489716,49273.836,9.522236,10.781733,61203.58,88972.89,127928.3427320011,,0.0,0.0
1926-05-01,2013.3870967741937,7.608070257776216,,,,,407.741935483871,6.013083992313762,23.420147,8700.747,13.938464,14.62125,28445.994,13005.452,128432.53654530522,,0.0,0.0
1926-06-01,464.53333333333336,6.143183701743825,,,,,117.16666666666667,4.772096057304073,29.803009,557.54395,19.378378,21.014534,7216.545,4448.885,128953.53681905284,,0.0,0.0
1926-07-01,327.80645161290323,5.795469284683267,,,,,193.48387096774192,5.270349234004259,31.189468,61600.996,20.866682,22.406406,49053.89,36186.53,129457.73063235698,,0.0,0.0
1926-08-01,332.7096774193548,5.810271385694497,,,,,248.25806451612902,5.518488763448437,30.287983,20615.408,21.03749,22.012459,15122.404,21840.371,129978.73090610458,,0.0,0.0
1926-09-01,326.53333333333336,5.791589831066438,,,,,346.53333333333336,5.850860583665896,28.239601,69315.3,18.913094,19.112967,40687.203,34962.91,130499.73117985218,,0.0,0.0
1926-10-01,250.90322580645162,5.529044989177529,,,,,246.48387096774192,5.511345412078128,22.27556,7238.6484,13.648893,14.129556,16619.7,13161.173,131003.92499315631,,0.0,0.0
1926-11-01,254.53333333333333,5.543352864278345,,,,,214.83333333333334,5.374506504905583,15.528823,2224.9023,7.4893765,8.259084,8163.2217,12111.884,131524.9252669039,,0.0,0.0
1926-12-01,375.741935483871,5.931560431793419,,,,,432.06451612903226,6.070886714891919,9.959833,101033.125,0.675975,1.0938832,72462.64,90322.32,132029.11908020807,,0.0,0.0
1927-01-01,350.35483870967744,5.861796649308504,,,,,319.5806451612903,5.77013386767712,12.007364,4021.6816,4.431205,4.521433,6098.6973,15090.07,132550.11935395567,,0.0,0.0
1927-02-01,4549.928571428572,8.423086572755826,,,,,7079.571428571428,8.86510989368107,13.5373745,75641.48,5.7184873,5.572544,55161.14,112731.39,133071.11962770327,,0.0,0.0
1927-03-01,2300.3225806451615,7.741239271711047,,,,,2029.258064516129,7.615918189333491,13.903957,28732.252,5.476961,6.0709963,35626.945,36899.168,133541.70052012044,,0.0,0.0
1927-04-01,2159.0,7.67786350067821,,,,,808.7666666666667,6.696746140323928,18.397484,18407.023,9.359908,10.197064,28701.918,19073.957,134062.70079386805,,0.0,0.0
1927-05-01,1306.483870967742,7.175859860083062,,,,,194.83870967741936,5.2772914106452875,23.804382,4361.0605,14.587213,15.404314,9015.061,5719.618,134566.89460717217,,0.0,0.0
1927-06-01,528.2666666666667,6.271492400622903,,,,,202.03333333333333,5.31337016917433,27.855904,8463.75,18.555538,19.524904,31177.564,27693.988,135087.8948809198,,0.0,0.0
1927-07-01,338.0,5.82600010738045,,,,,259.48387096774195,5.562540943605711,32.06924,15166.986,21.98699,23.60721,41474.133,38041.875,135592.08869422393,,0.0,0.0
1927-08-01,435.19354838709677,6.078086063165477,,,,,473.9032258064516,6.163111048133505,30.216825,59166.992,20.123589,21.1508,56510.242,80368.67,136113.08896797153,,0.0,0.0
1927-09-01,615.6333333333333,6.4242745738892335,,,,,1828.8333333333333,7.511980167006677,27.483797,56776.957,17.580553,18.104351,53061.32,103094.19,136634.08924171914,,0.0,0.0
1927-10-01,223.19354838709677,5.412509734073692,,,,,278.5806451612903,5.633290784649199,21.394484,22733.393,12.391211,13.007744,7036.5938,21536.33,137138.28305502326,,0.0,0.0
1927-11-01,212.96666666666667,5.365820239649623,,,,,297.2,5.697764402330638,16.795422,16701.31,8.564779,8.782324,6005.1445,9570.292,137659.2833287709,,0.0,0.0
1927-12-01,250.2258064516129,5.526352162006944,,,,,424.35483870967744,6.052923735188099,9.511051,50405.85,0.7660516,0.47829008,47204.54,59899.812,138163.47714207502,,0.0,0.0
1928-01-01,219.06451612903226,5.3939207584934445,,,,,479.7096774193548,6.175263506628527,10.783793,2073.6729,2.5999985,3.2943892,6329.4707,13703.335,138684.47741582262,,0.0,0.0
1928-02-01,628.1034482758621,6.444295707845117,,,,,1421.3793103448277,7.260086319058258,11.874043,42871.81,2.8625875,3.8735664,64074.047,50602.996,139205.47768957022,,0.0,0.0
1928-03-01,818.5483870967741,6.70875344109826,,,,,995.483870967742,6.904232953839714,16.470917,4395.1436,7.3776937,8.241593,7433.5156,8293.484,139692.86504243087,,0.0,0.0
1928-04-01,658.3333333333334,6.491229223514548,,,,,240.6,5.48728346606066,18.462633,779.4004,9.220934,10.439656,14275.121,10176.072,140213.86531617848,,0.0,0.0
1928-05-01,506.80645161290323,6.230100374217249,,,,,168.58064516129033,5.133328596334302,25.078838,2764.005,15.877988,16.535107,20284.617,16538.945,140718.05912948263,,0.0,0.0
1928-06-01,254.13333333333333,5.541786284323492,,,,,112.33333333333333,4.7303333289420975,28.519629,0.30664062,19.673773,20.122377,20.711914,763.7842,141239.05940323023,,0.0,0.0
1928-07-01,300.5483870967742,5.708930491173603,,,,,132.51612903225808,4.894222287263586,32.137245,29901.488,22.293442,23.3677,55996.17,37745.656,141743.25321653436,,0.0,0.0
1928-08-01,361.38709677419354,5.892712968607232,,,,,482.19354838709677,6.180417294683573,30.2747,39030.33,20.5241,21.928133,58636.176,36561.023,142264.25349028196,,0.0,0.0
1928-09-01,232.26666666666668,5.452182291265478,,,,,188.93333333333334,5.246673133395698,28.422245,16248.828,18.635609,19.965784,7612.26,4734.6826,142785.25376402956,,0.0,0.0
1928-10-01,254.4516129032258,5.543033009725266,,,,,263.1290322580645,5.576437742296034,21.84519,17853.967,13.170414,13.231419,43863.633,40912.445,143289.44757733372,,0.0,0.0
1928-11-01,261.8,5.571393286610456,,,,,274.8333333333333,5.619796818583108,14.957736,6568.0723,5.8527875,6.4916368,20554.918,21105.39,143810.44785108132,,0.0,0.0
1928-12-01,251.3548387096774,5.5308361871999345,,,,,302.80645161290323,5.716390826318354,10.468901,29315.066,1.6929874,1.7991184,20202.254,33168.125,144314.64166438545,,0.0,0.0
1929-01-01,271.1290322580645,5.606276337113519,,,,,319.6774193548387,5.7704356937269985,9.115243,35940.98,1.1160078,0.70501214,23803.023,32300.73,144835.64193813305,,0.0,0.0
1929-02-01,279.07142857142856,5.635044672677073,,,,,411.5357142857143,6.022322782113476,10.61056,14178.309,1.0620453,1.2501284,28146.176,25042.035,145356.64221188065,,0.0,0.0
1929-03-01,663.0645161290323,6.4983793076013585,,,,,1368.3870967741937,7.222118544102913,14.131419,7485.751,5.268725,5.8105,20293.176,20448.91,145827.22310429782,,0.0,0.0
1929-04-01,1714.4666666666667,7.447440431428681,,,,,2139.9333333333334,7.66899715000742,17.318188,12954.117,8.674186,9.136477,28743.857,29548.67,146348.22337804546,,0.0,0.0
1929-05-01,435.64516129032256,6.079120877360858,,,,,149.2258064516129,5.012139538497231,23.91452,120.56738,14.686142,15.034189,7947.004,2584.5273,146852.41719134958,,0.0,0.0
1929-06-01,203.43333333333334,5.320241923963828,,,,,115.7,4.75960653929251,28.481718,391.56836,19.905035,20.30601,1124.794,713.96094,147373.41746509718,,0.0,0.0
1929-07-01,308.64516129032256,5.73542700087839,,,,,164.0,5.10594547390058,31.826054,36907.59,21.765865,23.174181,73576.53,59798.023,147877.6112784013,,0.0,0.0
1929-08-01,1096.032258064516,7.00036386555348,,,,,581.1290322580645,6.3666921280693,30.75723,74913.625,20.567041,21.615553,60418.59,63656.867,148398.6115521489,,0.0,0.0
1929-09-01,1022.2666666666667,6.930755403211198,,,,,390.26666666666665,5.969389339456124,27.563097,36945.16,17.888123,18.842207,59201.047,35601.96,148919.61182589654,,0.0,0.0
1929-10-01,417.51612903225805,6.036715429287854,,,,,175.41935483870967,5.172863858861627,22.364582,2931.6611,12.658139,13.3976555,23680.484,6630.132,149423.80563920067,,0.0,0.0
1929-11-01,267.26666666666665,5.591981510677365,,,,,217.36666666666667,5.386175607069721,13.432806,3031.877,4.7095127,5.745236,9290.926,1367.9756,149944.80591294827,,0.0,0.0
1929-12-01,224.32258064516128,5.417533067205916,,,,,233.7741935483871,5.4586241736869585,12.322941,6.1416016,4.319775,5.308206,312.3252,34.112305,150448.9997262524,,0.0,0.0
1930-01-01,296.7096774193548,5.69611877478043,,,,,290.5483870967742,5.675205985486079,9.5467005,65204.53,0.5265375,0.53608483,65327.035,74570.08,150970.0,126889.0,0.0,0.0
1930-02-01,572.75,6.352193761374755,,,,,443.39285714285717,6.096708984600427,14.669591,7675.716,5.596747,6.383019,12943.673,14405.911,151268.9904162103,127282.32311062432,0.0,0.0
1930-03-01,1748.9354838709678,7.467334199878532,,,,,1341.0967741935483,7.201988426849384,14.680168,65940.97,5.3750377,6.195287,47549.13,55990.344,151539.04627601313,127637.58269441401,0.0,0.0
1930-04-01,1660.3333333333333,7.415375771799179,,,,,545.0,6.302618975744905,20.722748,7922.843,11.597592,12.636419,14379.219,20475.512,151838.03669222345,128030.90580503833,0.0,0.0
1930-05-01,592.8387096774194,6.386607749961416,,,,,175.4516129032258,5.173046690930881,20.694864,25466.943,11.922955,12.207318,27266.246,31043.277,152127.38225629792,128411.54107338445,0.0,0.0
1930-06-01,282.3,5.646506406836471,,,,,98.76666666666667,4.602834126190544,28.867691,4848.88,20.410748,20.691483,6021.4834,6780.2363,152426.3726725082,128804.86418400877,0.0,0.0
1930-07-01,543.7096774193549,6.300252950744299,,,,,311.5483870967742,5.744759295899858,31.629868,34668.938,21.649708,22.459875,88388.59,83679.44,152715.7182365827,129185.49945235488,0.0,0.0
1930-08-01,941.1290322580645,6.84814224211527,,,,,624.483870967742,6.438525543751552,30.481329,55617.664,20.7647,21.538465,38832.016,52404.676,153014.708652793,129578.82256297919,0.0,0.0
1930-09-01,260.53333333333336,5.566561745107343,,,,,282.9,5.648622063478926,26.521563,22657.848,17.128271,17.90335,19875.137,41429.0,153313.69906900328,129972.1456736035,0.0,0.0
1930-10-01,158.80645161290323,5.073963405564158,,,,,224.90322580645162,5.420106703170371,19.928953,9948.173,11.516639,11.745697,5767.662,14136.96,153603.04463307778,130352.78094194962,0.0,0.0
1930-11-01,279.6,5.6369301676683605,,,,,513.9,6.243972707052095,14.635582,36608.836,5.099606,5.9638314,74321.07,51241.85,153902.03504928807,130746.10405257394,0.0,0.0
1930-12-01,234.51612903225808,5.46177939957094,,,,,356.4193548387097,5.878909755816129,10.022757,810.2539,0.78795,2.0339253,7924.503,1279.8242,154191.38061336253,131126.73932092005,0.0,0.0
1931-01-01,193.4516129032258,5.270183355261239,,,,,228.93548387096774,5.437798764665499,10.226986,7419.4307,1.1117328,2.465801,13385.887,11709.798,154490.37102957282,131520.06243154436,0.0,0.0
1931-02-01,2550.3928571428573,7.844394707516849,,,,,3018.714285714286,8.01291749851398,13.249301,137033.08,4.436542,4.798743,77297.266,98965.52,154789.36144578314,131913.38554216866,0.0,0.0
1931-03-01,815.6451612903226,6.705204681410049,,,,,638.7096774193549,6.461014444400684,15.276029,1679.7012,6.3320017,7.2363954,22131.426,4582.711,155059.417305586,132268.64512595837,0.0,0.0
1931-04-01,1300.5,7.17127272443462,,,,,252.3,5.5345745570076295,20.36017,21807.588,10.8294325,12.267982,48349.9,35606.97,155358.40772179628,132661.9682365827,0.0,0.0
1931-05-01,983.3225806451613,6.891953669188001,,,,,245.58064516129033,5.507689100875018,25.11081,1451.0068,15.3248,16.05488,6764.7314,9600.949,155647.75328587077,133042.60350492882,0.0,0.0
1931-06-01,264.2,5.580484258311707,,,,,97.0,4.584967478670572,28.817427,4368.4336,19.824327,20.161942,24190.143,12918.558,155946.74370208106,133435.92661555312,0.0,0.0
1931-07-01,310.0,5.739792912179234,,,,,161.3548387096774,5.089784302291213,33.58267,42729.098,22.765364,24.69678,65793.516,53855.684,156236.08926615553,133816.56188389924,0.0,0.0
1931-08-01,944.1290322580645,6.8513214602447485,,,,,779.0967741935484,6.659417981466564,30.267834,103817.34,20.492233,21.86972,66678.17,99642.516,156535.07968236582,134209.88499452354,0.0,0.0
1931-09-01,1207.3333333333333,7.096997278620665,,,,,376.0,5.932245187448011,28.313107,14095.703,18.718124,18.974524,57681.85,29368.992,156834.07009857614,134603.20810514787,0.0,0.0
1931-10-01,1101.3548387096773,7.005203933082876,,,,,213.06451612903226,5.366277446825189,21.404633,19146.81,12.789822,13.2095,24867.547,23042.164,157123.4156626506,134983.843373494,0.0,0.0
1931-11-01,653.0,6.483107351457199,,,,,599.9666666666667,6.398539469880045,13.22556,77083.15,4.403658,4.3063645,96346.12,66972.68,157422.4060788609,135377.1664841183,0.0,0.0
1931-12-01,1092.3548387096773,6.997006082068171,,,,,948.0322580645161,6.855442789670282,8.726638,53535.742,-0.5301266,0.015118723,37307.37,57012.383,157711.7516429354,135757.8017524644,0.0,0.0
1932-01-01,708.9032258064516,6.5651286590643885,,,,,477.6774193548387,6.17102692452098,7.1532016,13252.746,-1.9608063,-1.3783964,38879.86,20452.758,158010.74205914568,136151.1248630887,0.0,0.0
1932-02-01,5928.9655172413795,8.687773677007137,,,,,6453.517241379311,8.77253551216162,12.311233,87636.8,4.029736,3.7874968,58279.16,119163.766,158309.73247535597,136544.44797371305,0.0,0.0
1932-03-01,3488.7096774193546,8.157573824750385,,,,,3640.0,8.200013648175434,15.165234,5470.461,5.7267656,6.6912694,15443.936,10281.614,158589.43318729463,136912.39539978094,0.0,0.0
1932-04-01,3143.3333333333335,8.053357169981744,,,,,777.1333333333333,6.656897889100412,18.702448,4625.751,9.7501,10.617671,23263.121,14446.887,158888.42360350493,137305.71851040525,0.0,0.0
1932-05-01,1198.225806451613,7.089431466279668,,,,,199.1290322580645,5.298962319811283,23.163887,71.24414,14.004528,14.549301,3405.9287,6692.384,159177.76916757942,137686.35377875136,0.0,0.0
1932-06-01,437.73333333333335,6.083891787353909,,,,,137.46666666666667,4.930629622773902,28.121054,6574.449,18.293947,19.181028,5083.8955,12024.201,159476.7595837897,138079.6768893757,0.0,0.0
1932-07-01,480.35483870967744,6.176604708546313,,,,,224.09677419354838,5.416530417261574,31.998844,37721.918,21.714792,23.136896,73375.55,49339.36,159766.10514786417,138460.31215772178,0.0,0.0
1932-08-01,816.0,6.705639094860003,,,,,246.67741935483872,5.512127171075597,31.390085,34056.23,21.13509,22.421438,41852.375,39067.227,160065.09556407447,138853.63526834612,0.0,0.0
1932-09-01,505.06666666666666,6.226668412914558,,,,,134.0,4.90527477843843,29.04021,14169.616,18.268454,19.706991,14267.503,22571.348,160364.08598028478,139246.95837897042,0.0,0.0
1932-10-01,277.258064516129,5.628548972722642,,,,,292.38709677419354,5.681492886467076,20.78864,45189.4,11.309423,12.332336,33348.7,30633.809,160653.43154435925,139627.59364731653,0.0,0.0
1932-11-01,219.23333333333332,5.39468759036773,,,,,208.0,5.342334251964811,16.213093,2.9160156,7.138284,8.767123,0.0,16.831055,160952.42196056954,140020.91675794084,0.0,0.0
1932-12-01,262.9032258064516,5.575582467028552,,,,,294.06451612903226,5.687194031171218,8.486827,69283.27,-0.6443578,-0.6890884,45622.406,52036.914,161241.76752464403,140401.55202628695,0.0,0.0
1933-01-01,261.1290322580645,5.568836872062525,,,,,382.16129032258067,5.948456024090659,8.205209,98061.26,-0.7871297,-0.63310885,31358.39,70613.27,161540.75794085432,140794.8751369113,0.0,0.0
1933-02-01,503.57142857142856,6.223709412668537,,,,,364.10714285714283,5.90019085258181,8.6995125,9989.061,-0.20693438,-0.63883746,35487.273,10400.223,161839.7483570646,141188.1982475356,0.0,0.0
1933-03-01,1558.7096774193549,7.352254978705681,,,,,726.0967741935484,6.589059583108621,15.070606,5.1884766,6.2308784,7.1305223,1279.7686,370.98535,162109.80421686746,141543.4578313253,0.0,0.0
1933-04-01,1147.7666666666667,7.046444182088407,,,,,299.43333333333334,5.7052258768942545,16.494558,28905.365,7.5367985,8.295191,27376.0,28101.234,162408.79463307778,141936.7809419496,0.0,0.0
1933-05-01,996.0967741935484,6.904847830641016,,,,,344.48387096774195,5.844945958956648,20.787476,1872.2461,11.347372,11.987277,13755.568,8524.496,162698.14019715224,142317.41621029572,0.0,0.0
1933-06-01,521.9666666666667,6.2595177271708,,,,,148.26666666666668,5.005734415496545,29.028349,4128.2617,19.853737,20.273054,17068.93,7367.086,162997.13061336253,142710.73932092005,0.0,0.0
1933-07-01,473.7741935483871,6.162839309001398,,,,,182.29032258064515,5.211071357928987,33.526695,20626.77,22.742647,24.390686,58618.37,47325.72,163286.47617743703,143091.37458926614,0.0,0.0
1933-08-01,453.3225806451613,6.118807475789797,,,,,163.96774193548387,5.105749951365985,31.869806,28412.375,21.302786,22.824722,43934.547,44773.797,163585.46659364732,143484.69769989047,0.0,0.0
1933-09-01,381.76666666666665,5.947425578114034,,,,,231.46666666666667,5.448746845573441,29.29072,32941.688,19.28406,20.458103,44438.066,38876.54,163884.4570098576,143878.02081051478,0.0,0.0
1933-10-01,442.83870967741933,6.0954612299426705,,,,,232.6451612903226,5.45380355971018,23.829233,24920.574,13.994977,14.858301,46307.35,28452.215,164173.8025739321,144258.6560788609,0.0,0.0
1933-11-01,280.3666666666667,5.639658682321564,,,,,206.3,5.334167019441734,16.226255,34521.438,7.4864373,8.387983,39965.523,29704.77,164472.7929901424,144651.97918948522,0.0,0.0
1933-12-01,293.5806451612903,5.68555280316454,,,,,253.16129032258064,5.5379690667605415,11.333076,2066.2979,4.1921625,4.8293257,5513.4707,10773.7705,164762.13855421686,145032.6144578313,0.0,0.0
1934-01-01,240.38709677419354,5.486401855595212,,,,,259.7741935483871,5.563654874038365,11.040933,10602.476,2.9165375,3.8421783,4829.1787,14091.284,165061.12897042718,145425.93756845564,0.0,0.0
1934-02-01,245.17857142857142,5.506057172710448,,,,,269.2857142857143,5.59947960055651,14.835616,23364.133,5.848125,6.591148,28005.809,22896.45,165360.11938663747,145819.26067907995,0.0,0.0
1934-03-01,410.8709677419355,6.0207101152044435,,,,,225.96774193548387,5.4248079013723025,19.242664,2898.7861,9.442572,11.180067,8559.533,7920.7383,165630.1752464403,146174.52026286966,0.0,0.0
1934-04-01,319.06666666666666,5.7685293074287305,,,,,257.46666666666664,5.554766736568719,21.968407,5863.1836,12.21164,13.259077,18851.605,40046.688,165929.1656626506,146567.843373494,0.0,0.0
1934-05-01,198.1290322580645,5.293953017908749,,,,,120.38709677419355,4.798984586108291,26.879992,6885.037,17.52652,17.868858,16513.684,26942.514,166218.5112267251,146948.47864184008,0.0,0.0
1934-06-01,120.7,4.801558999993482,,,,,105.53333333333333,4.6684579252240095,26.84488,4344.619,17.974295,18.182327,6209.256,3389.9424,166517.5016429354,147341.8017524644,0.0,0.0
1934-07-01,178.90322580645162,5.192419071904408,,,,,124.19354838709677,4.82986092688376,33.019028,9053.425,23.12979,24.237488,28008.059,19756.064,166806.84720700985,147722.43702081052,0.0,0.0
1934-08-01,750.8064516129032,6.622478912648062,,,,,451.5806451612903,6.114965968611361,30.703476,77571.41,21.769592,22.455856,96138.94,79708.31,167105.83762322014,148115.76013143483,0.0,0.0
1934-09-01,422.96666666666664,6.049654835789329,,,,,215.0,5.375278407684165,27.754333,8761.267,17.697252,18.861122,28832.816,8820.546,167404.82803943046,148509.08324205913,0.0,0.0
1934-10-01,181.38709677419354,5.206131333768389,956.3870967741935,6.864207799506186,,,165.96774193548387,5.11780063169559,22.533169,106.42285,13.3934145,14.57176,1202.5332,958.5488,167694.17360350493,148889.71851040525,0.0,0.0
1934-11-01,204.3,5.324472324024888,408.3666666666667,6.014611249948229,,,267.4,5.592478405097527,15.530129,26984.604,7.0113688,7.559279,30942.45,26664.367,167993.16401971522,149283.04162102958,0.0,0.0
1934-12-01,209.67741935483872,5.350328145417511,53.29032258064516,3.9943459897056597,,,316.6774193548387,5.761036463379143,12.120159,55112.945,3.3706734,4.394171,30151.824,45352.4,168282.5095837897,149663.67688937567,0.0,0.0
1935-01-01,858.5806451612904,6.756444648415854,9.580645161290322,2.3590264038989974,,,1045.6129032258063,6.953314422570123,11.159853,53128.625,3.1932454,2.8073652,56508.547,77053.41,168581.5,150057.0,0.0,0.0
1935-02-01,2291.5,7.73739820413062,21.892857142857142,3.130824946745466,,,2235.9285714285716,7.71285903046115,13.393029,81357.72,4.2356796,5.004452,55257.445,59110.65,168880.4904162103,152726.83680175248,0.0,0.0
1935-03-01,2575.3225806451615,7.854118304789928,32.41935483870968,3.5091352183342823,,,1971.225806451613,7.586918034921439,13.223292,40100.883,5.215331,5.1301813,47705.477,47195.484,169150.54627601313,155138.30230010953,0.0,0.0
1935-04-01,3149.6666666666665,8.055369349638688,684.0,6.529418838262226,,,999.9,6.908654874224973,18.825304,6038.1104,10.094884,10.657271,22691.434,20257.094,169449.53669222345,157808.139101862,0.0,0.0
1935-05-01,1097.3225806451612,7.00153936821617,1215.032258064516,7.103348590187833,,,183.06451612903226,5.215286327288299,21.434649,6138.615,11.93727,12.553699,20881.422,10110.172,169738.88225629792,160391.85213581598,0.0,0.0
1935-06-01,663.7,6.499335811047536,1771.0,7.4798641311650265,,,114.36666666666666,4.748115461973189,29.539705,247.6123,19.672688,21.002499,2300.459,1400.123,170037.8726725082,163061.68893756846,0.0,0.0
1935-07-01,225.41935483870967,5.422388832245275,1899.032258064516,7.549626142939101,,,120.25806451612904,4.797921039079032,31.685566,20882.42,21.430157,22.828043,34447.07,40346.758,170327.2182365827,165645.40197152246,0.0,0.0
1935-08-01,555.9677419354839,6.322507324310322,919.0,6.824373670043086,,,592.0967741935484,6.385357579938554,30.75483,88996.67,20.660728,22.020296,82785.14,84029.64,170626.208652793,168315.2387732749,0.0,0.0
1935-09-01,517.9333333333333,6.251775422763631,1473.3333333333333,7.295961189200217,,,485.1,6.1864143640514095,28.023201,47679.953,17.484093,19.068956,43136.496,43095.438,170925.19906900328,170985.07557502738,0.0,0.0
1935-10-01,213.90322580645162,5.370187814268479,1076.6129032258063,6.982503599064747,,,238.19354838709677,5.477273050086886,21.019974,654.63965,12.838447,12.820294,546.375,3289.8643,171214.54463307778,173568.78860898138,0.0,0.0
1935-11-01,241.7,5.491826112732555,646.1,6.47250084206322,,,246.5,5.511410582008745,13.085478,24120.457,5.3740344,5.8026266,43298.87,15167.848,171513.53504928807,176238.62541073383,0.0,0.0
1935-12-01,238.58064516129033,5.47889008318415,374.64516129032256,5.9286449778332955,,,278.1290322580645,5.631674156121592,11.214786,14411.053,2.7497907,3.2466588,26065.986,16689.3,171802.88061336253,178822.33844468783,0.0,0.0
1936-01-01,221.1290322580645,5.403258439413323,400.4193548387097,5.995006653532381,,,265.3225806451613,5.584708283236198,10.290315,29240.65,2.2004547,2.7615688,30488.938,9051.505,172101.87102957285,181492.1752464403,0.0,0.0
1936-02-01,1934.103448275862,7.567916065676132,31.586206896551722,3.4838890975072685,,,866.2413793103449,6.765317345541411,12.118024,37301.18,3.3728921,3.5191534,73549.6,66949.17,172400.86144578314,184162.01204819276,0.0,0.0
1936-03-01,1933.8709677419354,7.567795919902949,623.7096774193549,6.43728702568633,,,969.4516129032259,6.877761543461148,16.423023,22527.04,6.29238,7.5092125,35557.92,35000.46,172680.56215772178,186659.60131434829,0.0,0.0
1936-04-01,3259.0,8.089482474360754,1188.0666666666666,7.080923964645157,,,691.8,6.540741357248225,20.775734,783.626,11.202136,12.543356,8712.962,8161.8525,172979.5525739321,189329.43811610076,0.0,0.0
1936-05-01,1133.516129032258,7.033961520982882,1620.0,7.390798521735676,,,149.6451612903226,5.014927146177797,25.583237,529.43164,15.835964,17.071793,10623.123,1167.9463,173268.89813800657,191913.15115005476,0.0,0.0
1936-06-01,355.73333333333335,5.876988537209095,2055.0,7.628517626575055,,,92.53333333333333,4.5383178790002505,30.559326,928.5947,20.954054,22.105558,5927.674,6601.5645,173567.88855421686,194582.9879518072,0.0,0.0
1936-07-01,233.83870967741936,5.458898936705586,1865.9032258064517,7.5320363081364015,,,223.32258064516128,5.413085108082661,32.483395,58035.41,22.212666,23.531017,36559.516,68093.91,173857.23411829135,197166.7009857612,0.0,0.0
1936-08-01,384.0,5.953243334287785,1313.1612903225807,7.180953939093561,,,434.38709677419354,6.076235513024136,31.325357,35871.543,21.226646,22.439795,47415.4,64129.242,174156.22453450164,199836.5377875137,0.0,0.0
1936-09-01,475.3333333333333,6.166117889261757,1940.0,7.57095858316901,,,318.06666666666666,5.765400067366109,27.324808,15733.439,17.459335,17.882116,47263.04,31677.68,174455.21495071193,202506.37458926614,0.0,0.0
1936-10-01,237.51612903225808,5.474436935011431,991.9032258064516,6.9006332029077235,,,211.09677419354838,5.3570426525608195,21.280647,12415.663,12.344361,12.582486,17742.037,40711.703,174744.56051478643,205090.08762322014,0.0,0.0
1936-11-01,296.3333333333333,5.6948538439119,669.2,6.50757617530321,,,312.1333333333333,5.746629084924785,15.223486,22155.105,6.0441937,6.993284,26198.135,12031.594,175043.55093099672,207759.92442497262,0.0,0.0
1936-12-01,318.80645161290323,5.767715974095373,293.64516129032256,5.685771789259798,,,290.64516129032256,5.67553786225222,10.718699,68275.766,2.9355328,2.807665,49286.938,72239.68,175332.89649507118,210343.63745892662,0.0,0.0
1937-01-01,368.7096774193548,5.912718042011553,24.032258064516128,3.2201653156980723,,,461.38709677419354,6.136402412068718,5.0588145,48053.41,-4.13427,-5.5521154,51749.082,60058.58,175631.8869112815,213013.47426067907,0.0,0.0
1937-02-01,4296.285714285715,8.365738873136722,99.82142857142857,4.613350918078285,,,6332.892857142857,8.753670311442864,11.333248,30605.766,2.535461,2.6205192,50585.242,75558.18,175930.8773274918,215683.31106243154,0.0,0.0
1937-03-01,3454.1935483870966,8.14763375442638,20.225806451612904,3.055217726840171,,,4076.451612903226,8.313227467570858,14.266638,58342.13,5.2547545,5.537262,53520.336,65382.555,176200.93318729463,218094.77656078862,0.0,0.0
1937-04-01,3440.0,8.14351740579748,806.5333333333333,6.693984333914592,,,1420.4,7.259397580392795,18.401226,795.61523,9.830819,10.276912,3679.3672,2660.6562,176499.92360350493,220764.61336254107,0.0,0.0
1937-05-01,1227.8387096774193,7.113824863913359,1952.9032258064517,7.577584305176906,,,187.7741935483871,5.240551557654869,24.164764,2542.416,15.398751,16.065033,15849.655,7195.665,176789.26916757942,223348.32639649505,0.0,0.0
1937-06-01,385.8,5.957907763579139,2062.0,7.631916513071252,,,142.03333333333333,4.963077703329369,28.303137,6026.55,18.359943,19.656424,13704.828,16797.809,177088.2595837897,226018.16319824752,0.0,0.0
1937-07-01,286.6774193548387,5.661839780702276,2510.0,7.828436359157585,,,216.3548387096774,5.381531219481352,32.281204,31763.754,21.932379,23.13707,38586.055,33941.97,177377.60514786417,228601.87623220152,0.0,0.0
1937-08-01,274.38709677419354,5.61817773252516,2737.0967741935483,7.915018350071679,,,163.41935483870967,5.102420205854895,31.82484,32790.68,22.809723,23.113018,36028.44,36818.914,177676.59556407447,231271.71303395397,0.0,0.0
1937-09-01,244.93333333333334,5.505060496494465,2451.3333333333335,7.804795231264155,,,186.83333333333334,5.235555044811721,29.328335,29567.914,19.712116,20.305912,31047.012,34992.08,177975.58598028478,233941.54983570645,0.0,0.0
1937-10-01,197.7741935483871,5.292169474671467,1157.0645161290322,7.054505369991224,,,204.67741935483872,5.326309015984905,22.350956,382.31445,13.49158,14.506575,11735.459,164.52051,178264.93154435925,236525.26286966045,0.0,0.0
1937-11-01,192.46666666666667,5.265105232341923,651.0333333333333,6.480095685364204,,,214.73333333333332,5.3740430770761725,15.527635,706.6963,7.0552626,8.231259,4226.2305,3524.4678,178563.92196056954,239195.0996714129,0.0,0.0
1937-12-01,232.19354838709677,5.451868788515151,218.48387096774192,5.391278749030606,,,262.38709677419354,5.573624800919419,12.580165,23588.223,4.1369376,4.649456,26631.848,37755.625,178853.26752464403,241778.81270536693,0.0,0.0
1938-01-01,211.38709677419354,5.35841053787176,190.38709677419354,5.254298061773497,,,271.80645161290323,5.608762575297076,11.602182,14385.91,3.274514,4.1569037,14068.887,21352.945,179152.25794085432,244448.64950711938,0.0,0.0
1938-02-01,239.0,5.480638923341991,296.0,5.6937321388027,,,406.2857142857143,6.009514939857358,12.24503,34747.875,4.029253,3.5946977,49413.457,61377.98,179451.2483570646,247118.48630887183,0.0,0.0
1938-03-01,2076.6774193548385,7.63900592349467,294.51612903225805,5.6887234175300625,,,4714.645161290323,8.458641017369807,13.673051,42879.133,5.8384547,5.5429378,64885.36,79902.59,179721.3042168675,249529.9518072289,0.0,0.0
1938-04-01,828.4,6.720702547812281,1577.9,7.364483681027843,,,223.4,5.413430173648541,19.186247,1913.7451,9.562722,10.848755,7273.717,7596.16,180020.29463307778,252199.78860898135,0.0,0.0
1938-05-01,439.38709677419354,6.087654105541452,1613.8709677419354,7.387010336329866,,,127.87096774193549,4.858811653715229,23.48124,1847.832,13.970072,14.966036,4824.0107,3256.2178,180309.64019715224,254783.5016429354,0.0,0.0
1938-06-01,192.13333333333333,5.26338079666714,2024.6666666666667,7.613654143467246,,,98.73333333333333,4.6024999574322125,28.579702,6432.502,19.378391,20.313501,24144.582,21751.506,180608.63061336253,257453.33844468783,0.0,0.0
1938-07-01,230.80645161290323,5.445902763188318,2002.5806451612902,7.602691181405505,,,137.93548387096774,4.934009680568964,31.169386,19886.754,21.515907,22.443823,38865.38,32996.875,180897.97617743703,260037.05147864184,0.0,0.0
1938-08-01,596.7096774193549,6.393105146797269,1720.5483870967741,7.450979389904205,,,289.5483870967742,5.671770127298597,30.945074,37837.742,20.970829,22.123594,84198.45,61389.4,181196.96659364732,262706.8882803943,0.0,0.0
1938-09-01,395.43333333333334,5.98250788906509,2114.0,7.656810091480378,,,202.76666666666668,5.31697554836657,29.295134,8159.868,18.496565,19.839195,28237.77,15356.94,181495.9570098576,265376.72508214676,0.0,0.0
1938-10-01,155.16129032258064,5.050889385454548,1044.0967741935483,6.9518647669949365,,,162.67741935483872,5.097897535674081,21.020983,377.64453,12.831926,12.662248,137.7793,3730.3965,181785.3025739321,267960.43811610073,0.0,0.0
1938-11-01,162.43333333333334,5.096405159989078,640.7333333333333,6.464172848760844,,,202.03333333333333,5.31337016917433,12.345724,8.408203,3.92285,4.4979076,1076.8262,2038.8711,182084.2929901424,270630.27491785324,0.0,0.0
1938-12-01,211.80645161290323,5.360383074737725,123.0,4.820281565605037,,,389.1290322580645,5.966477536348012,11.949337,62520.195,3.6831765,4.0380607,43372.543,76453.62,182373.63855421686,273213.9879518072,0.0,0.0
1939-01-01,216.03225806451613,5.380045997167637,33.0,3.5263605246161616,,,296.80645161290323,5.696443784262734,10.359676,18987.965,1.2492187,1.9145184,39010.945,28233.21,182672.62897042718,275883.82475355966,0.0,0.0
1939-02-01,346.2142857142857,5.849942127430197,229.53571428571428,5.440405793105539,,,338.39285714285717,5.827158307036111,8.129233,26848.656,-1.8619734,-1.1471826,30939.645,29372.598,182971.61938663747,278553.66155531217,0.0,0.0
1939-03-01,1357.6129032258063,7.214219534154915,473.2258064516129,6.16168359317882,,,805.8387096774194,6.693123784202042,15.641194,9442.796,6.2104893,7.2116346,22783.545,21951.691,183241.6752464403,280965.1270536692,0.0,0.0
1939-04-01,1902.4666666666667,7.551432064067786,1103.3,7.006966929053085,,,395.9,5.983684359789019,20.612228,4207.3867,11.117311,12.106971,26065.473,13942.7705,183540.6656626506,283634.96385542164,0.0,0.0
1939-05-01,514.6451612903226,6.245418857008795,1255.1935483870968,7.135841434190421,,,128.80645161290323,4.866044507294429,24.448298,35.36133,15.074316,15.861068,1246.4424,303.54297,183830.01122672507,286218.67688937567,0.0,0.0
1939-06-01,156.83333333333334,5.061539623958024,1471.6666666666667,7.294830095311953,,,86.13333333333334,4.467439512522012,28.66665,0.0,19.709162,20.365654,615.1279,44.20117,184129.0016429354,288888.5136911281,0.0,0.0
1939-07-01,128.70967741935485,4.865298702412128,1539.032258064516,7.339558641983434,,,82.51612903225806,4.4250397752663915,32.21893,12231.153,22.464516,24.022852,19204.318,17361.379,184418.34720700985,291472.22672508215,0.0,0.0
1939-08-01,361.1290322580645,5.892000591016998,1114.9354838709678,7.017448331118723,,,297.2903225806452,5.698067249092492,31.219091,62705.395,21.436848,22.761236,46994.945,67504.766,184717.33762322017,294142.0635268346,0.0,0.0
1939-09-01,226.3,5.426270730858498,195.7,5.281679725395013,,,967.5,6.875748482847051,27.054682,113347.67,18.208158,18.256777,36291.664,116323.33,185016.32803943046,296811.90032858704,0.0,0.0
1939-10-01,188.38709677419354,5.24379305157904,680.1612903225806,6.52379912145836,,,421.7741935483871,6.046838215114296,20.279427,2964.1494,11.399546,12.021869,18462.31,4787.132,185305.67360350493,299395.6133625411,0.0,0.0
1939-11-01,220.53333333333333,5.400573067252385,493.76666666666665,6.20408627096261,,,274.76666666666665,5.6195550975280275,16.964441,34760.3,7.3600125,8.27106,36231.836,29374.621,185604.66401971522,302065.4501642935,0.0,0.0
1939-12-01,199.25806451612902,5.299606857377908,373.2258064516129,5.924859375790261,,,388.4193548387097,5.964656795962538,13.366626,3332.3496,4.5281577,6.0412483,19586.469,4692.49,185894.0095837897,304649.16319824755,0.0,0.0
1940-01-01,240.03225806451613,5.484930775423532,72.25806451612904,4.293988337620412,,,297.1290322580645,5.697526386945065,12.034772,5800.0674,2.191947,3.6763356,20618.793,33852.547,186193.0,307319.0,0.0,0.0
1940-02-01,579.8620689655172,6.364513325854179,21.0,3.091042453358316,,,545.9655172413793,6.304385760656791,12.6213255,30965.21,3.2743266,4.2550845,53210.887,53683.066,187428.39200656995,305980.60426929395,0.0,0.0
1940-03-01,911.5483870967741,6.8162411110061365,737.3870967741935,6.6044682084614665,,,667.8387096774194,6.505542939397912,16.699879,1457.6768,7.075075,8.396283,8361.733,6255.128,188584.0813030386,304728.5566502463,0.0,0.0
1940-04-01,925.4333333333333,6.831342087748841,935.2666666666667,6.841900336186113,,,342.53333333333336,5.839284147226015,20.24886,11329.127,10.155669,11.217665,18617.629,39393.395,189819.47330960855,303390.1609195402,0.0,0.0
1940-05-01,437.93548387096774,6.084352440705712,955.258064516129,6.863027818586104,,,154.48387096774192,5.0465420025595,26.449152,2360.0186,16.032618,16.944176,11365.331,7605.959,191015.01396112784,302094.9392446634,0.0,0.0
1940-06-01,222.4,5.4089638866351,1129.3333333333333,7.030267853457529,,,90.63333333333334,4.51779510650309,30.74505,1401.8174,20.978708,22.095465,15768.514,20999.41,192250.4059676978,300756.5435139573,0.0,0.0
1940-07-01,220.41935483870967,5.400058436682652,1118.8709677419354,7.020968750278989,,,146.0,4.990432586778736,32.224354,9934.741,22.428797,23.843678,30442.855,6382.538,193445.94661921708,299461.3218390805,0.0,0.0
1940-08-01,339.9032258064516,5.831598641717015,602.3870967741935,6.4025589422971,,,281.258064516129,5.642821774866514,31.809612,29528.861,21.1041,22.911268,52285.938,71220.67,194681.33862578703,298122.9261083744,0.0,0.0
1940-09-01,433.5,6.074195944705447,563.8333333333334,6.3365307023789965,,,343.3666666666667,5.84170698118729,28.35504,53800.652,17.855686,18.502132,66061.14,79486.29,195916.73063235698,296784.5303776683,0.0,0.0
1940-10-01,475.2258064516129,6.165892125048941,77.48387096774194,4.362893138298376,,,531.1935483870968,6.277007235935531,22.045174,67369.76,12.978695,13.345197,32926.57,69194.03,197112.27128387627,295489.30870279146,0.0,0.0
1940-11-01,476.8333333333333,6.169261996655314,122.96666666666667,4.820012712262915,,,446.8666666666667,6.104495569070028,13.696737,14614.371,5.299253,5.782524,47190.29,30666.793,198347.66329044622,294150.9129720854,0.0,0.0
1940-12-01,2999.3225806451615,8.006475088751367,11.903225806451612,2.557477342622836,,,302.35483870967744,5.714903205174814,13.154101,131917.86,4.4971514,4.562723,98283.336,104300.16,199543.2039419655,292855.69129720854,0.0,0.0
1941-01-01,3530.0,8.169336395928386,10.806451612903226,2.46864612891622,,,466.06451612903226,6.146467398296275,11.514028,45654.18,2.435986,2.6954324,76490.61,46056.25,200778.59594853545,291517.29556650243,0.0,0.0
1941-02-01,2995.0,8.005033344637111,8.821428571428571,2.2845665874913674,,,3373.9285714285716,8.124129439061505,13.532088,72303.95,4.917155,5.7687097,50950.777,62056.953,202013.9879551054,290178.8998357964,0.0,0.0
1941-03-01,8335.483870967742,9.028396808249976,8.870967741935484,2.2895978974672344,,,4901.935483870968,8.49758938306394,13.796601,124013.555,5.6077533,6.4047923,95660.65,80248.195,203129.8258965234,288970.026272578,0.0,0.0
1941-04-01,4794.0,8.475328987317539,2438.133333333333,7.799398063935062,,,4826.666666666667,8.482118538132747,15.309064,50457.027,6.7724013,7.367459,44064.867,87504.74,204365.21790309335,287631.63054187194,0.0,0.0
1941-05-01,5047.096774193548,8.52676657483633,5716.129032258064,8.651222040933721,,,645.1290322580645,6.470999224174718,23.30855,22642.574,14.439519,14.843639,18740.502,13448.497,205560.75855461264,286336.4088669951,0.0,0.0
1941-06-01,1364.9333333333334,7.219593234644989,1691.6666666666667,7.434060473596514,,,986.3,6.894973944617404,26.556316,707.8086,17.468348,18.265776,8298.426,6298.293,206796.15056118259,284998.013136289,0.0,0.0
1941-07-01,669.0,6.507277712385012,1636.0967741935483,7.400679692418888,,,812.8064516129032,6.701722563298396,31.064468,38718.22,20.812685,22.432308,39999.85,31854.406,207991.6912127019,283702.79146141215,0.0,0.0
1941-08-01,592.516129032258,6.386064389808947,1746.4516129032259,7.465913784398844,,,793.6129032258065,6.677855081891752,29.316217,53305.156,20.180763,20.981625,48024.77,51549.664,209227.08321927182,282364.39573070605,0.0,0.0
1941-09-01,565.5333333333333,6.339535919572547,1601.9,7.3795697676318355,,,1181.9666666666667,7.075780686630155,25.742254,33495.996,16.916012,17.041288,58956.22,48455.25,210462.47522584177,281026.0,0.0,0.0
1941-10-01,710.6451612903226,6.567579418210617,1111.0645161290322,7.013973491229191,,,229.03225806451613,5.438219551543157,19.035112,18552.066,10.759847,10.288617,29808.457,60889.363,211658.01587736106,279730.77832512313,0.0,0.0
1941-11-01,468.8,6.152307072224812,770.5333333333333,6.648379876745867,,,241.66666666666666,5.491688759528576,15.670227,43448.273,6.536675,7.6213684,37224.695,23141.887,212893.407883931,278392.3825944171,0.0,0.0
1941-12-01,700.0645161290323,6.552599917220556,472.16129032258067,6.15943632470607,,,104.54838709677419,4.659169493237491,11.125711,64666.023,2.9972563,2.8303254,55875.48,48906.43,214088.94853545033,277097.1609195402,0.0,0.0
1942-01-01,994.258064516129,6.903002064853002,403.9032258064516,6.003648089927722,,,58.87096774193548,4.092191708861,10.938955,19391.863,2.0431108,2.7345994,22291.658,13937.6875,215324.34054202025,275758.76518883416,0.0,0.0
1942-02-01,623.0,6.436150368369428,1061.392857142857,6.9682790553777085,,,173.17857142857142,5.160081045534849,10.398949,23941.486,1.3148937,1.7864579,24567.008,33173.88,216559.7325485902,274420.36945812806,0.0,0.0
1942-03-01,1281.3225806451612,7.15642822879701,831.3870967741935,6.724297593166986,,,799.1935483870968,6.684853633890128,13.840537,14959.676,4.2668843,5.4468875,14295.947,13795.678,217675.57049000822,273211.49589490966,0.0,0.0
1942-04-01,2292.3333333333335,7.737761642259279,916.9666666666667,6.822161079140612,,,813.5666666666667,6.702656274498194,17.953915,31028.35,9.050006,9.931814,22916.555,34380.92,218910.96249657817,271873.1001642036,0.0,0.0
1942-05-01,938.0645161290323,6.8448841841206916,1365.8064516129032,7.220232240461854,,,720.0645161290323,6.5807286147366915,22.565237,0.0,13.642869,14.086057,0.0,32.185547,220106.50314809746,270577.87848932674,0.0,0.0
1942-06-01,294.03333333333336,5.687088344306722,1551.0,7.347299700743164,,,861.6333333333333,6.75998972632979,27.8123,0.0,19.124075,19.524868,145.40137,0.0,221341.8951546674,269239.4827586207,0.0,0.0
1942-07-01,210.41935483870967,5.353843624773614,1721.6129032258063,7.45159754687956,,,550.3870967741935,6.312437097471122,32.993855,35026.918,22.810987,24.241005,41533.91,30291.363,222537.4358061867,267944.2610837438,0.0,0.0
1942-08-01,393.03225806451616,5.976432779206695,1764.8387096774193,7.476381046119498,,,178.2258064516129,5.188646499389088,30.566765,38482.59,20.709116,22.052153,38661.625,48965.855,223772.82781275664,266605.8653530378,0.0,0.0
1942-09-01,285.76666666666665,5.658668876959193,1908.6666666666667,7.554683985740468,,,132.6,4.894850261102546,28.083601,13537.449,18.205788,19.183737,21435.996,15710.333,225008.2198193266,265267.4696223317,0.0,0.0
1942-10-01,257.35483870967744,5.554333983838536,1225.774193548387,7.112143396437159,,,143.8709677419355,4.975843468602592,21.115866,12366.296,12.019525,12.853109,45071.34,16807.004,226203.76047084588,263972.24794745486,0.0,0.0
1942-11-01,240.63333333333333,5.487421425638722,758.8333333333334,6.633099110985387,,,215.46666666666667,5.3774365710006355,16.524057,1040.2168,8.119099,8.797162,1946.001,6348.4434,227439.15247741583,262633.85221674875,0.0,0.0
1942-12-01,321.80645161290323,5.77705292260531,729.1935483870968,6.5933096337772685,,,171.83870967741936,5.152358845619408,12.164778,14934.936,4.128392,4.535264,50594.03,33616.0,228634.69312893512,261338.6305418719,0.0,0.0
1943-01-01,900.1612903225806,6.803684254154183,69.25806451612904,4.25217509900776,,,322.4516129032258,5.779049529038779,11.072638,38022.402,2.238439,3.3170145,55251.133,57510.766,229870.08513550507,260000.23481116584,0.0,0.0
1943-02-01,910.6785714285714,6.815287484342463,451.64285714285717,6.115103419708259,,,449.0357142857143,6.109326944694489,14.415241,6196.4766,5.321211,5.9404454,17484.547,23647.262,231105.47714207502,258661.83908045976,0.0,0.0
1943-03-01,2786.1290322580644,7.932767324314096,431.3225806451613,6.06917202404797,,,949.5806451612904,6.857073003317558,16.494562,27201.871,6.8686924,8.11716,46023.965,39944.71,232221.315083493,257452.9655172414,0.0,0.0
1943-04-01,1652.6666666666667,7.410750323632939,951.7666666666667,6.8593700328223415,,,972.5,6.880897824812254,20.777388,7397.0127,11.668434,12.293142,4635.6826,21044.89,233456.70709006296,256114.56978653528,0.0,0.0
1943-05-01,605.8709677419355,6.408316194725984,1335.8064516129032,7.198038803431195,,,727.2903225806451,6.590699763452826,24.66528,195.74316,15.143105,16.116997,8114.1445,1080.8936,234652.24774158228,254819.34811165844,0.0,0.0
1943-06-01,211.3,5.35800036870921,2036.0,7.619233416226805,,,114.33333333333333,4.747826486389615,27.798332,332.71582,18.968935,19.22691,8736.66,370.73047,235887.6397481522,253480.95238095237,0.0,0.0
1943-07-01,164.74193548387098,5.110431973184682,1863.8709677419354,7.5309471434870865,,,96.83870967741936,4.583320303203435,32.171017,7591.62,22.40476,23.444105,28076.91,16222.398,237083.1803996715,252185.73070607553,0.0,0.0
1943-08-01,383.38709677419354,5.9516501093480265,1008.516129032258,6.917226414873656,,,62.935483870967744,4.157874510404787,30.152979,92958.125,21.053835,21.993723,71979.36,70075.33,238318.57240624144,250847.33497536945,0.0,0.0
1943-09-01,327.0,5.793013608384144,1510.0666666666666,7.320571082190684,,,473.26666666666665,6.16176975140619,28.83286,46667.51,18.568577,19.705244,39759.508,42402.64,239553.9644128114,249508.93924466337,0.0,0.0
1943-10-01,245.41935483870967,5.507034779056213,1176.6774193548388,7.071299489151622,,,297.8709677419355,5.700011934234314,21.756422,16008.251,12.131192,13.064829,27921.375,22761.297,240749.5050643307,248213.71756978653,0.0,0.0
1943-11-01,202.73333333333332,5.316811949184201,901.6,6.805279487392901,,,219.16666666666666,5.394384835294271,15.540121,0.7138672,6.602808,7.5839486,664.86523,587.5205,241984.89707090062,246875.32183908045,0.0,0.0
1943-12-01,209.7741935483871,5.35078738767587,528.1935483870968,6.271354240910056,,,33.645161290322584,3.545158070583664,11.014701,58794.96,2.3312938,2.6575313,36792.87,56426.008,243180.4377224199,245580.1001642036,0.0,0.0
1944-01-01,205.3548387096774,5.329597204964991,208.4516129032258,5.344492748023341,,,303.2903225806452,5.717982254164707,9.854499,13147.618,0.79181564,1.8738579,15745.111,23541.184,244415.82972898986,244241.70443349754,0.0,0.0
1944-02-01,347.2068965517241,5.852796833432387,326.1034482758621,5.790276476451053,,,232.82758620689654,5.454584032697368,10.523757,88362.555,2.4242687,2.279694,49811.895,88130.5,245651.2217355598,242903.30870279146,0.0,0.0
1944-03-01,1182.7096774193549,7.076408580494017,241.8709677419355,5.492530305364976,,,969.483870967742,6.877794783169306,13.140052,32814.484,4.4322953,4.712677,28185.256,31823.004,246806.91103202847,241651.26108374383,0.0,0.0
1944-04-01,1326.6,7.19112807984582,293.6,5.68561850402853,,,1715.5,7.448042612897747,17.064724,15760.539,7.8551736,8.503191,16540.297,39005.93,248042.30303859842,240312.86535303778,0.0,0.0
1944-05-01,650.1290322580645,6.478707828801895,1009.0,6.917705609835305,,,713.9354838709677,6.572192306274528,22.938026,15682.14,13.60227,14.1072035,15022.867,17617.328,249237.8436901177,239017.6436781609,0.0,0.0
1944-06-01,250.9,5.529032183358565,1244.8333333333333,7.1275599290308325,,,901.0333333333333,6.804651474294811,25.782795,15.3984375,17.662615,17.519293,791.6084,408.5293,250473.23569668765,237679.24794745486,0.0,0.0
1944-07-01,183.70967741935485,5.218785281172914,1372.5806451612902,7.225176218890872,,,560.7741935483871,6.331099978314955,30.8358,27953.951,21.29935,21.910082,37803.273,20830.236,251668.77634820697,236384.026272578,0.0,0.0
1944-08-01,261.61290322580646,5.570681097088832,1088.8064516129032,6.993755392128633,,,779.6774193548387,6.660162029119938,31.67675,15327.018,21.593569,22.96812,42977.965,24236.734,252904.1683547769,235045.6305418719,0.0,0.0
1944-09-01,368.3666666666667,5.91178982727417,1732.1,7.457666991455329,,,527.2666666666667,6.2696012067162314,27.756313,24435.438,17.674664,19.331367,58549.273,31795.691,254139.56036134684,233707.23481116584,0.0,0.0
1944-10-01,280.83870967741933,5.641334955812948,1313.5483870967741,7.181248453760065,,,186.20322580645163,5.232194795767096,22.740286,14267.016,13.348102,13.788485,12208.307,7858.115,255335.10101286613,232412.013136289,0.0,0.0
1944-11-01,250.33333333333334,5.526780079339846,606.1,6.408693522136389,,,28.186666666666667,3.3737119839865524,13.368137,51700.746,4.899775,5.183714,46003.22,50247.586,256570.49301943608,231073.61740558292,0.0,0.0
1944-12-01,249.96774193548387,5.525324412687291,519.3548387096774,6.254510960992642,,,442.5806451612903,6.094879623237799,11.151304,31157.314,2.7892969,3.4743,28684.27,39687.17,257766.0336709554,229778.39573070608,0.0,0.0
1945-01-01,273.38709677419354,5.614539871328432,34.483870967741936,3.5690782543013158,,,279.64516129032256,5.637091100157528,9.928295,50858.08,1.5236437,2.2199976,31872.143,36836.14,259001.42567752532,228440.0,0.0,0.0
1945-02-01,545.0714285714286,6.302749788747904,403.2142857142857,6.001945147527265,,,466.39285714285717,6.147170139880277,12.2892275,6556.3193,4.0342736,4.443641,9405.77,16189.127,260236.81768409527,232392.63581599123,0.0,0.0
1945-03-01,1637.741935483871,7.4016841139270495,319.4193548387097,5.76963062173021,,,885.5806451612904,6.78737209166582,12.398832,56355.133,3.7611015,4.032541,55639.13,76372.8,261352.6556255133,235962.75848849944,0.0,0.0
1945-04-01,2575.3333333333335,7.854122478438762,616.2,6.425193120489006,,,1175.0,7.069874128458572,17.86637,239.45215,8.437092,8.925438,3967.3535,6803.126,262588.04763208324,239915.39430449068,0.0,0.0
1945-05-01,1155.1935483870968,7.052888464618188,1115.3548387096773,7.017824048237057,,,767.8709677419355,6.64492316315378,23.191486,18.74414,14.023755,14.570005,491.87012,977.8926,263783.5882836025,243740.52573932093,0.0,0.0
1945-06-01,266.0,5.58724865840025,1305.6666666666667,7.175234644116399,,,774.3333333333334,6.6532930444105,26.475237,0.7832031,17.312708,18.385489,1431.9287,133.49316,265018.98029017245,247693.16155531217,0.0,0.0
1945-07-01,192.96774193548387,5.267691866554422,1384.032258064516,7.233478709371519,,,380.258064516129,5.943476480527094,32.047577,47094.938,22.211784,23.455992,38687.617,49654.66,266214.52094169176,251518.2929901424,0.0,0.0
1945-08-01,504.4193548387097,6.225388490300576,1113.774193548387,7.0164071463879205,221.6,5.4053764388414445,432.4516129032258,6.071780170390263,31.239378,41267.33,21.643166,22.509499,48763.703,54243.617,267449.9129482617,255470.92880613363,0.0,0.0
1945-09-01,196.93333333333334,5.28793027366155,1807.6666666666667,7.500345204550768,147.1,4.997887721273753,754.2666666666667,6.6270708877712785,28.394468,2732.3984,18.23851,19.452724,8699.494,3977.0996,268685.30495483166,259423.56462212486,0.0,0.0
1945-10-01,263.93548387096774,5.5794863392550464,1228.3870967741937,7.114271028870567,228.25806451612902,5.434848288341749,216.7741935483871,5.383458716556724,22.834002,23164.867,13.1626,14.1442995,27302.934,22090.398,269880.8456063509,263248.6960569551,0.0,0.0
1945-11-01,169.76666666666668,5.140298102277047,1081.9333333333334,6.987428687703979,223.66666666666666,5.414617822244197,169.93333333333334,5.141273616938351,14.327963,0.0,5.957564,6.73261,170.71973,420.85938,271116.2376129209,267201.33187294635,0.0,0.0
1945-12-01,256.0,5.54907608489522,647.8709677419355,6.4752338798987426,345.61290322580646,5.8482086045914645,228.80645161290323,5.437237439924406,9.688134,22372.18,1.0266281,1.1132225,41438.85,54619.91,272311.7782644402,271026.46330777655,0.0,0.0
1946-01-01,266.83870967741933,5.590384969776884,39.38709677419355,3.6985103471748975,302.741935483871,5.716178444454966,254.32258064516128,5.5425277678299665,9.864743,32001.7,-0.0034671875,1.7121924,35570.04,23407.934,273547.17027101014,274979.0991237678,0.0,0.0
1946-02-01,245.46428571428572,5.507217097445398,761.7142857142857,6.636883499444873,264.82142857142856,5.582824762184707,314.9642857142857,5.755629187308182,11.10439,6428.3594,2.500872,3.2822843,7206.158,10558.14,274782.5622775801,278931.734939759,0.0,0.0
1946-03-01,489.3225806451613,6.195063502349221,1423.032258064516,7.261247744850537,279.48387096774195,5.6365162223032375,259.48387096774195,5.562540943605711,15.513843,3364.4668,6.402125,6.8846207,16548.879,14365.977,275898.4002189981,282501.85761226725,0.0,0.0
1946-04-01,580.9,6.366298611662624,989.2666666666667,6.897974267127032,787.0,6.669498089857879,607.2,6.4105037752432645,21.908844,7409.3184,12.657144,12.905003,12810.995,41860.18,277133.79222556803,286454.49342825846,0.0,0.0
1946-05-01,238.38709677419354,5.478081893484987,1317.4193548387098,7.184188839598654,140.38709677419354,4.9515014959336625,318.96774193548384,5.768220184260848,23.364353,337.39746,13.712587,14.816556,516.2168,5071.1816,278329.3328770873,290279.6248630887,0.0,0.0
1946-06-01,109.13333333333334,4.7016917529787134,1677.0,7.425357887027151,102.3,4.637637376125593,139.9,4.948050418904635,29.466423,0.0,20.715984,21.201675,1572.8262,0.33691406,279564.7248836573,294232.26067908,0.0,0.0
1946-07-01,173.41935483870967,5.161462484896859,1191.0645161290322,7.083441970429952,183.03225806451613,5.21511105781103,67.41935483870968,4.225655750079536,31.589855,48604.96,21.5895,23.019356,46721.383,54358.484,280760.26553517656,298057.3921139102,0.0,0.0
1946-08-01,608.258064516129,6.4122419292107,1200.2903225806451,7.091151526905857,396.9032258064516,5.986208824478311,122.41935483870968,4.815587945515052,31.074705,48995.17,20.652555,21.86728,72252.63,76845.15,281995.6575417465,302010.02792990144,0.0,0.0
1946-09-01,1611.6666666666667,7.385644402501863,1141.0333333333333,7.040565578348063,308.93333333333334,5.736357220588375,471.0,6.156978985585555,28.172628,111243.64,18.525295,19.46517,77622.22,38792.113,283231.04954831646,305962.66374589264,0.0,0.0
1946-10-01,293.03225806451616,5.683689482627617,1148.741935483871,7.047292792247898,192.5483870967742,5.265527543725046,96.93548387096774,4.584308934030374,18.568874,10190.864,10.808652,10.707418,18816.586,24512.762,284426.5901998358,309787.7951807229,0.0,0.0
1946-11-01,493.0,6.202535517187923,524.8666666666667,6.265047695180261,442.06666666666666,6.093720247812329,123.73333333333333,4.82617812517188,12.344179,34324.793,4.684109,4.9762135,38620.367,48719.01,285661.9822064057,313740.43099671416,0.0,0.0
1946-12-01,501.19354838709677,6.21898559994064,662.0,6.4967749901858625,516.6451612903226,6.249289990714214,463.741935483871,6.141482274076327,12.15126,23882.996,4.463975,4.9386086,28663.84,40867.496,286857.522857925,317565.56243154436,0.0,0.0
1947-01-01,323.80645161290323,5.783229471430468,396.61290322580646,5.985478927037042,369.51612903225805,5.9148969769390956,210.1290322580645,5.352469473858854,9.016584,2060.877,-0.06520469,1.0551398,12535.465,9986.828,288092.91486449493,321518.1982475356,0.0,0.0
1947-02-01,435.39285714285717,6.078542886141318,478.85714285714283,6.173488440556979,324.32142857142856,5.784813704569606,464.85714285714283,6.143879026734006,14.286762,8575.082,5.303214,6.614842,17783.832,6153.4336,289328.3068710649,325470.8340635268,0.0,0.0
1947-03-01,572.2258064516129,6.351279716663551,704.7741935483871,6.559295347167197,229.03225806451613,5.438219551543157,577.2258064516129,6.359964460982675,15.869205,512.1406,6.430303,7.859599,1790.0752,4165.9785,290444.1448124829,329040.95673603506,0.0,0.0
1947-04-01,482.73333333333335,6.181533790692763,911.1333333333333,6.815786178218733,173.83333333333334,5.163833139168243,381.3333333333333,5.946292828461261,18.891384,93.07617,9.301686,10.777558,1039.1318,651.8037,291679.5368190528,332993.59255202627,0.0,0.0
1947-05-01,336.80645161290323,5.822473103104589,749.2258064516129,6.62037423648511,147.41935483870967,5.000041745670322,224.83870967741936,5.419821070492051,25.205147,10357.983,15.788281,17.1548,28638.545,18981.863,292875.07747057214,336818.7239868565,0.0,0.0
1947-06-01,127.06666666666666,4.8525509616663465,1016.4,6.925005632388665,102.76666666666667,4.6421447887794525,139.06666666666666,4.94211849974279,27.684248,20.729492,18.284018,19.510305,2768.9277,436.44043,294110.4694771421,340771.3598028477,0.0,0.0
1947-07-01,102.51612903225806,4.63972743662471,910.3548387096774,6.8149323260436665,118.87096774193549,4.786415895448583,130.41935483870967,4.8783933923016045,32.5145,14094.94,22.418287,23.912521,29992.89,20746.105,295306.0101286614,344596.491237678,0.0,0.0
1947-08-01,372.48387096774195,5.922874820153804,852.0,6.748759547491679,380.51612903225805,5.94415312776597,60.096774193548384,4.112459069260877,30.229727,77981.414,20.252064,21.442337,78071.375,84474.47,296541.4021352313,348549.1270536692,0.0,0.0
1947-09-01,686.3,6.532770878127559,991.9333333333333,6.9006635251683806,269.93333333333334,5.601872788156108,321.1333333333333,5.774965538512441,29.537556,17012.66,19.159245,20.695276,25021.445,17057.41,297776.79414180125,352501.76286966045,0.0,0.0
1947-10-01,702.4516129032259,6.555999093667599,562.1935483870968,6.333623349499629,201.38709677419354,5.310182184265477,366.4193548387097,5.9065038519560815,21.74434,8431.046,13.010211,13.517341,46607.355,22630.557,298972.33479332057,356326.8943044907,0.0,0.0
1947-11-01,259.03333333333336,5.560809827926158,304.1666666666667,5.720858075446456,239.03333333333333,5.4807778025867115,217.26666666666668,5.38571755682887,12.2559805,26010.594,3.6902218,4.040821,22289.066,24909.936,300207.7267998905,360279.53012048197,0.0,0.0
1947-12-01,295.35483870967744,5.69155751578632,338.83870967741933,5.828471121753143,299.3225806451613,5.704857165785967,425.741935483871,6.056179463977234,9.262828,23157.555,0.95176095,1.344621,27064.625,51061.61,301403.26745140983,364104.66155531217,0.0,0.0
1948-01-01,269.19354838709677,5.599138548065227,160.61290322580646,5.085203989593764,260.3225806451613,5.565755585345345,185.25806451612902,5.227133155737734,10.524514,306.4121,2.2526016,3.4749584,7791.075,3232.5088,302638.6594579797,368057.29737130343,0.0,0.0
1948-02-01,374.0,5.926926025970411,393.6551724137931,5.978012402400193,341.1034482758621,5.835113171663428,111.79310344827586,4.72555519755191,10.864812,29606.752,1.8599468,2.2472923,46518.758,44655.906,303874.0514645497,372009.93318729463,0.0,0.0
1948-03-01,1074.3225806451612,6.980375970567014,446.741935483871,6.104217029575649,912.1935483870968,6.816947849789573,672.8387096774194,6.51299077912551,12.41098,14770.791,2.611511,3.1874027,27870.418,29244.207,305029.74076101836,375707.5602409638,0.0,0.0
1948-04-01,3136.3333333333335,8.051128461179143,673.4666666666667,6.51392225510368,829.9666666666667,6.722589681736447,927.7666666666667,6.83385754113789,19.748684,167.07422,10.5695095,11.152549,1363.6162,3698.9902,306265.13276758825,379660.1960569551,0.0,0.0
1948-05-01,802.8387096774194,6.689398639200162,907.1935483870968,6.811457514902765,138.70967741935485,4.9395665367294805,258.61290322580646,5.559191687854375,23.542442,0.0,15.006975,15.379128,566.1924,252.6211,307460.67341910757,383485.3274917853,0.0,0.0
1948-06-01,209.76666666666668,5.350751676396458,1061.7,6.968568118378649,108.06666666666666,4.691959316060482,241.96666666666667,5.492924259720057,27.866322,2684.2021,19.51483,19.487883,4697.4844,6354.166,308696.0654256775,387437.96330777655,0.0,0.0
1948-07-01,207.16129032258064,5.338313213450694,1042.1612903225807,6.950011083814614,147.06451612903226,4.997648098569445,96.7741935483871,4.582660672572657,31.837652,30826.975,21.936865,23.064682,39824.273,33339.64,309891.60607719683,391263.0947426068,0.0,0.0
1948-08-01,264.64516129032256,5.582161438126595,1029.8064516129032,6.938096737599236,312.4193548387097,5.747542085636917,130.8709677419355,4.881823927398394,31.760931,38242.766,21.530588,22.351864,33058.117,70975.87,311126.9980837668,395215.73055859806,0.0,0.0
1948-09-01,119.6,4.792479284293085,1154.3,7.052115329488973,116.2,4.763881877142913,293.1666666666667,5.6841465001393425,28.879099,2096.123,18.698942,19.93395,17446.484,12952.82,312362.39009033673,399168.36637458927,0.0,0.0
1948-10-01,131.90322580645162,4.889621237858426,629.6451612903226,6.446743360928366,168.25806451612902,5.131424559201565,225.19354838709677,5.421391041555979,22.511572,31107.781,12.814728,13.525259,31816.328,29869.184,313557.930741856,402993.4978094195,0.0,0.0
1948-11-01,173.2,5.160204064418402,483.3,6.182704549409183,230.36666666666667,5.444003753677428,117.36666666666666,4.773787151280932,12.371426,7.741211,3.6795328,5.003688,879.8379,58.40918,314793.32274842594,406946.13362541073,0.0,0.0
1948-12-01,442.4516129032258,6.094588692986274,352.03225806451616,5.8665594353771855,348.5806451612903,5.856734279437849,150.03225806451613,5.0174934435657095,9.797715,38830.434,3.0077827,2.3317902,65175.867,62667.816,315988.86339994526,410771.265060241,0.0,0.0
1949-01-01,1856.1290322580646,7.526787043191918,10.806451612903226,2.46864612891622,966.4193548387096,6.874632067257909,88.7741935483871,4.497297557040745,5.7548885,87338.4,-2.2372203,-3.5788388,84229.55,110006.49,317224.2554065152,414723.9008762322,0.0,0.0
1949-02-01,986.5357142857143,6.89521266248657,13.0,2.6390573296152584,1190.4285714285713,7.082908346297479,544.4285714285714,6.30157185523038,10.149003,7199.9717,1.6571907,0.32044566,18201.236,19007.713,318459.6474130851,418676.53669222345,0.0,0.0
1949-03-01,2414.8387096774195,7.78980179758673,9.709677419354838,2.3711477644313423,2686.967741935484,7.896540700802981,1661.741935483871,7.416223287045339,14.166835,11041.248,5.7425203,5.766166,18175.824,15481.93,319575.48535450315,422246.65936473163,0.0,0.0
1949-04-01,2753.6666666666665,7.921051722131365,9.533333333333333,2.354544831924757,1642.2666666666667,7.404441409594406,1639.9333333333334,7.403020464630072,20.40352,10023.152,10.290071,12.139143,9743.924,11540.427,320810.8773610731,426199.2951807229,0.0,0.0
1949-05-01,1236.6774193548388,7.120991853342095,10.161290322580646,2.412451570572578,195.3548387096774,5.2799234240087785,1340.3870967741937,7.2014595043963165,23.073484,1267.0869,14.160352,14.578609,4310.8076,10789.228,322006.41801259236,430024.4266155531,0.0,0.0
1949-06-01,467.1666666666667,6.1488243578761885,830.2333333333333,6.722910541643744,173.06666666666666,5.159438367596919,709.9666666666667,6.566625546378867,28.814934,7801.299,18.853588,19.692348,17392.902,23551.629,323241.81001916237,433977.06243154436,0.0,0.0
1949-07-01,534.1290322580645,6.282507899607129,1202.3870967741937,7.0928954404204685,184.70967741935485,5.224184580190664,529.9354838709677,6.2746405145589215,31.557512,21993.377,21.24679,23.089653,70325.29,38408.02,324437.3506706816,437802.19386637455,0.0,0.0
1949-08-01,602.741935483871,6.4031468475009605,1072.967741935484,6.979115239175916,209.6451612903226,5.350175017785331,597.2258064516129,6.393968285438545,30.185503,30082.328,20.064413,21.642883,35307.57,34150.12,325672.7426772516,441754.8296823658,0.0,0.0
1949-09-01,237.8,5.475626381518447,883.7,6.7852486044893405,283.3,5.650030018656954,934.7,6.841294912281867,29.633728,44826.684,19.120115,20.079044,30311.314,52787.95,326908.1346838215,445707.4654983571,0.0,0.0
1949-10-01,208.2258064516129,5.343414082382117,537.516129032258,6.288817447925536,549.8709677419355,6.311500603402092,331.258064516129,5.8059119697325805,19.824535,20267.75,10.980183,11.1586075,30751.178,50488.78,328103.6753353408,449532.59693318733,0.0,0.0
1949-11-01,190.46666666666667,5.254713729065905,571.4,6.3498380476822955,261.8666666666667,5.571646932775417,27.3,3.342861804649192,17.774864,11147.759,8.634932,10.441446,7096.755,14502.217,329339.0673419108,453485.23274917854,0.0,0.0
1949-12-01,207.70967741935485,5.3409441830098,222.2258064516129,5.408183844126569,299.7096774193548,5.70614527244754,222.03225806451613,5.407316415996424,10.392689,37195.086,1.3371797,1.551663,40888.242,36573.887,330534.60799343005,457310.3641840088,0.0,0.0
1950-01-01,219.4516129032258,5.395678228190091,17.483870967741936,2.916898512229593,308.258064516129,5.73417608859185,321.2258064516129,5.775252562047004,9.126448,17223.504,1.6199391,1.4763718,21917.922,20539.871,331770.0,461263.0,0.0,0.0
1950-02-01,312.2142857142857,5.746887575191025,42.17857142857143,3.7653443404395888,974.3214285714286,6.882767086998195,542.4642857142857,6.2979639927449105,14.1725235,27479.152,5.3014092,6.2786684,18946.23,34308.945,334585.9748083242,461857.0711841205,0.0,0.0
1950-03-01,575.4193548387096,6.356835442393515,737.4516129032259,6.604555579043847,509.4193548387097,6.235232652233837,512.1290322580645,6.240527338413214,15.803452,12807.257,6.5351076,7.3984327,16985.664,17787.607,337129.43592552026,462393.65160848736,0.0,0.0
1950-04-01,562.0,6.333279628139691,1114.0666666666666,7.016669472839261,187.63333333333333,5.239805095480368,482.8,6.181671598175927,21.223812,19.503906,11.123133,12.650995,1537.7246,1982.0273,339945.41073384444,462987.7227926078,0.0,0.0
1950-05-01,230.32258064516128,5.443813189397429,1002.4193548387096,6.911168801119359,133.74193548387098,4.903361360012029,131.5483870967742,4.886947764398264,22.747105,455.6123,13.476612,14.557743,3312.6826,2678.1475,342670.54764512595,463562.6303901437,0.0,0.0
1950-06-01,116.3,4.76473475565943,1246.6,7.128976984733648,101.16666666666667,4.626605466708156,364.1,5.900171288661591,28.026455,2699.2764,18.907764,19.745235,10311.156,1954.4883,345486.5224534502,464156.7015742642,0.0,0.0
1950-07-01,220.19354838709677,5.399038102799218,1092.0,6.996681488176539,310.2258064516129,5.74051871448182,265.35483870967744,5.584829399932282,30.871958,48564.98,20.76939,22.071728,57241.906,89116.01,348211.65936473163,464731.60917180014,0.0,0.0
1950-08-01,214.06451612903226,5.370938058132913,1137.5483870967741,7.037509385344427,194.29032258064515,5.274487285096518,465.4516129032258,6.14515429122761,30.895485,14219.122,19.814867,21.69327,26960.766,24260.555,351027.6341730559,465325.68035592063,0.0,0.0
1950-09-01,176.13333333333333,5.176902744657603,1163.7333333333333,7.060247441372234,152.46666666666667,5.033483388179618,312.1,5.74652262833236,26.487982,17918.186,16.067724,17.623232,32310.393,23583.125,353843.60898138006,465919.75154004106,0.0,0.0
1950-10-01,115.51612903225806,4.75802971005173,619.258064516129,6.430135624528705,154.74193548387098,5.048200377732276,122.06451612903226,4.812708739233411,24.537222,19.009766,15.534519,16.38169,2467.0234,717.37695,356568.74589266157,466494.659137577,0.0,0.0
1950-11-01,133.2,4.8993312245375815,253.0,5.537334267018537,204.9,5.327390614033744,207.8,5.341376856008484,17.299393,6366.5605,8.278406,9.361095,7086.1094,6241.3477,359384.72070098575,467088.7303216975,0.0,0.0
1950-12-01,152.19354838709677,5.031702144063976,287.258064516129,5.66385613626389,227.32258064516128,5.430759456420263,231.61290322580646,5.449375712431613,13.8136015,312.18652,5.023872,6.3570213,310.21582,892.42773,362109.85761226725,467663.6379192334,0.0,0.0
1951-01-01,168.90322580645162,5.135229014998243,57.16129032258065,4.063220018718171,249.03225806451613,5.521589941796365,204.03225806451613,5.32316732317146,10.174266,59443.07,1.6954125,2.3079867,45226.18,41646.336,364925.83242059144,468257.70910335385,0.0,0.0
1951-02-01,191.53571428571428,5.260281665276465,56.214285714285715,4.046803617453101,262.0357142857143,5.572289818721527,195.42857142857142,5.280298861045359,12.208687,9027.109,3.0886657,3.905199,18559.06,22111.316,367741.8072289157,468851.78028747434,0.0,0.0
1951-03-01,243.38709677419354,5.498753430380768,768.9032258064516,6.646264826178397,261.0,5.568344503761097,308.19354838709677,5.733967450994599,14.588883,9889.498,5.184053,5.950288,19510.623,11777.971,370285.2683461117,469388.3607118412,0.0,0.0
1951-04-01,328.8333333333333,5.798587476374511,633.6333333333333,6.453047404295521,207.36666666666667,5.339299348269657,169.2,5.136974216139274,18.730135,33737.008,9.048062,10.259769,41235.62,52744.254,373101.24315443594,469982.4318959617,0.0,0.0
1951-05-01,373.1290322580645,5.92460074395124,402.4516129032258,6.000056562063761,263.19354838709677,5.5766819723619685,344.2258064516129,5.844198714386104,23.759533,8216.129,13.784748,15.060916,7949.047,14893.556,375826.3800657174,470557.3394934976,0.0,0.0
1951-06-01,118.46666666666667,4.783037392432666,1242.6666666666667,7.125819284553049,94.56666666666666,4.559824084221215,94.06666666666666,4.554578399872031,27.236595,0.0,17.845154,18.831106,0.0,0.0,378642.35487404163,471151.41067761806,0.0,0.0
1951-07-01,112.3225806451613,4.730238447780681,1404.0,7.247792581767846,94.45161290322581,4.5586194479150635,93.96774193548387,4.55353727536362,32.588875,49201.875,22.90048,24.335075,38833.47,31268.557,381367.49178532313,471726.318275154,0.0,0.0
1951-08-01,1063.5483870967741,6.970305938534646,982.741935483871,6.8913636019687825,1184.483870967742,7.077906300155837,111.80645161290323,4.72567353257823,30.026815,205471.98,20.68887,21.365938,103451.59,135860.53,384183.4665936473,472320.3894592745,0.0,0.0
1951-09-01,247.6,5.515845179076611,10.326666666666666,2.427159827575676,279.6,5.6369301676683605,993.5666666666667,6.902307131408411,28.029972,7449.3916,18.26346,19.584892,19265.482,8431.178,386999.4414019715,472914.4606433949,0.0,0.0
1951-10-01,154.1290322580645,5.044257236792516,4.406451612903226,1.6875929835628365,221.70967741935485,5.405869028278118,552.3870967741935,6.316057750807404,21.742842,27620.686,12.509479,12.674833,35403.504,41867.836,389724.578313253,473489.3682409309,0.0,0.0
1951-11-01,217.06666666666666,5.384800826436174,1.3966666666666667,0.8740788830648456,280.26666666666665,5.639303211022129,283.1,5.649326288860142,14.436739,33507.42,5.6325655,5.9867554,25466.898,28877.93,392540.5531215772,474083.4394250513,0.0,0.0
1951-12-01,923.1290322580645,6.828851707193122,297.8354838709677,5.69989320079614,1730.1612903225807,7.456547728375938,201.63225806451615,5.311392799596995,10.133722,31484.994,1.4681485,1.4341264,64923.04,71412.92,395265.6900328587,474658.34702258726,0.0,0.0
1952-01-01,6245.290322580645,8.739743018123773,3.019354838709677,1.3911214018682065,2255.1935483870966,7.721434401662741,131.26451612903224,4.884803827505328,9.427525,32862.504,2.6473546,1.7805902,78711.03,57594.83,398081.6648411829,475252.41820670775,0.0,0.0
1952-02-01,724.8620689655172,6.587360009124054,1.7482758620689656,1.0109737558096954,416.1034482758621,6.03333426843284,601.7241379310345,6.4014596093486125,11.403539,10639.282,2.1647906,3.023153,14630.351,11285.776,400897.6396495071,475846.4893908282,0.0,0.0
1952-03-01,2258.8064516129034,7.723034447719696,3.8483870967741933,1.5786460922737824,1864.5806451612902,7.531327621510424,900.1161290322581,6.803634138350869,11.645839,89926.33,1.9609922,2.646434,63740.59,79146.36,403531.9386637459,476402.2334017796,0.0,0.0
1952-04-01,5183.666666666667,8.55346083058678,3.4866666666666664,1.5011100355484719,2473.766666666667,7.813901394464244,1928.9333333333334,7.565240738987996,18.53086,46090.81,9.578169,10.244763,44686.375,56897.867,406347.9134720701,476996.30458590004,0.0,0.0
1952-05-01,2251.6129032258063,7.7198461117450226,241.23870967741934,5.489923643606014,312.61290322580646,5.748159433120255,1038.9354838709678,6.9469139554717305,25.236187,128.78125,15.153289,15.942112,2104.919,1526.4424,409073.05038335157,477571.21218343603,0.0,0.0
1952-06-01,672.4666666666667,6.5124385019257875,346.12666666666667,5.849689746959814,107.73333333333333,4.688898401518804,1731.6666666666667,7.457416926533326,27.955172,5327.8633,19.109034,19.009104,15998.3955,6902.2236,411889.02519167576,478165.28336755646,0.0,0.0
1952-07-01,236.1290322580645,5.468604432888942,1041.3225806451612,6.949206752758102,126.54838709677419,4.848495799245416,1118.1290322580646,7.020306011993123,31.144737,35570.8,21.181482,22.148798,42920.824,45054.41,414614.16210295726,478740.1909650924,0.0,0.0
1952-08-01,433.5806451612903,6.074381531996962,1355.8064516129032,7.212889020047636,211.74193548387098,5.360079860666269,783.4516129032259,6.664984891371217,31.739449,38298.297,21.15338,22.630749,50179.508,49995.156,417430.1369112815,479334.2621492129,0.0,0.0
1952-09-01,232.2,5.451896454476337,1017.6666666666666,6.9262498616183015,270.1,5.60248775650462,753.6666666666666,6.626276150654964,29.453096,15159.724,18.70552,19.977625,24729.572,48073.67,420246.1117196057,479928.3333333333,0.0,0.0
1952-10-01,150.83870967741936,5.022818836915996,63.91612903225807,4.173096114132018,187.70967741935485,5.2402097357407555,588.3548387096774,6.379028444886906,24.65702,0.0,14.408607,15.859223,0.0,0.0,422971.2486308872,480503.24093086924,0.0,0.0
1952-11-01,237.36666666666667,5.47381010438624,1.3633333333333333,0.8600730518759264,298.56666666666666,5.702336985996218,219.46666666666667,5.395746511879583,13.263708,83719.61,3.9122624,4.5480256,62657.156,62064.344,425787.2234392114,481097.31211498973,0.0,0.0
1952-12-01,225.29032258064515,5.421818788051415,0.041935483870967745,0.04108002574346466,326.9032258064516,5.7927185215773,318.258064516129,5.765999755411545,9.9435835,31375.318,1.1194937,2.1743968,19961.383,32753.46,428512.3603504929,481672.21971252566,0.0,0.0
1953-01-01,257.48387096774195,5.554833297292924,0.0,0.0,412.06451612903226,6.023603794148479,372.7741935483871,5.923651854511916,12.286891,8044.9766,4.0830407,5.283234,9767.373,9513.947,431328.33515881706,482266.29089664615,0.0,0.0
1953-02-01,215.78571428571428,5.37890937387834,278.89285714285717,5.6344068768776605,243.71428571428572,5.500091349268807,227.10714285714286,5.429815443386385,11.523745,22956.332,2.2086594,3.6634986,16408.764,8563.356,434144.3099671413,482860.3620807666,0.0,0.0
1953-03-01,1157.4193548387098,7.054811729743519,968.8709677419355,6.8771630397026335,314.61290322580646,5.754516472881862,177.90322580645162,5.186845021690577,15.59433,26401.742,6.072284,6.974607,48060.22,19892.838,436687.7710843374,483396.94250513345,0.0,0.0
1953-04-01,598.1,6.395428529089879,1010.1,6.918794126097353,176.3,5.177843213080163,150.0,5.017279836814924,18.352417,2505.5127,9.267838,9.9154625,18233.828,24570.277,439503.74589266157,483991.01368925394,0.0,0.0
1953-05-01,349.93548387096774,5.860602399935936,769.5806451612904,6.647144315293826,161.0,5.087596335232384,109.58064516129032,4.7057450752325245,20.346828,2747.1162,11.305544,11.924542,3046.1162,5892.1934,442228.882803943,484565.9212867899,0.0,0.0
1953-06-01,200.7,5.3067814449601665,1490.5666666666666,7.307582300687479,101.16666666666667,4.626605466708156,394.1333333333333,5.979223260685628,28.220682,176.77832,19.497852,19.723179,6238.0215,428.86328,445044.85761226725,485159.9924709103,0.0,0.0
1953-07-01,288.5483870967742,5.668322423277331,1497.6129032258063,7.312295228079854,429.51612903225805,6.064984788978405,436.2903225806452,6.0805973282417956,32.284237,63438.57,22.212254,23.56942,71521.66,89380.99,447769.99452354875,485734.9000684463,0.0,0.0
1953-08-01,234.74193548387098,5.462737713012751,1576.4516129032259,7.363565920666471,418.2903225806452,6.038563573969148,590.7096774193549,6.3830161048292045,31.026741,36482.76,20.394112,21.415577,34094.984,73996.016,450585.96933187294,486328.9712525667,0.0,0.0
1953-09-01,103.53333333333333,4.649505999808143,1338.7333333333333,7.200225868165715,181.83333333333334,5.2085749910471755,252.66666666666666,5.536021069193576,28.712837,2.584961,18.604286,19.693903,382.55176,254.75781,453401.9441401971,486923.0424366872,0.0,0.0
1953-10-01,101.12903225806451,4.626237035955811,395.8741935483871,5.983619337640827,163.8709677419355,5.105163154283133,306.06451612903226,5.727057875766159,21.620209,1158.4326,12.329899,12.828784,2801.872,3216.497,456127.0810514786,487497.95003422315,0.0,0.0
1953-11-01,139.43333333333334,4.944732880316861,317.06666666666666,5.762261004413897,201.46666666666667,5.310575263943539,52.766666666666666,3.9846536964630537,15.968573,3150.9492,7.3803873,8.163303,14596.18,16193.4,458943.0558598029,488092.0212183436,0.0,0.0
1953-12-01,151.7741935483871,5.028960972078695,537.258064516129,6.288338118976873,240.51612903225808,5.486936257745539,53.0,3.9889840465642745,9.438202,3599.919,0.4852875,2.0033915,10268.303,6319.462,461668.1927710843,488666.9288158795,0.0,0.0
1954-01-01,164.48387096774192,5.108873733679669,143.40322580645162,4.972609565589065,253.06451612903226,5.53758823527387,51.83870967741935,3.9672440599278684,10.664541,43946.24,2.5544703,3.0867462,31159.836,50884.227,464484.1675794085,489261.0,0.0,0.0
1954-02-01,186.25,5.232444622397328,360.76071428571424,5.89098298300171,253.53571428571428,5.539441157326666,50.035714285714285,3.9325256677546636,15.715718,18493.703,6.236922,7.3053255,9466.047,21574.93,467300.14238773275,488408.5,0.0,0.0
1954-03-01,2215.3870967741937,7.70363371527177,892.1935483870968,6.7948032969071095,1948.967741935484,7.5755681088237745,92.74193548387096,4.540545639645082,14.122022,55486.0,5.1011405,5.5080237,96744.41,82143.31,469843.60350492876,487638.5,0.0,0.0
1954-04-01,977.8333333333334,6.886361386294465,785.8666666666667,6.668058814326859,625.0,6.439350371100098,987.6666666666666,6.896357234029768,21.532228,71.69238,12.03391,12.851443,514.10547,1871.4844,472659.578313253,486786.0,0.0,0.0
1954-05-01,366.3225806451613,5.906240428325459,728.3225806451613,6.59211613159117,129.51612903225808,4.871496813242545,173.8709677419355,5.1640483747751915,24.690071,5089.549,15.094036,16.342567,16786.701,11531.372,475384.7152245345,485961.0,0.0,0.0
1954-06-01,130.76666666666668,4.88103268163453,1096.6666666666667,7.000941993708254,99.76666666666667,4.612807613117303,876.7,6.777304849598072,27.979666,5485.6787,18.862766,19.560404,15986.541,19816.293,478200.6900328587,485108.5,0.0,0.0
1954-07-01,354.2903225806452,5.872935265337281,853.8387096774194,6.7509128074891676,298.51612903225805,5.7021682693016595,1090.9032258064517,6.99567753132141,32.284405,60571.914,22.203686,23.657522,60074.414,69026.77,480925.8269441402,484283.5,0.0,0.0
1954-08-01,680.0,6.523562306149512,1263.741935483871,7.14262337678,339.7096774193548,5.831030728781732,637.2903225806451,6.458793230907293,30.263714,24997.63,19.57406,21.176409,73406.96,48228.023,483741.8017524644,483431.0,0.0,0.0
1954-09-01,282.8333333333333,5.648387211434633,992.8333333333334,6.901569519895051,252.93333333333334,5.537071765376394,512.6,6.2414447523757515,29.054071,29143.57,18.723259,19.600393,35128.812,38004.844,486557.7765607886,482578.5,0.0,0.0
1954-10-01,138.51612903225808,4.938180214880833,398.80645161290323,5.990980559036907,198.4516129032258,5.295571665073423,61.096774193548384,4.128694042236738,23.08892,2447.7725,13.948228,14.60539,6773.132,11731.395,489282.9134720701,481753.5,0.0,0.0
1954-11-01,139.03333333333333,4.941880489507227,293.96666666666664,5.686862355605195,215.06666666666666,5.375587002039337,59.6,4.104294893075269,17.067251,383.94238,8.02462,9.339566,3450.4297,3314.6758,492098.8882803943,480901.0,0.0,0.0
1954-12-01,148.48387096774192,5.0071885005071755,604.7096774193549,6.406400791107665,239.19354838709677,5.481445049947516,60.16129032258065,4.1135144783298205,11.388429,1548.8877,2.3939939,3.3101425,10347.667,9623.88,494824.02519167576,480076.0,0.0,0.0
1955-01-01,171.16129032258064,5.148431771848799,4.812903225806451,1.7600801406890911,284.83870967741933,5.655427699562156,70.61290322580645,4.271275270381179,8.3985815,90319.58,-0.38969532,0.0106474105,49199.04,60018.477,497640.0,479223.5,0.0,0.0
1955-02-01,172.71428571428572,5.157411913470799,221.35714285714286,5.4042848408263495,267.64285714285717,5.593382828855078,66.32142857142857,4.209478589706907,9.843398,1982.918,0.23036718,1.3359231,14802.864,19129.145,500455.9748083242,478371.0,0.0,0.0
1955-03-01,233.09677419354838,5.4557345947929905,908.7741935483871,6.813196429761514,362.06451612903226,5.894580548855687,489.51612903225805,6.195458161303236,14.961555,244.96289,5.760475,6.5820866,1826.5908,2642.1582,502999.43592552026,477601.0,0.0,0.0
1955-04-01,211.5,5.358941988364472,1169.3333333333333,7.065043887500322,178.73333333333332,5.191474270929987,213.93333333333334,5.370327902524309,17.724072,1425.169,8.40988,9.162467,4394.749,7554.3857,505815.4107338445,476748.5,0.0,0.0
1955-05-01,154.93548387096774,5.0494423567782825,934.258064516129,6.840822496036446,135.25806451612902,4.914550620900951,146.93548387096774,4.996776258932703,22.695929,267.02148,13.62794,14.444123,3983.9277,4168.787,508540.54764512595,475923.5,0.0,0.0
1955-06-01,129.0,4.867534450455582,1318.3666666666666,7.184907102460737,316.3333333333333,5.759952746123256,523.9333333333333,6.263271270401472,27.885778,7568.7734,18.026468,19.013512,26435.402,31233.004,511356.52245345013,475071.0,0.0,0.0
1955-07-01,224.67741935483872,5.419106631653347,1231.9258064516127,7.117145328159714,331.5806451612903,5.806882372525859,478.9032258064516,6.173584470672098,29.646791,103855.95,20.496418,21.309206,65143.26,72863.125,514081.65936473163,474246.0,0.0,0.0
1955-08-01,1615.4516129032259,7.387988663468624,1030.7709677419355,6.939031990928673,841.1935483870968,6.736009855269962,176.38709677419354,5.1783343320226685,29.77087,98916.47,20.069113,21.800453,86702.38,96090.45,516897.6341730559,473393.5,0.0,0.0
1955-09-01,258.6666666666667,5.559398757202638,1504.3666666666666,7.316791779846094,141.63333333333333,4.9602772347546615,219.83333333333334,5.397408269192268,28.112293,776.89355,18.160393,19.181812,2546.7705,897.98145,519713.60898138006,472541.0,0.0,0.0
1955-10-01,138.96774193548387,4.9414119813132045,434.2129032258065,6.075835344058568,182.70967741935485,5.213356671396136,117.48387096774194,4.774776841334521,24.03501,5437.672,14.195684,15.067075,11536.81,8977.587,522438.7458926615,471716.0,0.0,0.0
1955-11-01,153.46666666666667,5.039978323330166,0.5399999999999999,0.43178241642553783,220.9,5.402226829938548,173.97333333333333,5.164633581359976,14.7738695,5784.573,6.409311,7.2171173,18676.105,24053.668,525254.7207009858,470863.5,0.0,0.0
1955-12-01,187.51612903225808,5.239183568385444,5.980645161290322,1.9431413424871802,283.64516129032256,5.651243356448192,379.16129032258067,5.940595610885086,12.653305,8628.598,4.49,4.9388843,27256.16,19112.855,527979.8576122673,470038.5,0.0,0.0
1956-01-01,225.3548387096774,5.422103850767143,80.93548387096774,4.405932155527436,250.03225806451613,5.525581449059352,107.87096774193549,4.690163398821484,12.67965,16375.152,4.415991,4.8834014,38743.64,24300.75,530795.8324205915,469186.0,0.0,0.0
1956-02-01,388.0689655172414,5.963756617151972,142.91379310344828,4.969214461304317,243.27586206896552,5.49829816891625,91.6896551724138,4.529256871656566,9.58988,14649.403,-0.07048281,1.6063145,32074.094,12520.131,533611.8072289156,468333.5,0.0,0.0
1956-03-01,735.8064516129032,6.602325241163488,1011.3548387096774,6.920034419526725,205.09677419354838,5.328345836117197,499.16129032258067,6.214930627049403,15.810315,0.41601562,6.50192,7.72642,494.87012,701.5127,536246.1062431545,467536.0,0.0,0.0
1956-04-01,644.5333333333333,6.470076848509321,884.7333333333333,6.7864159271229765,185.73333333333332,5.229681574157898,253.6,5.539693686123306,18.476086,2565.3643,8.7608595,9.795535,19369.65,16315.771,539062.0810514786,466683.5,0.0,0.0
1956-05-01,371.2903225806452,5.919673986935258,800.7741935483871,6.686827014043627,117.2258064516129,4.7725964098356055,267.16129032258067,5.591588629045942,24.607063,262.1494,15.070275,16.159079,4381.5947,908.8545,541787.2179627601,465858.5,0.0,0.0
1956-06-01,120.63333333333334,4.801011054774293,1441.2333333333333,7.273948117052432,86.8,4.475061500641071,478.9,6.1735777488642,30.262947,3129.2627,21.336477,21.664736,5848.0674,18183.268,544603.1927710844,465006.0,0.0,0.0
1956-07-01,138.2258064516129,4.936097121892879,1653.8064516129032,7.411439333306332,205.3548387096774,5.329597204964991,454.9032258064516,6.122280562883004,31.30886,26125.688,21.132505,22.518114,52633.54,49167.6,547328.3296823658,464181.0,0.0,0.0
1956-08-01,187.03225806451613,5.236613533560403,1495.4193548387098,7.310830436658394,189.16129032258064,5.247872608486325,309.16129032258067,5.737092453537734,30.04597,21698.918,19.666553,20.855076,34249.64,26628.416,550144.30449069,463328.5,0.0,0.0
1956-09-01,77.93333333333334,4.368603614341741,1459.7666666666667,7.286716691033442,98.53333333333333,4.600492596436981,140.93333333333334,4.95535746379127,29.960777,1208.415,19.830294,21.356129,2460.163,848.6836,552960.2792990142,462476.0,0.0,0.0
1956-10-01,85.45161290322581,4.459584869019756,291.06129032258065,5.676963678607704,157.96774193548387,5.068701300728209,104.29032258064517,4.656721511598851,21.146265,16793.096,12.580572,12.898639,18612.21,19865.418,555685.4162102957,461651.0,0.0,0.0
1956-11-01,122.26666666666667,4.814350030284915,94.36999999999999,4.557764063590821,210.73333333333332,5.355327621264816,99.73333333333333,4.612476761170529,14.006288,96.93945,3.8945625,5.948889,445.58203,184.65918,558501.39101862,460798.5,0.0,0.0
1956-12-01,127.35483870967742,4.854798605941783,365.73225806451615,5.904632039750724,231.09677419354838,5.447154414836322,101.61290322580645,4.630963687263998,11.100317,875.1045,1.70025,3.2616515,7184.7188,7306.582,561226.5279299014,459973.5,0.0,0.0
1957-01-01,764.0,6.639875833826536,2.2838709677419353,1.1890228996312762,1350.516129032258,7.208982299816403,53.26129032258064,3.99381108731259,11.293172,85187.23,3.1021173,2.8318212,103641.71,124611.5,564042.5027382256,459121.0,0.0,0.0
1957-02-01,925.2142857142857,6.831105617933626,0.38571428571428573,0.3262157364540238,2239.0,7.7142311448490855,135.57142857142858,4.916847763996088,15.715466,13638.935,7.463314,7.5563393,18692.18,24334.504,566858.4775465499,458268.5,0.0,0.0
1957-03-01,760.483870967742,6.635268991503868,62.12903225806452,4.14518076291093,589.1290322580645,6.380341211731164,872.258064516129,6.77223111870428,15.739635,21391.812,6.1209764,7.371749,29961.209,22842.055,569401.9386637459,457498.5,0.0,0.0
1957-04-01,616.7333333333333,6.426056864874384,465.1333333333333,6.144471716233161,175.03333333333333,5.170673371044778,340.4,5.83305481036034,18.535742,11321.992,8.46475,9.571066,10845.315,11782.036,572217.9134720701,456646.0,0.0,0.0
1957-05-01,499.93548387096774,6.216477318084043,1.067741935483871,0.7264571594414782,200.96774193548387,5.308107991260164,677.258064516129,6.51952784165063,21.76961,11911.213,12.24708,12.446411,20836.443,33007.637,574943.0503833515,455821.0,0.0,0.0
1957-06-01,319.93333333333334,5.771233417240807,907.9333333333333,6.81227175082052,175.2,5.171619713502079,861.6,6.759951084213743,30.065184,6825.8926,19.747213,20.803482,14477.777,19655.86,577759.0251916758,454968.5,0.0,0.0
1957-07-01,186.90322580645162,5.235927073948755,1201.1290322580646,7.091849457302212,194.2258064516129,5.2741568704231,688.5483870967741,6.536036871851226,32.790424,33786.14,21.98275,23.2741,52079.984,43481.52,580484.1621029573,454143.5,0.0,0.0
1957-08-01,1048.483870967742,6.956053770841253,1340.6451612903227,7.201651872204157,322.4193548387097,5.7789497933383025,406.9032258064516,6.01102995461892,30.927626,28313.395,19.985893,21.522152,83644.82,67974.875,583300.1369112815,453291.0,0.0,0.0
1957-09-01,351.8333333333333,5.86599580190681,1230.9,7.116312971967928,136.33333333333334,4.922411060681417,312.8666666666667,5.748968267277958,28.083986,264.5,17.35151,19.115261,3208.1875,973.6455,586116.1117196057,452438.5,0.0,0.0
1957-10-01,222.90322580645162,5.411213930854437,65.31612903225806,4.1944331410936755,207.58064516129033,5.340325753800232,270.2258064516129,5.6029517080716404,20.745626,85823.234,11.480689,11.938583,57319.445,66682.17,588841.2486308871,451613.5,0.0,0.0
1957-11-01,363.1666666666667,5.897611638301636,0.42,0.35065687161316933,973.3666666666667,6.881787687284556,126.1,4.844974178195408,12.800007,9159.986,4.038431,4.8258696,19564.354,42569.164,591657.2234392114,450761.0,0.0,0.0
1957-12-01,240.3548387096774,5.486268210422945,0.0,0.0,269.16129032258067,5.599019152208121,275.93548387096774,5.62378456884643,12.090708,6500.421,3.9819078,4.802924,11753.499,15273.042,594382.3603504929,449936.0,0.0,0.0
1958-01-01,185.5483870967742,5.228690653673072,0.0,0.0,231.8709677419355,5.450484513654015,151.38709677419354,5.026423972832107,10.947035,1149.6191,1.4383407,3.0694823,7216.62,5761.671,597198.335158817,449083.5,0.0,0.0
1958-02-01,722.9285714285714,6.5846927292708415,0.6892857142857143,0.5243057853226833,900.0714285714286,6.803584531459899,132.5,4.894101477840304,13.802905,48522.953,4.8611345,5.822609,58307.85,61091.453,600014.3099671414,448231.0,0.0,0.0
1958-03-01,3137.4193548387098,8.051474561980172,101.69677419354838,4.631780706446548,2688.5806451612902,7.897140566451068,1042.516129032258,6.9503511830650355,12.978731,54898.297,3.4087734,3.889844,73323.34,67487.61,602557.7710843373,447461.0,0.0,0.0
1958-04-01,3914.6666666666665,8.272740879155776,46.57333333333334,3.86227238016359,1181.2666666666667,7.0751887788377426,1492.5,7.308877637656164,18.413212,26181.742,8.815263,9.618037,33588.074,31557.438,605373.7458926616,446608.5,0.0,0.0
1958-05-01,1824.6129032258063,7.509671047019844,581.8064516129032,6.3678551442887805,155.7741935483871,5.054806512409393,698.4516129032259,6.550296617879072,26.83681,3650.9424,16.35068,17.625551,8537.655,17484.916,608098.882803943,445783.5,0.0,0.0
1958-06-01,407.1666666666667,6.011675587724112,803.3666666666667,6.690055218286366,129.16666666666666,4.868815680611631,1027.4,6.935759475391735,29.899956,6109.7334,20.765015,21.062893,16158.756,12180.936,610914.8576122673,444931.0,0.0,0.0
1958-07-01,146.6451612903226,4.994811836168496,962.516129032258,6.870589227758167,75.45161290322581,4.33665802964403,1177.0,7.071573364211532,32.51391,16541.375,21.912146,23.532806,23291.64,12752.065,613639.9945235488,444106.0,0.0,0.0
1958-08-01,295.8709677419355,5.69329759235371,1211.258064516129,7.10024006848231,253.83870967741936,5.540630833969967,416.5483870967742,6.034400434813127,31.901342,43124.21,21.570887,23.559982,64857.906,63127.43,616455.9693318729,443253.5,0.0,0.0
1958-09-01,570.6333333333333,6.348497760193991,899.2666666666667,6.8026910157335285,604.1666666666666,6.405503902186281,154.66666666666666,5.0477169690007875,28.58604,67028.52,17.94735,18.980007,71469.44,108370.61,619271.9441401971,442401.0,0.0,0.0
1958-10-01,670.3225806451613,6.509249767568265,62.76129032258064,4.155146271456937,268.7096774193548,5.597346111664912,332.0967741935484,5.808433060954449,23.337334,18060.633,12.703086,13.862462,37629.457,28749.004,621997.0810514786,441576.0,0.0,0.0
1958-11-01,232.33333333333334,5.452468046375295,1.0166666666666666,0.7014459833746404,244.43333333333334,5.503025355706561,164.33333333333334,5.107963638056818,15.086897,10182.476,5.7573423,6.7660413,20988.363,25264.473,624813.0558598028,440723.5,0.0,0.0
1958-12-01,206.1290322580645,5.333341943308902,0.15483870967741936,0.14396068892150835,239.32258064516128,5.481982106888459,228.06451612903226,5.434003693696948,13.274152,0.53027344,4.5421686,5.795919,1089.4199,103.32715,627538.1927710844,439898.5,0.0,0.0
1959-01-01,180.93548387096774,5.203652140006958,0.0,0.0,226.7741935483871,5.4283547590312,171.70967741935485,5.151612019595151,11.597896,7162.494,3.1381204,3.8934119,10711.272,9417.581,630354.1675794085,439046.0,0.0,0.0
1959-02-01,203.39285714285714,5.320043912233898,40.199999999999996,3.7184382563554808,377.89285714285717,5.9372534662840675,76.53571428571429,4.350738659703088,11.187794,44050.812,2.5604892,2.7605119,31239.947,60988.78,633170.1423877327,439586.3439211391,0.0,0.0
1959-03-01,230.32258064516128,5.443813189397429,1284.5806451612902,7.158965759208302,330.7741935483871,5.804454597601911,418.03225806451616,6.037947905179499,16.155945,54.426758,5.650447,7.4452524,999.38184,312.54004,635713.6035049288,440074.3964950712,0.0,0.0
1959-04-01,240.5,5.486869473092628,708.6,6.5647014309953695,169.76666666666668,5.140298102277047,453.6,6.119417911418443,21.711264,2420.6055,11.636447,12.350215,11190.188,19711.629,638529.578313253,440614.7404162103,0.0,0.0
1959-05-01,127.06451612903226,4.8525341691960895,717.2903225806451,6.5768738363193116,132.61290322580646,4.894946837470384,225.29032258064515,5.421818788051415,22.84132,943.63086,13.962677,14.350243,233.63379,10319.576,641254.7152245345,441137.6538882804,0.0,0.0
1959-06-01,78.66666666666667,4.377851263263401,1228.9333333333334,7.114715246355555,94.33333333333333,4.557379522151743,690.6333333333333,6.539055950064296,30.941261,2815.7031,21.214983,21.800184,9456.68,10520.181,644070.6900328586,441677.9978094195,0.0,0.0
1959-07-01,228.29032258064515,5.4349889847893955,1426.1290322580646,7.263420035433905,227.70967741935485,5.432453415041027,667.483870967742,6.505012269052341,33.47867,20754.328,22.795671,24.50061,57637.184,54073.46,646795.8269441403,442200.9112814896,0.0,0.0
1959-08-01,1330.8387096774193,7.1943157549377235,888.5806451612904,6.7907501664715175,545.7096774193549,6.303917907261304,266.7741935483871,5.590144063969889,30.309795,83921.92,19.943462,21.30138,85738.16,78990.41,649611.8017524644,442741.2552026287,0.0,0.0
1959-09-01,236.53333333333333,5.470307964503626,1084.6333333333334,6.989918813035761,130.33333333333334,4.877738620629824,383.4,5.951683677096137,27.517332,4742.8096,17.366112,18.420324,5639.6387,6763.1387,652427.7765607886,443281.5991237678,0.0,0.0
1959-10-01,552.0,6.315358001522335,284.8709677419355,5.655540547274288,639.8387096774194,6.462777802290155,24.60967741935484,3.2429703042459215,22.101934,62127.695,12.313898,13.682296,89465.2,45873.656,655152.9134720701,443804.5125958379,0.0,0.0
1959-11-01,1258.6,7.13854948922687,43.733333333333334,3.800718935869472,314.56666666666666,5.754369964466735,61.4,4.133565275375382,15.689855,20337.598,5.965128,7.440498,23209.344,13518.596,657968.8882803943,444344.856516977,0.0,0.0
1959-12-01,2674.9032258064517,7.8920422568447375,48.03548387096774,3.8925441966648275,1367.3225806451612,7.221340874950146,73.06451612903226,4.30493655295431,11.306703,116949.45,3.0661125,4.145431,75163.91,92713.84,660694.0251916758,444867.7699890471,0.0,0.0
1960-01-01,2620.3225806451615,7.871434271158552,205.76129032258066,5.331564940986353,858.6774193548387,6.756557225108844,207.83870967741936,5.341562230001044,8.350781,40829.758,-1.4359031,-0.53155714,53866.406,40545.95,663510.0,445408.1139101862,0.0,0.0
1960-02-01,1008.0689655172414,6.916783368381795,10.189655172413794,2.414989706157671,411.3448275862069,6.021859959454376,591.551724137931,6.384438167322117,9.854773,10036.851,0.7221078,1.8612634,20360.135,33632.12,666121.349028196,445948.4578313253,0.0,0.0
1960-03-01,2936.3870967741937,7.985275722573065,136.59354838709677,4.924304037678346,1873.0967741935483,7.535882101909842,2315.516129032258,7.747819667505573,16.959202,16310.538,7.91097,8.849013,20472.05,16287.913,668564.2239255407,446453.9408543264,0.0,0.0
1960-04-01,1643.7666666666667,7.405353809167034,304.8433333333333,5.7230729882737466,246.06666666666666,5.509658205743095,1328.5,7.1925582106830745,19.935905,164.36426,10.53954,11.372448,4963.3135,13269.663,671175.5729537366,446994.2847754655,0.0,0.0
1960-05-01,677.0,6.519147287940395,530.0,6.274762021241939,154.5483870967742,5.046956854255971,848.4516129032259,6.744590979987938,23.642601,1781.2305,13.90542,15.215734,13155.476,11431.406,673702.684916507,447517.1982475356,0.0,0.0
1960-06-01,284.6333333333333,5.654708937006963,934.5666666666667,6.841152406314189,108.9,4.699570861409576,1183.0666666666666,7.076710120165116,31.121567,679.4873,20.688135,22.276096,4167.5625,6231.9004,676314.0339447029,448057.5421686747,0.0,0.0
1960-07-01,130.7741935483871,4.881089802808957,1301.516129032258,7.172053156685023,90.0,4.51085950651685,710.516129032258,6.567398086327442,32.669952,17938.533,22.390966,24.061092,24362.143,23907.55,678841.1459074733,448580.4556407448,0.0,0.0
1960-08-01,171.58064516129033,5.150864635404906,1314.1290322580646,7.181690063188243,174.70967741935485,5.168833072898528,199.16129032258064,5.299123493153561,31.469023,42263.027,21.307112,23.244226,38371.64,43975.812,681452.4949356694,449120.7995618839,0.0,0.0
1960-09-01,136.0,4.919980925828125,1077.4666666666667,6.983295558227484,237.33333333333334,5.473670254025898,214.9,5.3748153375207615,29.162527,19596.68,18.981962,20.375286,16107.98,32160.535,684063.8439638653,449661.143483023,0.0,0.0
1960-10-01,236.2258064516129,5.4690124573760714,231.88064516129032,5.450526069792901,224.03225806451613,5.41624376110367,72.19354838709677,4.293107280294695,20.939129,33613.336,11.415672,12.329784,58670.33,61096.37,686590.9559266357,450184.0569550931,0.0,0.0
1960-11-01,190.8,5.256453162449338,3.363333333333333,1.473236291253699,228.9,5.437644431769136,237.93333333333334,5.476184572992611,15.376826,4411.343,6.8760157,7.4066505,8720.81,18850.379,689202.3049548316,450724.4008762322,0.0,0.0
1960-12-01,177.67741935483872,5.185582053547957,65.10322580645162,4.191217547579901,231.5483870967742,5.4490983199194325,205.3548387096774,5.329597204964991,10.227777,3506.7812,1.0197828,2.46362,24848.006,9477.232,691729.416917602,451247.3143483023,0.0,0.0
1961-01-01,180.0,5.198497031265826,5.119354838709677,1.8114566724558223,224.09677419354838,5.416530417261574,107.2258064516129,4.684219844920636,12.270325,12432.46,2.4587219,4.108727,16773.672,23725.81,694340.765945798,451787.6582694414,0.0,0.0
1961-02-01,194.53571428571428,5.275743044509498,315.57142857142856,5.757548898811861,225.25,5.421640582580036,77.03571428571429,4.357166597354487,13.337135,460.06445,3.8823032,5.5247426,8277.362,1923.834,696952.114973994,452328.0021905805,0.0,0.0
1961-03-01,338.93548387096774,5.828755846284085,1339.5483870967741,7.200834053329499,231.67741935483872,5.449653028018527,194.48387096774192,5.275477874578214,15.117302,21795.695,5.800825,6.539348,40678.445,53023.08,699310.752805913,452816.0547645126,0.0,0.0
1961-04-01,539.7,6.292864596387959,866.6666666666666,6.765807616326455,412.1333333333333,6.023770381859897,53.1,3.9908341858524357,19.857258,460.0957,10.028808,11.365136,4718.005,4397.9434,701922.1018341089,453356.3986856517,0.0,0.0
1961-05-01,197.51612903225808,5.290870351396841,1230.6774193548388,7.116132274869458,121.7741935483871,4.810346843370948,79.35483870967742,4.386452310777035,23.237072,29.572266,14.334662,14.967843,737.99316,2303.2275,704449.2137968793,453879.3121577218,0.0,0.0
1961-06-01,108.43333333333334,4.695315535839438,1481.3333333333333,7.3013727018425865,85.36666666666666,4.458601798899955,588.5,6.379274719977426,30.659775,1809.9775,21.14793,22.360441,8662.303,5065.039,707060.5628250752,454419.6560788609,0.0,0.0
1961-07-01,139.32258064516128,4.943943919597584,1650.0,7.409136443920128,133.0,4.897839799950911,242.6451612903226,5.495712909828302,32.37065,28999.035,22.45345,24.192945,44975.426,40390.93,709587.6747878456,454942.569550931,0.0,0.0
1961-08-01,285.80645161290323,5.658807603635993,1174.483870967742,7.069435146888749,268.5483870967742,5.59674791819131,129.38709677419354,4.87050769347842,30.734715,74643.4,20.445972,22.193985,64719.047,80210.17,712199.0238160416,455482.9134720701,0.0,0.0
1961-09-01,240.56666666666666,5.487145487447126,979.0,6.887552571664617,339.7,5.831002324666921,221.83333333333334,5.406424107873888,26.538252,19257.508,16.358316,17.438288,29458.355,42658.234,714810.3728442376,456023.2573932092,0.0,0.0
1961-10-01,146.93548387096774,4.996776258932703,261.16129032258067,5.568959926268058,160.96774193548387,5.0873971915495595,144.41935483870967,4.97962167067452,21.015635,9129.475,11.541701,12.362282,38908.223,16023.491,717337.484807008,456546.1708652793,0.0,0.0
1961-11-01,274.0,5.616771097666572,47.276666666666664,3.8769483521446553,219.76666666666668,5.397106336822824,32.03333333333333,3.4975171526678324,13.345394,3163.832,5.146911,5.5918365,25301.6,14712.866,719948.8338352039,457086.5147864184,0.0,0.0
1961-12-01,562.2258064516129,6.333680624908447,8.0,2.1972245773362196,295.5483870967742,5.692210399378609,220.2258064516129,5.3991839285377194,10.399518,50889.0,1.4974344,1.6034197,60647.75,49511.02,722475.9457979742,457609.4282584885,0.0,0.0
1962-01-01,1123.5483870967741,7.0251368003506895,36.17741935483871,3.6157015703856574,335.741935483871,5.8193168669231525,170.06451612903226,5.142040772651984,9.967858,53371.938,0.5960828,1.8679973,51792.527,45433.21,725087.2948261703,458149.7721796276,0.0,0.0
1962-02-01,2154.285714285714,7.675678575784761,151.4,5.026508643252546,1710.9285714285713,7.445375833534893,353.0,5.869296913133774,12.721964,30571.613,3.9096923,4.308408,34118.26,60557.117,727698.6438543663,458690.1161007667,0.0,0.0
1962-03-01,1722.9032258064517,7.452346316125153,152.40967741935484,5.033111973119023,1250.0645161290322,7.131750080783049,1819.2903225806451,7.506751285250667,12.255192,24371.625,3.1297548,3.8343792,26528.719,25498.578,730057.2816862853,459178.1686746988,0.0,0.0
1962-04-01,3999.0,8.294049640102028,970.9333333333333,6.879287215002612,840.9333333333333,6.73570083454396,883.0666666666667,6.784532474575389,21.951742,263.31934,11.801324,13.282472,2050.4258,1776.916,732668.6307144812,459718.5125958379,0.0,0.0
1962-05-01,1188.4193548387098,7.081220529915198,1122.483870967742,7.02418973546336,125.12903225806451,4.8373054484942655,210.5483870967742,5.354453752919447,22.345364,566.79395,13.252036,13.709205,1279.249,7823.493,735195.7426772516,460241.426067908,0.0,0.0
1962-06-01,310.1,5.740114403903592,1319.6,7.185841457760471,91.8,4.530446639792155,591.0666666666667,6.383619241156294,27.944685,4973.243,18.202309,19.535948,7676.8125,9906.423,737807.0917054475,460781.7699890471,0.0,0.0
1962-07-01,182.90322580645162,5.214409672546435,1315.483870967742,7.1827197274125805,89.54838709677419,4.5058843718767365,691.3225806451613,6.540052004001927,31.807495,10684.36,21.503584,22.803026,37072.37,33249.13,740334.2036682179,461304.6834611172,0.0,0.0
1962-08-01,150.5483870967742,5.020904960733712,1926.4516129032259,7.563954001570233,126.83870967741936,4.850769388705289,192.51612903225808,5.265360863167947,32.682243,9537.662,21.812944,23.270838,21802.773,15918.958,742945.552696414,461845.0273822563,0.0,0.0
1962-09-01,233.96666666666667,5.45944366011172,1363.25,7.218360106066341,178.76666666666668,5.1916597136750715,158.0,5.0689042022202315,28.631754,35571.89,18.40893,19.733067,57653.617,48967.79,745556.9017246099,462385.3713033954,0.0,0.0
1962-10-01,253.6451612903226,5.539871051737646,66.47419354838709,4.211745206974728,189.5483870967742,5.249906162822089,382.4516129032258,5.949213440495478,22.161612,3339.92,12.671882,13.706267,33009.723,16310.701,748084.0136873802,462908.2847754655,0.0,0.0
1962-11-01,234.43333333333334,5.461427787746767,112.31,4.730127425392475,191.53333333333333,5.260269298910507,103.06666666666666,4.645031719413222,17.22255,11062.89,8.325614,9.119353,29065.371,21421.406,750695.3627155762,463448.6286966046,0.0,0.0
1962-12-01,216.32258064516128,5.381382796475513,0.0,0.0,246.3548387096774,5.510823899680389,219.06451612903226,5.3939207584934445,12.58189,27337.242,3.7664952,4.7966604,27937.164,19010.117,753222.4746783465,463971.5421686747,0.0,0.0
1963-01-01,248.80645161290323,5.520686424471267,0.0,0.0,250.03225806451613,5.525581449059352,182.61290322580646,5.212829754724597,8.90084,14747.744,0.01919375,1.1614423,26339.34,15284.152,755833.8237065426,464511.8860898138,0.0,0.0
1963-02-01,1285.857142857143,7.159958201324159,91.17857142857143,4.52372768954341,249.42857142857142,5.523173735865921,268.75,5.597495604138244,15.67503,31860.836,5.489756,7.396183,37342.773,34244.918,758445.1727347386,465052.2300109529,0.0,0.0
1963-03-01,783.0645161290323,6.6644913079456,1464.6129032258063,7.29002879793802,222.74193548387098,5.410493313975231,79.51612903225806,4.388457525004172,14.768699,15709.786,5.2050967,6.057861,21400.5,21170.49,760803.8105666576,465540.282584885,0.0,0.0
1963-04-01,900.0,6.803505257608338,1050.2,6.957687647730346,155.06666666666666,5.050283266388701,74.53333333333333,4.324574059925796,17.575087,7871.8066,8.778206,9.101878,13346.072,19037.273,763415.1595948535,466080.6265060241,0.0,0.0
1963-05-01,298.1290322580645,5.70087502631508,1358.8387096774193,7.21512137587163,113.38709677419355,4.739588282149007,53.354838709677416,3.995533638301316,25.46282,15.31543,15.64622,16.609245,140.44922,350.45117,765942.2715576239,466603.53997809417,0.0,0.0
1963-06-01,104.5,4.658710952916121,1821.6666666666667,7.508055909175731,82.63333333333334,4.426442164704267,235.46666666666667,5.465807253671412,26.774792,78.06836,17.654669,18.49494,987.18066,328.88672,768553.6205858199,467143.8838992333,0.0,0.0
1963-07-01,78.3225806451613,4.373522837731047,1969.032258064516,7.58580519625001,89.06451612903226,4.500526259397117,310.38709677419354,5.741036822363469,32.831104,2486.1377,22.823666,24.584942,28832.379,16419.34,771080.7325485902,467666.7973713034,0.0,0.0
1963-08-01,1030.774193548387,6.939035117399092,1133.6129032258063,7.034046817316613,793.0322580645161,6.6771240877071545,91.58064516129032,4.52808010426852,30.260736,98798.305,19.798792,21.555952,114818.734,118132.92,773692.0815767862,468207.1412924425,0.0,0.0
1963-09-01,924.9666666666667,6.830838236878037,1037.8333333333333,6.945853567580795,405.23333333333335,6.006927707161347,528.8666666666667,6.272625402569497,29.31117,14585.721,18.716528,19.946804,31294.322,38424.168,776303.4306049822,468747.4852135816,0.0,0.0
1963-10-01,326.3225806451613,5.790946169793936,132.10967741935485,4.891173430641934,176.6451612903226,5.179788084777336,489.5483870967742,6.195523922655313,23.676847,44753.246,14.198381,15.020697,29219.031,30713.734,778830.5425677525,469270.3986856517,0.0,0.0
1963-11-01,309.8,5.739149618493492,6.91,2.0681277817795625,255.16666666666666,5.545828274310541,312.76666666666665,5.748649609885065,15.640999,42117.836,6.8495374,7.6672873,30226.832,48139.85,781441.8915959485,469810.7426067908,0.0,0.0
1963-12-01,202.70967741935485,5.316695830299445,104.06129032258065,4.6545438972187245,244.19354838709677,5.502047892080894,566.5483870967741,6.3413260093274735,11.0511055,906.08594,2.2032595,3.4908571,4936.3525,4483.2666,783969.0035587188,470333.6560788609,0.0,0.0
1964-01-01,160.7741935483871,5.08620149591089,26.448387096774194,3.3123074083703656,240.32258064516128,5.486134547387259,206.41935483870967,5.334742612746519,8.488767,7394.536,-0.32946876,1.0258765,19868.164,15373.27,786580.3525869149,470874.0,0.0,0.0
1964-02-01,167.9655172413793,5.129694654112244,199.35172413793103,5.300074442674928,219.93103448275863,5.397850591652547,169.6206896551724,5.139442903525905,9.603661,2818.503,0.07009844,1.7230234,7461.284,1890.6416,789191.7016151109,470661.90366721404,0.0,0.0
1964-03-01,220.0,5.3981627015177525,1206.3870967741937,7.096213879518899,315.2258064516129,5.75645653577658,115.83870967741936,4.760794433958212,13.191778,27011.3,3.2076266,4.111868,27137.531,43226.5,791634.5765124555,470463.4909688013,0.0,0.0
1964-04-01,955.6666666666666,6.863455020085557,928.5,6.834646807161499,1058.5333333333333,6.965583838594609,93.36666666666666,4.547187903449744,18.196255,4005.8818,7.871992,9.022648,17766.72,34040.203,794245.9255406515,470251.39463601535,0.0,0.0
1964-05-01,368.83870967741933,5.9130669908068585,998.5806451612904,6.907335836189597,130.48387096774192,4.8788841898574695,153.61290322580646,5.040924594674485,23.152777,320.57324,14.112867,14.290458,1100.1084,7123.71,796773.0375034219,470046.140120416,0.0,0.0
1964-06-01,137.86666666666667,4.933514240158762,1298.3333333333333,7.169606591399396,91.9,4.531523645819793,532.2666666666667,6.279021611746612,27.9606,288.23828,18.421026,18.911777,3838.1533,8858.768,799384.3865316178,469834.04378763,0.0,0.0
1964-07-01,278.8709677419355,5.634328667461618,1343.225806451613,7.203573517723557,154.74193548387098,5.048200377732276,509.5806451612903,6.235548598020169,32.492172,45010.363,22.356667,23.967432,64798.375,66912.45,801911.4984943882,469628.78927203064,0.0,0.0
1964-08-01,634.3870967741935,6.454234414380548,590.4193548387096,6.382525334036575,896.258064516129,6.799343518024247,574.3225806451613,6.354930893307846,29.93484,78508.34,20.24005,21.54611,59807.11,68236.266,804522.8475225841,469416.6929392447,0.0,0.0
1964-09-01,800.3666666666667,6.686318603459614,516.6,6.249202743186691,231.36666666666667,5.448316583824243,773.5,6.652217659856923,26.877533,38941.734,17.025135,18.403376,65647.06,32708.008,807134.1965507802,469204.59660645865,0.0,0.0
1964-10-01,295.16129032258067,5.690904205658554,348.7741935483871,5.857287784987036,156.2258064516129,5.057683029700005,209.32258064516128,5.348642450435553,23.885614,17626.023,13.957889,15.602525,9781.815,3154.3477,809661.3085135506,468999.3420908593,0.0,0.0
1964-11-01,190.16666666666666,5.253145647901316,90.87333333333332,4.520410816778889,210.2,5.352805551832106,132.73333333333332,4.895847767419671,13.032659,21766.906,4.6627736,4.814026,25853.086,18513.43,812272.6575417465,468787.24575807335,0.0,0.0
1964-12-01,207.80645161290323,5.341407754060364,1.5806451612903225,0.9480394301887354,255.74193548387098,5.5480714383207035,235.90322580645162,5.46765172781518,11.067567,34773.48,2.4033594,2.6345437,30287.719,34843.426,814799.7695045169,468581.991242474,0.0,0.0
1965-01-01,1862.3870967741937,7.530151130431973,1.1709677419354838,0.7751730321655358,1562.7096774193549,7.354816275625707,74.48387096774194,4.3239190038666,11.543924,57037.82,3.2378109,4.191308,62087.297,61910.78,817411.1185327128,468369.89490968804,0.0,0.0
1965-02-01,1409.607142857143,7.251775488462622,29.664285714285715,3.4230986456152563,941.2142857142857,6.848232728233661,82.10714285714286,4.420130653127088,11.764159,50656.645,1.8168875,3.7581136,40881.836,41483.21,820022.4675609089,468157.798576902,0.0,0.0
1965-03-01,1684.741935483871,7.429961063669611,104.04516129032258,4.6543903652146765,1491.3870967741937,7.308132195352908,1259.4516129032259,7.139225358666435,13.344522,38173.37,4.0840173,4.825981,26063.043,59110.67,822381.1053928279,467966.227695676,0.0,0.0
1965-04-01,3380.6666666666665,8.126123963591805,4.47,1.6992786164338898,4327.833333333333,8.373053346662335,2348.3,7.761872690425002,18.01269,46195.42,8.842719,8.822935,32556.402,86795.164,824992.4544210238,467754.13136289,0.0,0.0
1965-05-01,1482.967741935484,7.302474686250829,265.5451612903226,5.585543690000727,265.3225806451613,5.584708283236198,1307.0967741935483,7.176328515666791,21.907866,11886.499,12.433811,12.842996,5898.4873,23467.035,827519.5663837942,467548.87684729067,0.0,0.0
1965-06-01,556.5,6.323462503334274,568.6,6.344934360097766,129.6,4.8721392168423305,1143.7666666666667,7.042956110650846,25.36313,4912.874,16.454365,16.62085,13129.242,8999.373,830130.9154119901,467336.78051450464,0.0,0.0
1965-07-01,396.64516129032256,5.985560053066373,748.5032258064516,6.619410621477956,162.58064516129033,5.097306111309873,1255.1935483870968,7.135841434190421,32.032673,27277.441,21.559105,22.620617,63600.566,52027.953,832658.0273747605,467131.5259989053,0.0,0.0
1965-08-01,520.8709677419355,6.257420369092752,535.0,6.284134161070802,228.2258064516129,5.434707572095826,1508.3225806451612,7.319416207058676,31.29785,26518.582,20.819168,21.840826,36596.42,45255.465,835269.3764029564,466919.42966611934,0.0,0.0
1965-09-01,232.93333333333334,5.455036174481005,652.3333333333334,6.482087463556454,336.9,5.822749993720244,753.5666666666667,6.626143633040971,26.152916,30089.176,16.488161,16.786572,23447.39,54062.945,837880.7254311525,466707.3333333333,0.0,0.0
1965-10-01,161.38709677419354,5.089982971210115,164.0,5.10594547390058,166.16129032258064,5.118959156636909,302.83870967741933,5.716497000337671,23.221897,3201.7285,12.99427,14.606077,15833.187,8480.057,840407.8373939227,466502.078817734,0.0,0.0
1965-11-01,506.9,6.2302845778072,191.06333333333333,5.257825178746677,1384.2666666666667,7.23364793919767,44.63333333333333,3.8206384436262937,16.809542,42868.582,8.0700035,8.575198,50281.28,80229.46,843019.1864221188,466289.982484948,0.0,0.0
1965-12-01,6326.548387096775,8.752668139501344,1823.0741935483873,7.508827846094512,4612.774193548387,8.43680149812312,1415.5483870967741,7.255978478303646,11.253885,157430.25,2.6648376,2.8376315,139212.19,135017.89,845546.2983848891,466084.72796934866,0.0,0.0
1966-01-01,1768.4193548387098,7.478406723634598,3984.064516129032,8.29030878083706,1047.741935483871,6.955346568105958,1692.967741935484,7.434828832489652,8.932773,24914.16,-0.08085313,0.7911116,21100.656,15108.67,848157.6474130851,465872.6316365627,0.0,0.0
1966-02-01,699.7142857142857,6.5521002229441505,1237.857142857143,7.121944574624115,396.92857142857144,5.986272520405557,496.7857142857143,6.2101696918232605,9.860094,47784.99,0.40766406,1.3423344,23758.484,26372.064,850768.9964412812,465660.5353037767,0.0,0.0
1966-03-01,3216.1612903225805,8.076254662855881,1599.8387096774193,7.378282964434815,1714.6451612903227,7.447544476200619,883.2258064516129,6.784712467181584,15.986212,6795.591,6.6435905,7.69475,9492.541,14450.291,853127.6342732001,465468.96442255063,0.0,0.0
1966-04-01,2498.3333333333335,7.823779308627747,1607.1333333333334,7.382829365040978,276.4,5.625460507880731,578.4333333333333,6.362050614459385,20.46514,448.3291,10.53066,11.754133,4889.118,2607.3428,855738.9833013961,465256.86808976467,0.0,0.0
1966-05-01,876.9032258064516,6.7775363663831545,775.1290322580645,6.6543187850435235,166.7741935483871,5.122618989287926,1148.2903225806451,7.046899920066614,25.603302,135.83789,15.65283,16.409634,266.09375,1096.624,858266.0952641665,465051.6135741653,0.0,0.0
1966-06-01,268.2,5.595454597770573,817.7333333333333,6.707758430508174,120.83333333333333,4.802653990521724,1853.6666666666667,7.525460264375224,29.252083,2638.08,19.007238,20.069252,14534.7,9488.911,860877.4442923624,464839.5172413793,0.0,0.0
1966-07-01,200.19354838709677,5.304267372040976,1252.9032258064517,7.134016545811774,147.09677419354838,4.9978659397640754,1020.4516129032259,6.928980044465384,32.500523,16418.586,22.897089,23.480356,45571.848,50468.906,863404.5562551328,464634.26272577996,0.0,0.0
1966-08-01,459.2903225806452,6.131857426445429,1212.6129032258063,7.101357060167819,316.80645161290323,5.761442554755282,373.4193548387097,5.925376438883476,31.699778,53800.758,21.084368,22.712858,62789.195,54159.156,866015.9052833287,464422.166392994,0.0,0.0
1966-09-01,579.1333333333333,6.363257962178415,1124.9666666666667,7.026397204945877,261.4,5.5698700570699335,140.83333333333334,4.954652659345319,27.995104,69947.01,17.75108,19.379105,37947.516,29586.355,868627.2543115248,464210.070060208,0.0,0.0
1966-10-01,222.48387096774192,5.409339245757125,299.1290322580645,5.704212489713354,250.80645161290323,5.528660743255414,525.3548387096774,6.2659755836059245,21.332863,15391.105,11.887071,12.961696,11933.538,17199.066,871154.3662742951,464004.81554460863,0.0,0.0
1966-11-01,211.53333333333333,5.3590988388078955,29.5,3.417726683613366,264.1666666666667,5.580358559109732,501.73333333333335,6.220059877100437,16.045454,19231.516,8.052683,8.171979,23159.398,33666.24,873765.7153024911,463792.71921182267,0.0,0.0
1966-12-01,444.61290322580646,6.099450645163772,1192.774193548387,7.084875158436387,2805.3225806451615,7.939630215083105,97.64516129032258,4.591529182003861,11.103735,16693.258,1.8244594,2.9331799,36977.86,77825.03,876292.8272652614,463587.4646962233,0.0,0.0
1967-01-01,209.70967741935485,5.35048124960521,77.04193548387097,4.357246316624596,310.0,5.739792912179234,245.1290322580645,5.5058559197933565,10.170635,9965.619,1.3471812,2.7955158,9172.874,13951.862,878904.1762934574,463375.3683634373,0.0,0.0
1967-02-01,222.71428571428572,5.410369727495435,22.599999999999998,3.161246712031564,261.10714285714283,5.568753362369859,1126.1785714285713,7.0274729499607,13.189762,23.081055,4.1400623,5.5038824,4562.8984,45.745117,881515.5253216535,463163.27203065134,0.0,0.0
1967-03-01,298.35483870967744,5.7016296212951,940.2258064516129,6.847183075146694,229.7741935483871,5.441439715333817,309.64516129032256,5.7386513003070245,16.343885,13495.544,7.8201733,8.3521,31131.457,15269.819,883874.1631535725,462971.7011494253,0.0,0.0
1967-04-01,305.3333333333333,5.724673833687577,820.8333333333334,6.711537616996071,266.6,5.589493328254074,126.86666666666666,4.850988054341173,16.044794,10857.148,7.880878,7.6689143,8920.256,18524.004,886485.5121817684,462759.6048166393,0.0,0.0
1967-05-01,172.2258064516129,5.154595983017764,866.5483870967741,6.765671287898669,166.7741935483871,5.122618989287926,617.483870967742,6.427271113833245,23.369,3405.9385,13.232781,14.250419,10321.584,14381.571,889012.6241445388,462554.3503010399,0.0,0.0
1967-06-01,128.53333333333333,4.86393824827523,992.8666666666667,6.901603059496939,164.33333333333334,5.107963638056818,669.9666666666667,6.508719458638876,27.311995,7328.1445,17.75506,17.97378,10191.718,21202.883,891623.9731727347,462342.25396825396,0.0,0.0
1967-07-01,376.5483870967742,5.933698738214814,848.0322580645161,6.744097180954107,175.61290322580646,5.173960350199556,913.3548387096774,6.818218722273258,32.354206,58127.95,21.80763,23.280226,78479.89,74592.375,894151.0851355051,462136.9994526546,0.0,0.0
1967-08-01,1337.9354838709678,7.199630162208461,1166.5806451612902,7.062689062242096,327.48387096774195,5.794487737686519,532.1935483870968,6.278884488432207,31.714437,27817.562,20.096298,22.057165,63970.062,70207.46,896762.434163701,461924.90311986866,0.0,0.0
1967-09-01,686.6,6.533207273508694,1146.9666666666667,7.045747540453313,229.86666666666667,5.441840343300212,302.1,5.714062784063757,27.84306,47678.293,17.568745,19.003891,31285.123,43495.863,899373.7831918971,461712.80678708263,0.0,0.0
1967-10-01,213.67741935483872,5.369136526344066,536.9612903225806,6.287786606499911,179.74193548387098,5.197070243080138,129.93548387096774,4.8747047123537515,22.801924,12939.431,13.020878,14.222497,5687.823,7352.3604,901900.8951546674,461507.5522714833,0.0,0.0
1967-11-01,194.83333333333334,5.277263957350204,5.05,1.80005827204275,204.03333333333333,5.323172567546213,373.76666666666665,5.926303610087604,17.295115,45348.43,8.045011,8.981491,27155.264,24839.756,904512.2441828634,461295.4559386973,0.0,0.0
1967-12-01,1167.483870967742,7.063462350689589,34.877419354838715,3.5801081102683177,988.1612903225806,6.896857402575245,316.93548387096774,5.761848481288155,8.412829,146382.47,-0.31055,-0.9127848,114981.05,117582.47,907039.3561456337,461090.201423098,0.0,0.0
1968-01-01,1858.774193548387,7.528210358019439,7.680645161290323,2.161095853247714,1199.8387096774193,7.0907755163731325,508.96774193548384,6.2343474726110415,10.836877,8766.642,1.2580594,0.8873342,21149.621,26449.719,909650.7051738297,460878.10509031196,0.0,0.0
1968-02-01,3129.655172413793,8.048997581889768,1991.5137931034483,7.59715233315155,2433.3793103448274,7.797447099674163,197.27586206896552,5.289659303804922,15.004455,38696.848,5.824186,6.758656,26463.55,22834.684,912262.0542020258,460666.008757526,0.0,0.0
1968-03-01,2828.7096774193546,7.9479293978905,2238.032258064516,7.713799023848483,1230.2903225806451,7.11581794125413,434.4516129032258,6.076383683123681,15.243475,41093.43,5.819425,7.0791326,38496.2,20303.89,914704.9290993704,460467.5960591133,0.0,0.0
1968-04-01,2798.6666666666665,7.937255641457518,2566.3333333333335,7.850623025706745,599.5,6.397762641520038,661.9,6.496624149247346,18.312449,3600.5596,8.242877,9.081514,16679.238,25124.414,917316.2781275664,460255.4997263273,0.0,0.0
1968-05-01,1346.483870967742,7.205994333114293,1278.0967741935483,7.153909462667642,271.38709677419354,5.607224204483065,1151.3870967741937,7.049590806318631,23.703512,200.55371,13.6683235,14.681817,1645.8984,7163.3643,919843.3900903367,460050.24521072797,0.0,0.0
1968-06-01,458.0,6.129050210060545,1235.5333333333333,7.120067044409141,144.2,4.978112102390695,1639.0,7.402451520818244,29.214733,847.4043,19.192215,20.298122,3174.4443,10669.758,922454.7391185327,459838.148877942,0.0,0.0
1968-07-01,281.51612903225805,5.643735642876197,1106.0645161290322,7.009467211163109,160.03225806451613,5.081604705564117,1444.6774193548388,7.276333293014743,31.19333,48604.812,20.816103,22.51243,50997.15,66298.125,924981.8510813031,459632.89436234266,0.0,0.0
1968-08-01,701.2903225806451,6.5543468834611005,1176.516129032258,7.071162523488699,336.9032258064516,5.822759540305192,954.9677419354839,6.862724169736793,29.021376,50897.336,18.374302,19.85699,67397.734,45813.695,927593.200109499,459420.79802955664,0.0,0.0
1968-09-01,232.23333333333332,5.452039383083742,1775.3333333333333,7.482306593628673,154.2,5.0447146077491185,399.9,5.993712019648461,27.7932,335.9043,16.814268,18.655521,6262.496,1587.1406,930204.549137695,459208.7016967707,0.0,0.0
1968-10-01,228.61290322580646,5.436394861584992,923.6129032258065,6.82937516692485,230.4516129032258,5.444370836142675,164.16129032258064,5.106922513548407,21.92989,15609.937,12.652298,13.614855,16066.54,28094.457,932731.6611004653,459003.44718117133,0.0,0.0
1968-11-01,207.5,5.339939041238856,422.96666666666664,6.049654835789329,265.43333333333334,5.585124055963863,78.06666666666666,4.370291378455461,15.088639,31294.043,5.808031,7.0545473,27523.465,20980.066,935343.0101286613,458791.3508483853,0.0,0.0
1968-12-01,224.32258064516128,5.417533067205916,798.9677419354839,6.684571404274305,286.19354838709677,5.660156373088525,39.064516129032256,3.690491058008278,9.129017,23405.0,0.20712812,1.0729147,45276.57,27080.902,937870.1220914316,458586.09633278596,0.0,0.0
1969-01-01,1298.516129032258,7.1697472657261505,187.80645161290323,5.240722424806075,2382.8064516129034,7.7764538384854625,69.70967741935483,4.2585824435827595,12.616869,57294.26,4.144353,5.0479536,41300.63,68970.016,940481.4711196277,458374.0,0.0,0.0
1969-02-01,694.1428571428571,6.544117374288154,474.82142857142856,6.165042633785008,729.8571428571429,6.59421801364342,105.85714285714286,4.671492828919164,11.565924,31324.936,2.6938891,3.0302818,27161.795,54918.14,943092.8201478238,457838.74917853234,0.0,0.0
1969-03-01,1222.258064516129,7.109273122844112,610.9354838709677,6.416626858443913,1862.3225806451612,7.5301165067909475,1639.6774193548388,7.402864496114425,13.384839,19703.098,3.4303687,4.50736,23695.059,35957.402,945451.4579797427,457355.2968236583,0.0,0.0
1969-04-01,2395.0,7.78155595923534,1387.6666666666667,7.236099333152808,863.1333333333333,6.7617270778854515,1033.9666666666667,6.942124499061679,19.693052,2338.8936,10.000592,10.860909,4386.826,2666.706,948062.8070079386,456820.04600219056,0.0,0.0
1969-05-01,1021.0645161290323,6.929579896099024,2147.0967741935483,7.672337507776624,199.58064516129033,5.301216386133553,212.70967741935485,5.364618446369277,25.143738,13467.043,14.324843,15.883269,29975.668,20520.574,950589.918970709,456302.0613362541,0.0,0.0
1969-06-01,312.26666666666665,5.7470547980006055,2269.3333333333335,7.727681942573208,126.56666666666666,4.848639103763547,403.1333333333333,6.001744856515538,27.573114,0.20605469,18.14466,19.167799,315.792,1660.0176,953201.267998905,455766.8105147864,0.0,0.0
1969-07-01,213.1290322580645,5.366578787794774,1129.032258064516,7.0300014582586785,147.96774193548387,5.003729785429295,1289.7096774193549,7.162947483619925,32.657925,20373.79,22.285124,23.505323,56644.848,59557.027,955728.3799616753,455248.82584884996,0.0,0.0
1969-08-01,348.1290322580645,5.85544157381,205.16129032258064,5.328658825165135,210.06451612903226,5.352163850384592,1925.483870967742,7.563451791836897,33.24983,47909.695,22.45449,23.896378,62964.76,67387.56,958339.7289898713,454713.57502738223,0.0,0.0
1969-09-01,494.23333333333335,6.205029031975197,1309.9,7.178469203203764,269.4,5.599902344168809,92.33333333333333,4.53617731450114,29.05109,34673.97,18.462524,19.586002,24691.844,41280.977,960951.0780180674,454178.32420591457,0.0,0.0
1969-10-01,231.29032258064515,5.44798797976372,866.1935483870968,6.765262191067183,182.61290322580646,5.212829754724597,46.806451612903224,3.867160601370886,19.762,8282.627,10.626246,11.157727,24218.012,31095.68,963478.1899808377,453660.3395399781,0.0,0.0
1969-11-01,293.06666666666666,5.6838064990027295,13.620000000000001,2.6823904543216326,269.26666666666665,5.599409125909736,349.6666666666667,5.8598361046295455,15.640579,40626.812,5.9850516,6.9337907,32973.645,35974.35,966089.5390090337,453125.0887185104,0.0,0.0
1969-12-01,261.19354838709677,5.569082965333116,796.2258064516129,6.681137959178989,247.1290322580645,5.513948902223524,33.54838709677419,3.5423608659626025,11.948309,18193.23,4.0730796,4.407656,18704.73,10715.54,968616.650971804,452607.1040525739,0.0,0.0
1970-01-01,229.16129032258064,5.438780325425791,171.78064516129032,5.1520228429282255,259.8709677419355,5.564025908610676,27.096774193548388,3.3356547723673566,10.227723,1884.8369,1.145014,2.537991,5143.1514,10732.625,971228.0,452071.85323110624,0.0,0.0
1970-02-01,229.42857142857142,5.439940929069896,757.0,6.630683385642372,236.28571428571428,5.4692649605579815,27.892857142857142,3.363594406883288,14.419801,13347.881,4.8553357,6.2644887,15413.366,6322.327,975913.8410958904,451536.6024096386,0.0,0.0
1970-03-01,605.2258064516129,6.407252534571454,649.258064516129,6.477369306429677,843.0645161290323,6.738228932585676,212.06451612903226,5.3615950124712795,14.251972,84157.82,4.227236,5.6146946,46400.312,101567.39,980146.2136986301,451053.1500547645,0.0,0.0
1970-04-01,931.3666666666667,6.837726156486804,1444.6666666666667,7.276325855167257,299.73333333333335,5.706223936306186,86.23333333333333,4.468586520867991,16.78585,2547.8848,6.6629877,7.5155196,17119.43,16414.225,984832.0547945206,450517.8992332968,0.0,0.0
1970-05-01,669.8709677419355,6.508576820032775,1604.516129032258,7.381200559590759,165.80645161290323,5.116834167911075,36.25806451612903,3.6178684184707475,24.828527,38.112305,14.595321,15.637058,1896.5049,871.20703,989366.7397260274,449999.91456736036,0.0,0.0
1970-06-01,204.76666666666668,5.3267428407317405,2048.0,7.6251071482389,125.9,4.843399374720342,47.666666666666664,3.884994333040227,29.39621,1059.7354,19.174133,20.344072,5611.3594,1960.7793,994052.5808219179,449464.66374589264,0.0,0.0
1970-07-01,162.93548387096774,5.099472959394963,1602.5806451612902,7.37999431107796,207.0,5.337538079701318,579.5483870967741,6.363973151836056,33.319614,25930.031,22.559809,24.021103,34307.133,67879.375,998587.2657534246,448946.6790799562,0.0,0.0
1970-08-01,336.5806451612903,5.821804430394954,1282.9032258064517,7.15766011209988,308.61290322580646,5.735322817933045,236.03225806451613,5.46819624184987,31.944492,45239.746,21.283459,23.027454,42228.88,72267.65,1003273.1068493151,448411.4282584885,0.0,0.0
1970-09-01,829.6666666666666,6.722228591239234,1107.6333333333334,7.010883304487248,1463.1333333333334,7.289018765055449,335.8666666666667,5.819687204189698,26.488176,91601.125,16.645374,17.236042,57824.938,61525.21,1007958.9479452055,447876.1774370208,0.0,0.0
1970-10-01,252.29032258064515,5.534536350911205,315.4225806451613,5.757078600746339,225.4516129032258,5.4225312925347104,720.6451612903226,6.581533551726758,19.593523,7433.634,9.603181,11.077836,22431.717,8914.901,1012493.6328767124,447358.1927710843,0.0,0.0
1970-11-01,172.36666666666667,5.155408812110917,6.1899999999999995,1.9726911717329552,255.5,5.547128664610824,474.1333333333333,6.163595466399661,15.541504,2925.8994,6.6822267,7.7118025,6883.9834,19319.926,1017179.4739726027,446822.94194961665,0.0,0.0
1970-12-01,184.48387096774192,5.222967929306249,4.422580645161291,1.6905718359294237,278.258064516129,5.6321363167306275,424.96774193548384,6.054363620246086,10.5033455,19349.598,2.9583907,2.364553,23227.088,30492.744,1021714.1589041096,446304.95728368015,0.0,0.0
1971-01-01,215.67741935483872,5.378409700781718,4.080645161290323,1.6254382537805416,283.8709677419355,5.652036332983656,213.16129032258064,5.366729424234013,10.375953,4268.4873,1.8059031,2.8237736,10539.117,3233.1494,1026400.0,445769.7064622125,0.0,0.0
1971-02-01,221.5,5.404927101606295,578.5,6.362165662779806,247.85714285714286,5.516879008357135,100.46428571428571,4.619706871678984,12.521622,13501.3,3.1811984,3.9723792,13569.672,24903.393,1031563.8356164383,445234.4556407448,0.0,0.0
1971-03-01,262.16129032258067,5.572767115392358,1324.1935483870968,7.1893138020069305,259.64516129032256,5.563159947029995,40.87096774193548,3.734592692778889,16.083992,94.728516,6.6353517,7.342138,7261.8525,3020.296,1036227.9452054794,444751.0032858708,0.0,0.0
1971-04-01,259.46666666666664,5.56247489395286,1113.0666666666666,7.015772263101172,198.66666666666666,5.296649309447339,43.266666666666666,3.790231948374224,18.22887,4024.6133,8.914136,9.568309,10400.005,13297.127,1041391.7808219178,444215.75246440305,0.0,0.0
1971-05-01,179.90322580645162,5.19796222422928,1213.0967741935483,7.101755683593553,148.6451612903226,5.008266900266597,39.516129032258064,3.7017001425429976,21.724722,3981.8242,12.385094,12.65145,2146.837,17592.648,1046389.0410958905,443697.7677984666,0.0,0.0
1971-06-01,100.13333333333334,4.616439778246322,1061.4,6.968285778722169,108.16666666666667,4.692875766407197,503.3,6.22317132908268,28.272648,0.0,18.936432,19.61448,1016.9912,67.805664,1051552.8767123288,443162.5169769989,0.0,0.0
1971-07-01,122.87096774193549,4.8192404410966265,1287.6774193548388,7.161371715106875,109.19354838709677,4.702238350423314,607.0322580645161,6.41022793658591,32.891132,21010.14,23.02564,24.356848,31499.914,33471.39,1056550.1369863013,442644.53231106244,0.0,0.0
1971-08-01,860.1935483870968,6.758319274039826,607.516129032258,6.411023418292006,442.5806451612903,6.094879623237799,463.9032258064516,6.141829267382837,29.857128,101185.336,20.015255,21.764757,78677.45,96979.42,1061713.9726027397,442109.2814895947,0.0,0.0
1971-09-01,529.1666666666666,6.273191422521089,585.4,6.374002150572442,172.83333333333334,5.158096985772717,819.0,6.709304340258298,27.640535,36782.742,17.446184,18.532732,53224.6,36933.477,1066877.808219178,441574.03066812706,0.0,0.0
1971-10-01,2146.8709677419356,7.672232382940785,139.55806451612904,4.945620673978467,305.48387096774195,5.725165130721603,307.51612903225805,5.731774124093069,18.605688,26469.164,9.325663,10.128408,76058.75,53531.28,1071875.0684931506,441056.04600219056,0.0,0.0
1971-11-01,727.4,6.590850347853453,6.973333333333333,2.0761026404143212,286.5,5.661222860237405,417.1666666666667,6.035880077138367,14.180234,1302.5908,5.764289,6.075618,18993.996,6774.01,1077038.904109589,440520.7951807229,0.0,0.0
1971-12-01,1574.5483870967741,7.3623586729420145,8.448387096774193,2.2458440493485416,1349.6451612903227,7.208337654528043,433.19354838709677,6.073490398713573,9.155462,20984.074,0.44405156,0.26898417,50057.805,53147.03,1082036.1643835616,440002.8105147864,0.0,0.0
1972-01-01,644.6451612903226,6.470250066941528,5.361290322580645,1.8502312376833887,383.61290322580646,5.952237382320986,163.90322580645162,5.1053587915722245,9.820699,0.4501953,2.462786,2.8106775,806.99414,43.34082,1087200.0,439467.55969331873,0.0,0.0
1972-02-01,332.13793103448273,5.808556611531036,5.1482758620689655,1.8161716948826208,247.17241379310346,5.51412372152133,716.8275862068965,6.576229409581185,13.9158745,3.2128906,4.5665703,5.6229773,271.35156,454.4463,1093086.6120218579,438932.30887185107,0.0,0.0
1972-03-01,493.9032258064516,6.204362240034095,466.4032258064516,6.147192323677971,194.19354838709677,5.273991622137175,855.4193548387096,6.752760156692175,19.762735,1.7685547,9.914972,10.961357,105.49219,74.552734,1098593.4426229508,438431.5903614458,0.0,0.0
1972-04-01,257.43333333333334,5.554637762556804,1203.8,7.094068857045629,179.93333333333334,5.198128639292604,98.66666666666667,4.601831284722577,19.94516,14.254883,10.196754,11.205786,283.94336,5558.9834,1104480.0546448086,437896.3395399781,0.0,0.0
1972-05-01,151.06451612903226,5.024304879010931,1344.1935483870968,7.204293183829559,138.51612903225808,4.938180214880833,51.54838709677419,3.961734404116899,24.043318,3165.9336,13.909745,15.180075,7581.6514,7585.6885,1110176.7759562843,437378.35487404163,0.0,0.0
1972-06-01,189.93333333333334,5.251924326978326,1491.6666666666667,7.30831950849059,146.23333333333332,4.992018629934371,81.93333333333334,4.418037072196915,29.385714,11212.372,18.66186,19.848082,34072.867,30452.656,1116063.3879781421,436843.1040525739,0.0,0.0
1972-07-01,149.32258064516128,5.012783522634545,1482.258064516129,7.301996342181871,159.90322580645162,5.080803102314781,382.0,5.948034989180646,33.2224,16022.26,22.488634,24.17629,38215.766,35464.855,1121760.1092896175,436325.11938663747,0.0,0.0
1972-08-01,178.7741935483871,5.19170158308439,1165.967741935484,7.062163990032605,244.16129032258064,5.501916321789277,383.1290322580645,5.950978517650521,30.509815,33498.855,20.420422,21.918167,40965.676,40508.055,1127646.7213114754,435789.86856516975,0.0,0.0
1972-09-01,209.5,5.349485653122436,860.3,6.758442875795128,158.06666666666666,5.069323401555652,409.0,6.016157159698354,27.590282,12475.723,17.595205,18.596746,24974.16,22547.998,1133533.3333333333,435254.6177437021,0.0,0.0
1972-10-01,4731.8387096774195,8.462280451505476,696.6774193548387,6.547756846016749,4194.032258064516,8.341656308517633,175.99032258064514,5.1760950563934935,20.58446,109561.36,12.012188,11.99699,125568.25,135988.48,1139230.0546448086,434736.6330777656,0.0,0.0
1972-11-01,1229.4666666666667,7.1151487802050815,45.9,3.8480176754522337,1089.4666666666667,6.994361018156315,547.4533333333333,6.307102195573094,12.664215,35266.688,3.3255906,4.4170628,37420.67,45837.29,1145116.6666666667,434201.3822562979,0.0,0.0
1972-12-01,1417.9032258064517,7.257639475966496,8.938709677419356,2.296437201117476,1367.0,7.221105098182496,1308.6129032258063,7.177486878807567,9.614898,51921.508,1.2474766,1.2187656,48624.758,55412.766,1150813.3879781421,433683.3975903614,0.0,0.0
1973-01-01,984.3870967741935,6.893034555620024,7.916129032258064,2.1878618874083684,587.4516129032259,6.377494702254958,1121.0967741935483,7.022954333872596,9.09949,6063.375,0.16070156,0.90678984,19321.824,23225.791,1156700.0,433148.14676889376,0.0,0.0
1973-02-01,2654.285714285714,7.8843075415530395,156.06071428571428,5.056632445788892,1614.2857142857142,7.3872671328799315,1194.5714285714287,7.086379532977561,12.354722,65974.75,2.705414,3.6309938,61830.508,65545.08,1161855.3424657534,432612.8959474261,0.0,0.0
1973-03-01,5511.612903225807,8.614794000856167,3272.7096774193546,8.09367907880658,3893.548387096774,8.267333004752398,4776.451612903225,8.471662547942412,11.708113,74451.64,2.8607593,3.0210032,84038.625,114878.49,1166511.7808219178,432129.44359255204,0.0,0.0
1973-04-01,6195.333333333333,8.731712998239034,6452.333333333333,8.772352072162459,5637.666666666667,8.637402909924269,5247.033333333334,8.56560868222977,17.691574,2521.9219,7.147609,8.310402,14556.066,15005.962,1171667.1232876712,431594.1927710843,0.0,0.0
1973-05-01,5932.580645161291,8.688383128512163,5260.645161290323,8.56819902513609,1322.3870967741937,7.187949711473146,1196.6451612903227,7.08811254222268,25.143938,7300.418,14.096547,15.578919,33094.78,21400.582,1176656.1643835616,431076.2081051479,0.0,0.0
1973-06-01,1329.0,7.1929342212158,1911.3333333333333,7.556079415933762,215.6,5.37805233456689,962.3666666666667,6.870434093915855,29.471764,5136.9863,18.65246,20.313463,13573.252,13268.156,1181811.506849315,430540.95728368015,0.0,0.0
1973-07-01,557.4516129032259,6.325167977161062,1784.8387096774193,7.487643449227075,204.1290322580645,5.3236392067822615,1055.3870967741937,6.962609966011192,32.03127,22997.32,21.270864,23.191967,51941.617,32959.28,1186800.5479452056,430022.9726177437,0.0,0.0
1973-08-01,370.2903225806452,5.9169842972307825,1830.967741935484,7.513145936965232,217.25806451612902,5.3856781448555076,863.4193548387096,6.762058015449512,31.58867,16787.955,20.734682,22.282541,31872.012,30597.555,1191955.8904109588,429487.721796276,0.0,0.0
1973-09-01,200.23333333333332,5.304465097134271,1881.0,7.540090320145325,163.8,5.1047326174753715,481.43333333333334,6.1788427419754495,27.083445,1.1132812,17.426556,18.675905,1666.6953,175.32227,1197111.2328767122,428952.4709748083,0.0,0.0
1973-10-01,179.93548387096774,5.198140525023191,1206.9032258064517,7.096641264198321,198.3548387096774,5.29508634596659,51.774193548387096,3.9660223126775462,21.990313,0.34765625,12.765206,13.682775,338.12988,1218.5928,1202100.2739726028,428434.4863088718,0.0,0.0
1973-11-01,222.13333333333333,5.407769500109117,84.2,4.44500143383527,268.3333333333333,5.595949769852986,588.2,6.378765684588475,14.658984,33850.9,6.3475733,6.78166,25463.986,28572.88,1207255.6164383562,427899.23548740416,0.0,0.0
1973-12-01,229.0,5.438079308923196,9.66451612903226,2.3669219809017776,290.0967741935484,5.673655769252694,958.258064516129,6.866160136197408,11.746537,38.347656,2.9315813,3.70196,1919.6924,1825.1416,1212244.6575342466,427381.25082146766,0.0,0.0
1974-01-01,331.48387096774195,5.806591350551646,1.7306451612903226,1.0045379040939981,394.35483870967744,5.979783687495226,110.87096774193549,4.717346133415286,10.6256695,42282.32,1.6598438,1.7935998,61851.805,63040.004,1217400.0,426846.0,0.0,0.0
1974-02-01,235.25,5.464890566373852,1.207142857142857,0.7916988542884412,261.42857142857144,5.569978936159813,1275.607142857143,7.151961168025748,11.889019,412.92578,2.1806328,3.4905283,5227.9316,2877.2705,1220500.0,427382.8453114305,0.0,0.0
1974-03-01,559.258064516129,6.328397507072982,942.3548387096774,6.8494424989280605,340.35483870967744,5.832922518978931,82.2258064516129,4.421557473430517,16.22336,39701.137,7.328858,8.059458,29747.809,26997.938,1223300.0,427867.7378507871,0.0,0.0
1974-04-01,509.96666666666664,6.236304356503952,1313.3333333333333,7.181084845209518,232.13333333333333,5.451610535961166,77.2,4.359269647551265,19.225286,704.41504,9.272366,10.290487,6586.3926,5235.5713,1226400.0,428404.58316221763,0.0,0.0
1974-05-01,289.51612903225805,5.671659096376371,1413.5483870967741,7.254565598072256,158.83870967741936,5.0741652422789425,127.83870967741936,4.858561309490614,24.392183,1.0644531,14.986541,16.269802,1082.9082,65.64453,1229400.0,428924.1108829569,0.0,0.0
1974-06-01,121.33333333333333,4.806749559386461,1762.0,7.47477218239787,113.33333333333333,4.73911815849783,458.7,6.130574102812182,31.453606,12.77832,21.722147,23.03773,727.53906,447.8203,1232500.0,429460.9561943874,0.0,0.0
1974-07-01,173.16129032258064,5.159981825733141,1631.9354838709678,7.3981345844563755,183.41935483870967,5.217212266778825,131.41935483870967,4.885973817401382,31.413034,44365.168,21.464266,22.859568,46844.95,59361.324,1235500.0,429980.48391512665,0.0,0.0
1974-08-01,284.1290322580645,5.6529418225758015,1749.3548387096773,7.467573811340479,196.32258064516128,5.2848398547574185,253.7741935483871,5.540377637361448,30.288858,42208.285,19.95782,21.63578,35318.633,34497.246,1238600.0,430517.32922655717,0.0,0.0
1974-09-01,168.2,5.1310814471721224,1309.6333333333334,7.178265759925591,159.13333333333333,5.076006801537718,74.83333333333333,4.328537949722896,28.364176,25505.344,17.32441,19.056616,30278.266,27735.559,1241700.0,431054.1745379877,0.0,0.0
1974-10-01,529.7741935483871,6.274336683243729,38.30741935483871,3.6714132887119977,205.61290322580646,5.330847009845688,539.3870967741935,6.292285728625171,22.383701,71612.92,12.558104,13.387255,85285.47,58930.227,1244700.0,431573.7022587269,0.0,0.0
1974-11-01,479.03333333333336,6.173855545935227,0.10866666666666666,0.10315809210262626,375.3,5.930386697599392,265.5,5.585374243605899,14.891461,13458.534,6.0880046,6.7705283,7263.714,21670.895,1247800.0,432110.54757015745,0.0,0.0
1974-12-01,224.67741935483872,5.419106631653347,3.1270967741935483,1.4175741995368454,272.2903225806452,5.6105346827960965,507.03225806451616,6.230544945689434,8.940547,25462.23,0.67520154,1.2738597,14590.913,18950.889,1250800.0,432630.07529089664,0.0,0.0
1975-01-01,221.1290322580645,5.403258439413323,2.7580645161290325,1.3239040685206092,264.03225806451616,5.579851547123248,351.48387096774195,5.8650048650855995,10.149431,4677.385,1.4928657,2.2253172,26551.822,17993.232,1253900.0,433166.92060232715,0.0,0.0
1975-02-01,474.92857142857144,6.165267782947279,15.778571428571428,2.8201025620496085,282.89285714285717,5.648596903397909,294.17857142857144,5.687580500079921,11.353611,14618.651,2.0997126,2.9912505,40790.926,25097.453,1256116.7123287672,433703.7659137577,0.0,0.0
1975-03-01,2143.8709677419356,7.670834674653874,516.9870967741936,6.249950332246902,900.9677419354839,6.804578756602147,409.7161290322581,6.0179022922446075,13.724136,34933.734,4.5907173,5.0862265,51480.742,44995.04,1258118.904109589,434188.65845311433,0.0,0.0
1975-04-01,2968.3333333333335,7.996092739709149,334.1623333333334,5.814614991569919,1329.0,7.1929342212158,784.8666666666667,6.666787142755375,15.319801,20155.531,6.139128,6.61513,30021.234,32115.936,1260335.6164383562,434725.50376454485,0.0,0.0
1975-05-01,1749.6451612903227,7.4677396625723045,1257.7096774193549,7.137842409691956,222.74193548387098,5.410493313975231,230.91612903225806,5.446375793512816,22.440794,159.86426,12.151541,13.539042,5076.6035,4714.8154,1262480.8219178081,435245.03148528404,0.0,0.0
1975-06-01,476.9,6.169401505584112,1660.6666666666667,7.415576393727829,126.7,4.8496837630384935,221.86666666666667,5.4065736853178885,27.914286,0.0,17.992552,19.076872,170.03809,142.85254,1264697.5342465753,435781.87679671455,0.0,0.0
1975-07-01,324.3225806451613,5.784817245903166,1669.3548387096773,7.4207913611097585,174.80645161290323,5.169383683172144,404.96774193548384,6.00627370308427,32.128918,23882.512,21.565899,23.11211,48432.848,64214.98,1266842.7397260275,436301.4045174538,0.0,0.0
1975-08-01,180.90322580645162,5.203474819322036,1680.3225806451612,7.427336013062286,143.06451612903226,4.970261227914957,419.48387096774195,6.0414061218824555,31.05319,6599.046,20.752708,22.072702,22508.322,13735.939,1269059.4520547944,436838.2498288843,0.0,0.0
1975-09-01,335.03333333333336,5.817210361391786,1433.6,7.268641343692334,188.5,5.244389024522481,170.53333333333333,5.144777611179534,28.198606,28639.584,17.376032,19.211233,41349.0,29881.342,1271276.1643835616,437375.09514031484,0.0,0.0
1975-10-01,148.7741935483871,5.009128783534775,327.4806451612903,5.7944779173495835,176.70967741935485,5.18015119298757,238.5483870967742,5.478755430251879,20.978329,6507.8926,12.160275,12.919638,3149.9229,8085.074,1273421.3698630137,437894.6228610541,0.0,0.0
1975-11-01,163.23333333333332,5.101288180881808,1.2646666666666666,0.8174275810702826,226.0,5.424950017481403,517.4333333333333,6.250811443382404,14.844041,29983.31,5.8559375,6.8979983,32451.297,40976.0,1275638.082191781,438431.4681724846,0.0,0.0
1975-12-01,207.32258064516128,5.339087746833075,1.1583870967741936,0.7693612283095792,274.16129032258067,5.617357436000579,433.2354838709677,6.073586976516354,11.140465,31832.11,2.4011843,3.6625628,22675.934,24279.812,1277783.2876712328,438950.9958932238,0.0,0.0
1976-01-01,187.29032258064515,5.237985040718645,197.67741935483872,5.291682501201897,253.61290322580646,5.539744365223256,351.23225806451615,5.864290782056839,11.2221365,1793.541,1.8259953,3.6330261,7860.5215,3572.6182,1280000.0,439487.84120465437,0.0,0.0
1976-02-01,1174.3793103448277,7.069346191798708,108.25862068965517,4.693717738777098,2818.5862068965516,7.944345418022438,541.2310344827587,6.295692173498751,14.281546,50520.8,5.177431,5.837654,55743.094,96939.21,1284218.0327868853,440024.6865160849,0.0,0.0
1976-03-01,574.3870967741935,6.355043026073157,18.712903225806453,2.9812734074157237,718.6451612903226,6.578758258987503,1105.0967741935483,7.008592677525281,14.479683,12787.486,4.945633,5.795066,28492.762,25414.023,1288163.9344262294,440526.8966461328,0.0,0.0
1976-04-01,1203.7,7.093985852272807,400.40333333333336,5.994966740596151,1113.4666666666667,7.01613124360042,771.0,6.648984550024776,17.876627,29082.71,8.830889,9.229889,25672.035,44734.094,1292381.9672131147,441063.7419575633,0.0,0.0
1976-05-01,872.4193548387096,6.772415801143352,810.3935483870968,6.698753199529369,273.6774193548387,5.615597388611643,350.3838709677419,5.861879275347688,24.841898,15853.727,14.180233,15.626423,31326.506,34170.836,1296463.9344262294,441583.2696783025,0.0,0.0
1976-06-01,239.63333333333333,5.483274336477006,1235.8333333333333,7.120309628742079,127.33333333333333,4.854631045619675,563.2333333333333,6.335467877526942,29.069458,427.3838,18.872257,19.628374,3789.914,1189.8555,1300681.9672131147,442120.11498973303,0.0,0.0
1976-07-01,297.06451612903226,5.697309960150584,1444.516129032258,7.276221719493256,201.96774193548387,5.313047059693022,716.4193548387096,6.575660543879373,31.670742,42386.64,21.036331,22.937254,61280.72,68589.31,1304763.9344262294,442639.6427104723,0.0,0.0
1976-08-01,295.0967741935484,5.6906863407339445,1742.258064516129,7.4635110922290275,167.3548387096774,5.126073887158267,442.741935483871,6.095243167067011,30.51523,12802.065,20.157223,21.330591,35900.07,16189.753,1308981.9672131147,443176.4880219028,0.0,0.0
1976-09-01,236.36666666666667,5.469606062319969,1219.0333333333333,7.106633459758424,261.76666666666665,5.5712664393977525,111.24666666666667,4.720698830561544,26.546898,87370.53,16.79495,17.865145,46235.8,57720.938,1313200.0,443713.3333333333,0.0,0.0
1976-10-01,188.7741935483871,5.24583491037931,390.5967741935484,5.97023267311872,246.32258064516128,5.5106934790737485,219.38709677419354,5.395385530983259,20.46578,27902.85,10.370764,11.954348,20468.973,18666.527,1317281.9672131147,444232.86105407256,0.0,0.0
1976-11-01,177.26666666666668,5.183280556559678,5.3133333333333335,1.8426637990898225,248.9,5.521060837840906,417.76666666666665,6.037313883342263,15.7254505,15703.104,6.0755014,7.9269714,10431.062,1905.084,1321500.0,444769.7063655031,0.0,0.0
1976-12-01,168.1290322580645,5.130661928087386,2.064516129032258,1.1198896871153945,275.258064516129,5.621335445224427,498.38709677419354,6.21338154005532,11.173323,19022.14,2.2302186,3.1188323,7735.9326,12323.974,1325581.9672131147,445289.2340862423,0.0,0.0
1977-01-01,209.6451612903226,5.350175017785331,0.0,0.0,314.19354838709677,5.753186889459197,269.48387096774195,5.600212469772163,10.609682,34373.69,1.2317,2.0620608,41264.15,38263.016,1329800.0,445826.07939767285,0.0,0.0
1977-02-01,215.85714285714286,5.379238808900262,0.0,0.0,257.57142857142856,5.555171975204558,616.6785714285714,6.425968211196065,13.950675,2003.0479,4.2096376,5.4841375,8696.694,11874.106,1334819.4520547944,446362.92470910336,0.0,0.0
1977-03-01,241.09677419354838,5.489337539582416,457.06451612903226,6.1270100391042055,225.96774193548387,5.4248079013723025,608.6451612903226,6.4128770851098915,13.223443,9386.886,3.9664657,4.9485383,25040.938,10077.874,1339353.1506849315,446847.81724845996,0.0,0.0
1977-04-01,608.0666666666667,6.411927730793582,1156.5,7.054017785960389,228.46666666666667,5.435757775669274,12.666666666666666,2.614959778036198,19.97016,5506.993,9.883877,11.17758,16838.938,18186.35,1344372.602739726,447384.6625598905,0.0,0.0
1977-05-01,321.96774193548384,5.777552448066518,1254.4516129032259,7.135250637753976,168.03225806451613,5.130089572829942,7.451612903225806,2.1343572992759507,21.296244,9019.494,12.429798,12.516473,7090.9326,17779.268,1349230.1369863013,447904.19028062973,0.0,0.0
1977-06-01,141.76666666666668,4.961211595953215,1903.6666666666667,7.552062294122608,125.36666666666666,4.839187733854179,112.03333333333333,4.727682760463483,30.092476,1745.4688,19.79993,20.945776,12454.943,13351.532,1354249.589041096,448441.03559206025,0.0,0.0
1977-07-01,225.06451612903226,5.420820428131081,2067.4193548387098,7.634539997874684,127.90322580645162,4.8590619352832976,37.70967741935484,3.6560896312909454,32.720325,16178.839,21.905851,23.667002,61265.055,39014.14,1359107.1232876712,448960.56331279944,0.0,0.0
1977-08-01,396.7096774193548,5.985722285383407,1940.0,7.57095858316901,244.93548387096774,5.505069240848892,23.903225806451612,3.2149973455396297,32.070496,26086.287,21.397665,22.946255,57262.367,55824.688,1364126.5753424657,449497.40862422995,0.0,0.0
1977-09-01,318.1666666666667,5.765713432386692,1097.9666666666667,7.00212562334006,206.9,5.337057194863967,22.333333333333332,3.1498829533812494,28.288723,37758.258,18.380949,19.48654,45949.168,45663.85,1369146.0273972603,450034.2539356605,0.0,0.0
1977-10-01,232.41935483870967,5.452836642030039,415.7096774193548,6.032389762107272,262.1290322580645,5.5726445288154345,62.229032258064514,4.146763566846083,23.570498,30280.242,13.388963,14.34208,31704.715,31993.688,1374003.5616438356,450553.7816563997,0.0,0.0
1977-11-01,196.56666666666666,5.2860760801256825,2.017,1.104262960176924,212.23333333333332,5.362387027787983,340.26666666666665,5.832664185355373,16.783411,3916.038,7.4827375,8.484702,11116.836,8302.902,1379023.01369863,451090.62696783023,0.0,0.0
1977-12-01,161.48387096774192,5.090578741260504,0.45483870967741935,0.3748950420234864,242.70967741935485,5.495977670221694,343.5483870967742,5.84223453660455,13.638906,27782.123,5.168725,5.875842,12114.037,22927.164,1383880.5479452056,451610.1546885695,0.0,0.0
1978-01-01,257.83870967741933,5.556205125156625,0.0,0.0,624.0,6.437751649736401,159.80645161290323,5.0802014779107925,11.6040325,101486.39,3.057797,3.8253212,65943.34,85730.7,1388900.0,452147.0,0.0,0.0
1978-02-01,1837.0357142857142,7.516452733785456,1.0607142857142857,0.7230526633388501,2053.1785714285716,7.627631325087659,138.78571428571428,4.940110637780817,12.822868,92452.66,3.3217468,4.395143,67719.81,79587.95,1394666.8493150685,450578.3915126626,0.0,0.0
1978-03-01,10386.451612903225,9.248353780948593,980.1096774193549,6.888684254966742,10418.064516129032,9.251392533554355,9023.548387096775,9.107703741738145,16.867018,102812.63,7.671542,8.649427,94614.195,118247.914,1399875.6164383562,449161.58384668035,0.0,0.0
1978-04-01,3080.6666666666665,8.033225855153116,1114.62,7.0171655831652435,645.8,6.472037127702952,841.4666666666667,6.736334096656471,18.350796,13258.891,9.757286,9.947755,11990.311,23494.094,1405642.4657534247,447592.97535934293,0.0,0.0
1978-05-01,1035.258064516129,6.943371488823207,1517.4193548387098,7.325425174638695,210.25806451612902,5.353080440732907,466.7096774193548,6.147847756028048,23.555016,3773.9834,13.342675,14.242981,15909.116,13224.687,1411223.2876712328,446074.9671457906,0.0,0.0
1978-06-01,320.26666666666665,5.772271515538122,1713.6666666666667,7.446973977249345,128.46666666666667,4.86342344774906,917.6333333333333,6.822887058336895,30.465528,2992.5527,19.90983,20.81668,3930.917,1110.7637,1416990.1369863013,444506.3586584531,0.0,0.0
1978-07-01,190.83870967741936,5.256654965221448,1693.8709677419354,7.4353618916908815,119.93548387096774,4.795257212250766,906.8064516129032,6.811031196863055,32.478027,23931.094,22.27085,23.559591,35527.82,26470.61,1422570.9589041097,442988.35044490075,0.0,0.0
1978-08-01,360.0,5.8888779583328805,1680.6451612903227,7.427527855905218,216.29032258064515,5.3812343514370164,612.1935483870968,6.418680625721008,30.647602,52576.387,20.15877,21.88567,48018.203,32725.516,1428337.808219178,441419.7419575633,0.0,0.0
1978-09-01,177.1,5.182345190295616,1562.3333333333333,7.354575572772215,167.03333333333333,5.124162372420476,184.6,5.2235938203521,27.893364,3351.629,17.578138,18.754005,19323.707,16581.2,1434104.6575342466,439851.13347022585,0.0,0.0
1978-10-01,187.29032258064515,5.237985040718645,734.4193548387096,6.600440887311578,195.58064516129033,5.281072755060508,21.225806451612904,3.1012540665285124,23.906254,33086.812,13.933505,15.359717,34800.98,21032.615,1439685.4794520547,438333.1252566735,0.0,0.0
1978-11-01,2009.0,7.605890001053122,154.72,5.048059522742255,1369.4,7.22285794700991,219.96666666666667,5.398011860579236,14.891764,78652.81,6.422975,6.833155,101644.56,111316.664,1445452.3287671234,436764.51676933607,0.0,0.0
1978-12-01,5942.580645161291,8.69006703296012,7168.903225806452,8.877647436404455,4644.193548387097,8.443588318493322,4591.258064516129,8.432127135138982,9.393516,88185.16,0.59351873,0.95706487,90068.89,85937.55,1451033.1506849315,435246.5085557837,0.0,0.0
1979-01-01,3694.967741935484,8.214997704892179,9747.41935483871,9.184860433396999,2152.7741935483873,7.674977020999425,3550.8387096774195,8.175220694769536,8.418241,112613.23,-0.3956422,-0.19309305,94356.734,88559.04,1456800.0,433677.9000684463,0.0,0.0
1979-02-01,3071.0714285714284,8.030107345485346,1489.0357142857142,7.306555367971517,1505.25,7.317378397238965,1283.7142857142858,7.158291626859202,11.755883,6115.742,2.6176312,2.7563848,25409.809,27814.227,1461248.2876712328,432109.2915811088,0.0,0.0
1979-03-01,5053.225806451613,8.527979965709791,6873.532258064516,8.835578885029658,3792.9032258064517,8.241150643002133,3595.0967741935483,8.187604306851632,14.329221,80515.91,5.0583515,5.9214168,59438.406,68596.8,1465266.095890411,430692.48391512665,0.0,0.0
1979-04-01,6281.333333333333,8.745496740348518,4851.0,8.48714627006394,1864.9666666666667,7.5315345177250475,1755.4666666666667,7.471059494393258,18.823477,1704.7275,9.650657,10.198571,8979.332,7531.3438,1469714.3835616438,429123.8754277892,0.0,0.0
1979-05-01,2959.6774193548385,7.993173379024282,2992.9032258064517,8.004333241747247,321.06451612903226,5.774751886124062,202.29032258064515,5.314635117832074,23.491915,19835.482,13.079432,14.363426,37864.207,32746.729,1474019.1780821919,427605.8672142368,0.0,0.0
1979-06-01,1280.5666666666666,7.155838566820628,2026.3333333333333,7.6144765795692,197.76666666666668,5.29213160746095,1004.8333333333334,6.913571664303577,29.449545,1703.8418,18.689236,19.74216,13465.15,5271.2227,1478467.4657534247,426037.2587268994,0.0,0.0
1979-07-01,403.35483870967744,6.002292806107247,2088.3870967741937,7.644626046819197,168.3548387096774,5.131996151100523,1206.8387096774193,7.096587851101417,31.864162,20085.309,21.908146,23.36373,24077.578,22973.055,1482772.2602739725,424519.25051334704,0.0,0.0
1979-08-01,414.0,6.028278520230698,2067.0967741935483,7.6343840305651165,306.8709677419355,5.729680759292606,814.516129032258,6.703821199955317,29.588848,50686.28,19.623396,21.079704,46808.723,57837.223,1487220.5479452056,422950.64202600956,0.0,0.0
1979-09-01,223.3,5.412984441526163,1844.1379310344828,7.5203093130485685,159.2,5.076423034634259,286.6666666666667,5.661802402415319,30.206774,4443.327,19.510845,21.019133,9740.674,5081.9424,1491668.8356164384,421382.03353867214,0.0,0.0
1979-10-01,200.4516129032258,5.305549218074532,,,210.1290322580645,5.352469473858854,42.12903225806452,3.764196372616797,22.908503,4128.1104,14.007396,14.711927,12692.869,16595.46,1495973.6301369863,419864.0253251198,0.0,0.0
1979-11-01,268.1,5.59508305773286,,,263.1333333333333,5.576454026156286,569.0666666666667,6.345753313053745,13.788701,5085.758,4.31045,5.4478416,16302.361,10631.206,1500421.917808219,418295.41683778237,0.0,0.0
1979-12-01,254.32258064516128,5.5425277678299665,,,284.6774193548387,5.654863269903327,795.6451612903226,6.6804093616968485,12.495965,4045.8213,3.6419141,4.6386456,22095.809,20178.275,1504726.7123287672,416777.40862422995,0.0,0.0
1980-01-01,1465.6451612903227,7.290732868374145,,,2706.2258064516127,7.903679701891445,920.0645161290323,6.825530083887726,12.398449,77852.086,3.3609939,4.2134857,102564.664,128584.91,1509175.0,415208.80013689253,0.0,0.0
1980-02-01,9072.137931034482,9.113073451416522,,,11022.48275862069,9.307783072579086,13675.586206896553,9.523440613755195,14.374085,108442.2,4.9652596,6.092103,116977.734,136465.62,1513991.0956284152,413640.1916495551,0.0,0.0
1980-03-01,2700.967741935484,7.901735579860975,,,2499.3548387096776,7.824187936268276,1527.0967741935483,7.331778301617261,14.114753,38108.3,5.0825844,5.6840568,50144.395,51820.125,1518496.475409836,412172.7837097878,0.0,0.0
1980-04-01,3848.3333333333335,8.255655252114716,,,1531.9666666666667,7.334960134778052,1146.4,7.045253792167771,19.00538,17037.926,9.259259,10.316118,14174.325,26476.863,1523312.5710382513,410604.1752224504,0.0,0.0
1980-05-01,2741.935483870968,7.916783970380635,,,341.5806451612903,5.836507090310784,679.0322580645161,6.522140235375161,21.792711,4984.505,12.111857,12.554233,7904.4893,17235.73,1527973.3087431693,409086.167008898,0.0,0.0
1980-06-01,879.4333333333333,6.780414210513646,,,177.8,5.186267862739414,1276.1666666666667,7.15239936174235,29.151722,1025.9961,19.837843,20.073963,1848.5752,1918.126,1532789.4043715848,407517.55852156057,0.0,0.0
1980-07-01,369.35483870967744,5.914461569608665,,,287.64516129032256,5.665198118124874,1075.9032258064517,6.981844817786242,33.295223,21204.785,22.62095,24.070292,55683.812,50379.203,1537450.1420765028,405999.5503080082,0.0,0.0
1980-08-01,461.2903225806452,6.136193097572925,,,211.6451612903226,5.359624867104161,1221.4193548387098,7.108587251760984,31.0422,26535.248,20.484522,22.366426,56074.797,32853.703,1542266.237704918,404430.9418206708,0.0,0.0
1980-09-01,316.0,5.75890177387728,,,208.06666666666666,5.342653180368089,210.6,5.354697699984144,28.287691,10819.604,18.122171,19.51353,24306.492,12716.867,1547082.3333333333,402862.3333333333,0.0,0.0
1980-10-01,311.03225806451616,5.743106573697401,,,222.06451612903226,5.407461039613712,694.0999999999999,6.54405572010644,22.249966,3819.9639,11.709978,13.255265,15998.348,17058.209,1551743.0710382513,401344.32511978096,0.0,0.0
1980-11-01,371.76666666666665,5.920952665366033,,,259.53333333333336,5.5627308120604635,692.0666666666667,6.541126194659171,16.050684,11.09082,6.647561,8.187537,4603.0693,152.2959,1556559.1666666667,399775.71663244354,0.0,0.0
1980-12-01,300.06451612903226,5.7073245810806,,,300.741935483871,5.709572133800686,815.2258064516129,6.704691040275859,14.373051,4042.1406,5.602725,6.8246145,19880.018,15192.193,1561219.9043715848,398257.7084188912,0.0,0.0
1981-01-01,250.4516129032258,5.527250577006731,,,330.2903225806452,5.802995098437457,157.9641935483871,5.068678979050511,13.457192,28108.61,4.423723,5.4072614,16729.02,12676.575,1566036.0,396689.0999315537,0.0,0.0
1981-02-01,283.2857142857143,5.649979768663225,,,304.32142857142856,5.72136508585103,0.0,0.0,14.182417,27921.672,4.921633,5.919959,24961.812,25326.531,1569926.797260274,395120.4914442163,0.0,0.0
1981-03-01,763.0322580645161,6.638610010872706,,,407.5483870967742,6.01261035795063,0.3870967741935484,0.3272129112084162,15.01186,49217.54,5.129145,6.3995986,66973.3,64291.22,1573441.0657534248,393703.68377823406,0.0,0.0
1981-04-01,1280.4333333333334,7.155734522081296,,,454.6,6.121615231573027,4.434666666666667,1.6927981878122593,21.169945,9097.558,11.561526,12.696893,19132.027,22161.527,1577331.8630136987,392135.07529089664,0.0,0.0
1981-05-01,580.0967741935484,6.364917307858542,,,175.1290322580645,5.171216864253805,290.38709677419354,5.674652612664698,23.943115,6033.55,14.206377,15.298571,11467.123,13286.353,1581097.1506849315,390617.0670773443,0.0,0.0
1981-06-01,203.03333333333333,5.318283379188914,,,150.63333333333333,5.021465325907848,535.8666666666667,6.285749770693335,31.389896,2019.6133,21.04068,22.658913,15521.3955,13848.844,1584987.9479452055,389048.45859000686,0.0,0.0
1981-07-01,269.2903225806452,5.59949665012814,,,172.67741935483872,5.157199666839418,683.3870967741935,6.528523688500443,32.728153,30283.41,22.141731,24.01155,49960.25,50513.992,1588753.2356164383,387530.4503764545,0.0,0.0
1981-08-01,336.0,5.820082930352362,,,245.83870967741936,5.508735126074997,227.25806451612902,5.43047685079453,32.313965,29454.93,21.260933,22.823036,39061.61,63091.32,1592644.0328767123,385961.84188911703,0.0,0.0
1981-09-01,277.6,5.629777061345705,,,223.3,5.412984441526163,111.9,4.726502471155617,28.694336,19628.938,18.046204,19.232012,27389.496,40003.406,1596534.8301369862,384393.2334017796,0.0,0.0
1981-10-01,353.5806451612903,5.870935809976984,,,452.51612903225805,6.117030834594761,208.48387096774192,5.344646748177645,20.370571,26426.8,11.615496,11.803227,27550.79,40570.758,1600300.1178082193,382875.22518822725,0.0,0.0
1981-11-01,230.73333333333332,5.4455872852830725,,,289.03333333333336,5.669995858903869,293.26666666666665,5.684486385714472,16.707436,37719.555,7.766797,8.66286,31379.025,51160.605,1604190.9150684932,381306.6167008898,0.0,0.0
1981-12-01,244.2258064516129,5.502179445064048,,,313.80645161290323,5.751958010656315,255.67741935483872,5.547820118892389,12.699351,44.911133,4.4550967,5.0608635,1111.919,2023.0361,1607956.202739726,379788.6084873375,0.0,0.0
1982-01-01,447.51612903225805,6.105944643020027,,,508.4516129032258,6.233334878384908,245.32258064516128,5.506641980360492,10.574946,33908.36,2.0932374,2.3567057,67517.13,66126.625,1611847.0,378220.0,0.0,0.0
1982-02-01,1404.892857142857,7.248427865443364,,,2123.25,7.661174077883651,301.5,5.7120812774708964,13.757182,34385.75,4.033411,5.038128,46343.43,60142.34,1616274.1397260274,376477.68455640745,0.0,0.0
1982-03-01,2641.6129032258063,7.879523442744933,,,4410.322580645161,8.391929828386603,2721.2903225806454,7.909228835341889,14.590325,69700.94,5.81855,6.389616,55073.15,84476.516,1620272.8465753424,374903.9802847755,0.0,0.0
1982-04-01,1945.0,7.57353126274595,,,619.3666666666667,6.430310701081808,1599.1666666666667,7.377863069469569,19.287428,680.9092,9.766917,10.403498,4741.508,9944.177,1624699.98630137,373161.66484118294,0.0,0.0
1982-05-01,1210.483870967742,7.0996012268932915,,,228.67741935483872,5.4366757999208755,766.7096774193549,6.6434116374849665,23.5109,17663.287,13.313151,14.532762,24825.16,30080.133,1628984.3150684931,371475.5531215772,0.0,0.0
1982-06-01,388.1333333333333,5.963922044101581,,,142.83333333333334,4.968655221855373,770.3666666666667,6.648163833363516,27.46636,67.61035,17.853785,18.787724,2263.0957,28.330078,1633411.4547945205,369733.23767798464,0.0,0.0
1982-07-01,202.32258064516128,5.314793785027963,,,135.67741935483872,4.917623546141413,925.0645161290323,6.830943904064816,31.213522,35812.0,21.297087,22.723997,48888.71,24437.387,1637695.783561644,368047.12595837895,0.0,0.0
1982-08-01,428.83870967741933,6.063410044548899,,,249.3548387096774,5.522879266368992,545.0645161290323,6.30273713017288,31.472616,73994.42,20.828163,22.72346,75521.7,66741.516,1642122.9232876713,366304.8105147864,0.0,0.0
1982-09-01,476.1666666666667,6.16786583587006,,,238.13333333333333,5.477021276430072,224.63333333333333,5.418911262846453,27.767086,33533.844,18.27799,18.930834,33415.92,34238.29,1646550.0630136987,364562.49507119384,0.0,0.0
1982-10-01,205.58064516129033,5.330690869631459,,,219.19354838709677,5.394506924981506,373.741935483871,5.926237617028328,20.2585,858.5654,10.958392,11.6962805,1752.8555,4703.826,1650834.3917808218,362876.38335158816,0.0,0.0
1982-11-01,365.93333333333334,5.905180178510969,,,614.3,6.422109953746444,439.3,6.0874563127617085,14.578889,75931.29,5.9877,6.408693,69985.59,79431.06,1655261.5315068492,361134.0679079956,0.0,0.0
1982-12-01,1841.6451612903227,7.518957405920946,,,2861.451612903226,7.959433743930358,1902.0967741935483,7.551237719494247,10.42046,78023.5,1.8738781,2.481233,63750.523,73921.85,1659545.8602739726,359447.9561883899,0.0,0.0
1983-01-01,1164.1290322580646,7.060587117169724,,,720.0967741935484,6.580773350460411,265.741935483871,5.586281657237021,11.684247,35104.535,2.708775,3.7093875,45759.89,31843.02,1663973.0,357705.64074479736,0.0,0.0
1983-02-01,2895.0,7.971085753505607,,,2851.785714285714,7.9560512394847684,3393.3214285714284,8.129859146251436,12.422427,52267.273,3.5839813,4.795121,38120.367,52863.355,1670171.216438356,355963.3253012048,0.0,0.0
1983-03-01,5229.354838709677,8.562234401547093,,,4383.870967741936,8.385915478544815,2825.9032258064517,7.946937124991086,14.471544,104366.18,5.3008533,6.2336516,83871.7,93818.14,1675769.605479452,354389.62102957285,0.0,0.0
1983-04-01,4265.333333333333,8.358510033187683,,,2078.8,7.640027014226132,1823.8,7.509225670970178,16.443512,10844.764,6.4243217,7.24839,19105.02,28550.83,1681967.8219178081,352647.3055859803,0.0,0.0
1983-05-01,3208.3870967741937,8.07383526230918,,,484.64516129032256,6.185478236430688,627.8387096774194,6.443874800412009,23.596308,157.50293,13.279573,14.541417,3197.6719,2039.8975,1687966.095890411,350961.1938663746,0.0,0.0
1983-06-01,1189.5333333333333,7.082156664974952,,,198.66666666666666,5.296649309447339,905.8666666666667,6.80999543453122,27.899515,0.3173828,17.829811,19.067966,1861.6318,343.9287,1694164.312328767,349218.87842278206,0.0,0.0
1983-07-01,445.61290322580646,6.101692231119916,,,205.4516129032258,5.330066064862617,935.1935483870968,6.841822237565892,31.988518,16847.594,21.641813,23.21817,55551.33,45233.9,1700162.5863013698,347532.7667031763,0.0,0.0
1983-08-01,557.6129032258065,6.325456752467004,,,294.0967741935484,5.687303350657525,636.0322580645161,6.456820294893607,30.664387,113659.65,20.665092,22.194021,55741.43,74845.85,1706360.802739726,345790.4512595838,0.0,0.0
1983-09-01,683.0333333333333,6.528006649378609,559.0,6.327936783729195,860.1,6.75821064170212,974.0333333333333,6.8824716584476375,29.834402,90953.17,19.56271,20.807796,72002.44,125082.414,1712559.0191780822,344048.13581599126,0.0,0.0
1983-10-01,4831.677419354839,8.483155924191239,7128.419354838709,8.87198507318316,1312.032258064516,7.1800944422146475,990.5483870967741,6.899267748682111,22.165102,30223.617,12.44962,13.368029,55241.67,23379.162,1718557.293150685,342362.0240963855,0.0,0.0
1983-11-01,486.4,6.189085141191105,150.44333333333333,5.020211517576246,306.8,5.729450221404779,578.7666666666667,6.362625723745998,15.003733,19584.145,5.803284,6.6482997,42207.14,30460.684,1724755.5095890411,340619.70865279296,0.0,0.0
1983-12-01,1626.516129032258,7.394810284345297,986.2258064516129,6.894898793866596,1674.8709677419354,7.4240882898574805,1304.5645161290322,7.174390805630515,12.114655,54848.78,3.3482609,4.2597117,43871.78,50833.29,1730753.783561644,338933.5969331873,0.0,0.0
1984-01-01,946.3870967741935,6.853707770779206,1649.6451612903227,7.408921497313991,468.0,6.150602768446279,147.6451612903226,5.001561997890581,11.881892,10613.893,2.4019344,4.0042973,13956.09,8201.173,1736952.0,337191.2814895947,0.0,0.0
1984-02-01,579.2758620689655,6.363503614723937,743.1724137931035,6.612272746954989,314.9310344827586,5.755523944460213,151.9655172413793,5.030212518483784,12.820343,6.638672,3.0675156,4.4911547,864.0869,2373.0264,1744727.0710382513,335448.96604600217,0.0,0.0
1984-03-01,815.0322580645161,6.70445388612455,668.4193548387096,6.506410702071078,260.19354838709677,5.565261697200968,479.4516129032258,6.174726521785445,16.63075,100.93945,6.543911,7.8194404,11546.9795,10960.622,1752000.524590164,333819.05805038335,0.0,0.0
1984-04-01,921.5666666666667,6.8271596406928605,489.3,6.195017448657188,247.0,5.5134287461649825,580.5333333333333,6.365668293331009,18.61721,25287.906,8.539566,9.923251,16706.56,10036.104,1759775.5956284152,332076.7426067908,0.0,0.0
1984-05-01,575.1935483870968,6.356443625758685,773.3870967741935,6.652071873600144,188.51612903225808,5.244474134527214,550.4516129032259,6.312554097588255,27.111153,3561.371,16.78827,18.621511,5186.994,3784.9844,1767299.8579234972,330390.6308871851,0.0,0.0
1984-06-01,190.03333333333333,5.252447932889582,1484.6666666666667,7.303618884278446,135.3,4.914858338702487,376.43333333333334,5.933393952651884,28.667511,5641.491,18.94905,19.989302,16234.661,11299.832,1775074.9289617487,328648.31544359255,0.0,0.0
1984-07-01,328.741935483871,5.7983103348430785,982.9032258064516,6.891527544458125,266.7096774193548,5.589903100113301,313.35483870967744,5.750522407456515,31.26548,108919.25,21.399046,23.226995,55112.023,77454.305,1782599.1912568307,326962.20372398687,0.0,0.0
1984-08-01,729.6451612903226,6.5939279264260335,1290.5806451612902,7.163622053607154,417.38709677419354,6.036407072825344,322.5483870967742,5.779348676470835,30.324974,55939.195,20.089003,21.910881,79184.766,74660.55,1790374.262295082,325219.8882803943,0.0,0.0
1984-09-01,662.5,6.497528853772263,1342.7666666666667,7.20323189489983,269.46666666666664,5.600148862104237,152.2,5.0317442573064906,28.711273,84734.836,18.188248,19.84336,55964.85,38707.918,1798149.3333333333,323477.57283680176,0.0,0.0
1984-10-01,1206.4516129032259,7.096267312593985,203.5483870967742,5.320804559214886,269.06451612903226,5.598660879080744,384.741935483871,5.955168584955704,19.484304,14750.619,9.475294,10.38377,60680.547,16826.172,1805673.5956284152,321791.4611171961,0.0,0.0
1984-11-01,526.6333333333333,6.2684015980235825,15.6,2.8094026953624978,297.8666666666667,5.69999754305323,580.8666666666667,6.366241326410696,14.5380745,36069.492,6.019808,6.3187337,20350.912,33131.527,1813448.6666666667,320049.1456736035,0.0,0.0
1984-12-01,4145.709677419355,8.33007044993928,3501.1290322580644,8.161126357472012,1939.4516129032259,7.570676015122252,902.7096774193549,6.806508155514239,10.425671,122719.984,2.552372,2.3956625,90039.8,105133.56,1820972.9289617487,318363.03395399783,0.0,0.0
1985-01-01,2370.548387096774,7.771298348692356,3409.7419354838707,8.134685122999485,833.1290322580645,6.726388105329352,213.38709677419354,5.367783244429393,10.392228,34149.79,1.4877375,2.1543953,51393.457,49472.703,1828748.0,316620.7185104053,0.0,0.0
1985-02-01,2398.9285714285716,7.7831942539883805,2492.3928571428573,7.821399655201091,1267.4285714285713,7.145534067977014,834.0714285714286,6.72751726439156,11.703442,28003.523,1.9445485,3.2913203,32545.742,32665.86,1835267.002739726,314878.4030668127,0.0,0.0
1985-03-01,5155.4838709677415,8.548010205848147,5459.677419354839,8.605328130521878,2301.9032258064517,7.74192587801136,1546.1612903225807,7.344177105204673,14.811137,16419.527,5.920436,6.2622504,42975.14,43709.113,1841155.1342465754,313304.6987951807,0.0,0.0
1985-04-01,3361.3333333333335,8.120390456386726,2567.3333333333335,7.851012459086107,742.3333333333334,6.611144575786055,715.4666666666667,6.574331723738943,21.42173,10964.515,11.03404,12.496937,30003.361,30574.236,1847674.1369863013,311562.38335158816,0.0,0.0
1985-05-01,2146.7741935483873,7.672187326056461,2324.516129032258,7.751697284366721,264.06451612903226,5.579973253446042,685.0,6.530877627725885,25.065071,71.90039,14.644896,15.85751,3723.1543,6785.9414,1853982.8493150685,309876.27163198247,0.0,0.0
1985-06-01,648.5,6.476202836110654,1767.3333333333333,7.477792762379973,138.23333333333332,4.93615118283502,634.6333333333333,6.454621877172471,30.44251,46.411133,20.247595,21.912205,6093.749,2162.8066,1860501.8520547946,308133.9561883899,0.0,0.0
1985-07-01,322.741935483871,5.779946703001166,1710.6451612903227,7.445210269617757,212.74193548387098,5.364769378374695,536.0322580645161,6.286058163588324,32.600094,41112.93,22.463,24.262817,47340.664,56357.4,1866810.5643835617,306447.8444687842,0.0,0.0
1985-08-01,458.16129032258067,6.12940154337407,1760.967741935484,7.474186498686929,186.80645161290323,5.2354119198204225,575.741935483871,6.357394914266674,31.673874,23378.922,21.078468,23.185328,35316.676,15098.79,1873329.5671232876,304705.5290251917,0.0,0.0
1985-09-01,450.76666666666665,6.113165822353861,1258.1666666666667,7.138205405478785,265.8333333333333,5.58662424376866,95.26666666666667,4.567122118350562,25.185015,51730.727,15.954214,16.849878,63851.402,43429.383,1879848.5698630137,302963.2135815991,0.0,0.0
1985-10-01,534.6129032258065,6.283411704687783,260.60645161290324,5.566841281407774,268.0967741935484,5.595071070271745,458.5483870967742,6.130244240053153,21.431862,42816.227,11.918389,13.323197,35444.164,31248.46,1886157.2821917809,301277.10186199343,0.0,0.0
1985-11-01,585.2333333333333,6.373717890074209,5.836666666666667,1.9223002834161795,760.8666666666667,6.635771562248453,493.06666666666666,6.2026704608491485,14.413438,78532.484,5.505044,5.825625,51320.367,97408.16,1892676.284931507,299534.7864184009,0.0,0.0
1985-12-01,579.9032258064516,6.364584178101422,1396.5967741935483,7.2425094507129675,732.0645161290323,6.5972337145605335,406.35483870967744,6.009684645192736,11.6079855,31724.113,2.718411,4.165628,10282.003,5933.9297,1898984.997260274,297848.6746987952,0.0,0.0
1986-01-01,349.6774193548387,5.859866767718854,514.0064516129032,6.244179427988964,292.741935483871,5.682701611409581,473.16129032258067,6.1615475387568415,14.249755,6757.3877,5.465136,6.8462753,5685.4453,5363.01,1905504.0,296106.35925520264,0.0,0.0
1986-02-01,1509.0,7.31986492980897,5.085714285714286,1.8059441042200115,750.2142857142857,6.62169094490477,530.2142857142857,6.275165491088042,14.01834,40530.145,4.861059,6.1314774,45763.223,37194.945,1912799.2767123287,294364.0438116101,0.0,0.0
1986-03-01,2379.6774193548385,7.775140356147117,573.7709677419356,6.353971644477528,1559.6451612903227,7.352854579678872,470.3225806451613,6.155542744186938,18.218586,51480.766,8.063501,9.267516,49198.35,62357.664,1919388.5589041095,292790.3395399781,0.0,0.0
1986-04-01,1715.2666666666667,7.447906668129955,1815.3333333333333,7.504575095914989,566.0,6.340359303727752,225.5,5.422744944923089,20.374577,1771.4912,10.71695,11.430961,6296.426,14662.924,1926683.8356164384,291048.0240963856,0.0,0.0
1986-05-01,608.8709677419355,6.413247406500183,1486.4516129032259,7.304819607750012,157.4516129032258,5.065449265341832,226.09677419354838,5.425376244666942,24.769022,2136.9482,14.556638,15.894596,5291.0293,6506.8564,1933743.7808219178,289361.91237677983,0.0,0.0
1986-06-01,270.03333333333336,5.602241814545682,1718.6666666666667,7.44988575257654,181.33333333333334,5.205836513753871,548.0333333333333,6.30815915612052,30.603004,4176.745,19.837992,21.315105,16402.758,15703.509,1941039.0575342465,287619.5969331873,0.0,0.0
1986-07-01,393.4516129032258,5.977496478525579,1625.1612903225807,7.393977479728635,298.2258064516129,5.701198493890276,313.51612903225805,5.751035359506747,30.80717,55455.457,20.645575,22.110117,43747.016,63777.508,1948099.002739726,285933.4852135816,0.0,0.0
1986-08-01,386.0,5.958424693029782,1625.483870967742,7.39417582945953,254.51612903225808,5.543285534979134,343.0967741935484,5.840922938140337,32.21932,49644.695,21.441273,22.902773,69982.13,73961.53,1955394.2794520548,284191.16976998904,0.0,0.0
1986-09-01,350.2,5.861355861760962,1055.0666666666666,6.96230659358664,264.73333333333335,5.58249329967053,269.1333333333333,5.598915664266364,25.458504,20434.451,16.2185,16.329954,25742.188,52193.914,1962689.5561643837,282448.8543263965,0.0,0.0
1986-10-01,509.03225806451616,6.234473974824999,18.32903225806452,2.9616082277178637,441.7741935483871,6.093059918983434,710.6129032258065,6.567534088322347,20.519068,34859.695,10.686225,11.475854,36287.66,34869.3,1969749.501369863,280762.7426067908,0.0,0.0
1986-11-01,943.8,6.8509732648831525,6.966666666666667,2.075266170269355,300.6666666666667,5.709322655031817,565.6333333333333,6.3397124161166145,15.572176,9747.452,6.2764235,7.4320903,54044.29,18980.393,1977044.7780821917,279020.42716319824,0.0,0.0
1986-12-01,1090.3225806451612,6.995145616415251,7.6,2.151762203259462,384.16129032258067,5.953662182461447,519.9032258064516,6.255564277487685,11.255347,45757.887,2.4082313,3.2222676,37206.555,40235.758,1984104.7232876713,277334.31544359255,0.0,0.0
1987-01-01,446.06451612903226,6.102702915583656,707.5935483870968,6.5632820876581945,346.38709677419354,5.850439710843735,123.70967741935483,4.82598845528313,10.297688,26161.625,1.1565015,1.8943921,38905.89,44880.297,1991400.0,275592.0,0.0,0.0
1987-02-01,1037.2142857142858,6.945257483377718,685.5035714285714,6.531611427566775,782.25,6.663451929832301,415.2857142857143,6.031371837699837,12.773818,60180.613,2.8511267,3.8910136,49592.125,52188.895,1996244.5780821918,275553.75082146766,0.0,0.0
1987-03-01,2684.516129032258,7.895628215297412,1153.2225806451613,7.051182305978375,2176.8387096774195,7.686088246424495,936.6451612903226,6.843371584567968,14.6759,9267.197,4.254403,5.311382,26449.707,31539.242,2000620.3260273973,275519.2031763417,0.0,0.0
1987-04-01,3104.0,8.040768994367578,1791.0,7.491087593534876,545.3666666666667,6.303290301027205,289.1666666666667,5.670455470540134,22.256962,2148.253,11.063379,12.723209,9488.431,7902.4717,2005464.904109589,275480.95399780944,0.0,0.0
1987-05-01,1338.6774193548388,7.200184132139653,1539.3548387096773,7.339768083612817,196.6451612903226,5.286473308240509,239.3548387096774,5.4821163260685815,24.565542,7034.541,13.366558,15.122464,18724.525,21873.23,2010153.2054794522,275443.9386637459,0.0,0.0
1987-06-01,399.53333333333336,5.992796992341761,1739.3333333333333,7.461831944742443,136.43333333333334,4.923138951044745,633.2,6.452364362104247,30.165117,1877.0596,19.440418,21.418625,11297.113,9875.747,2014997.783561644,275405.6894852136,0.0,0.0
1987-07-01,221.96774193548387,5.407027105998745,1648.0645161290322,7.407963446190276,121.45161290322581,4.807715955244673,721.516129032258,6.582739743657492,30.530977,17307.0,20.740696,22.02811,38522.77,29929.65,2019686.0849315068,275368.67415115004,0.0,0.0
1987-08-01,532.3870967741935,6.279247420930747,1630.6451612903227,7.397344086203713,214.25806451612902,5.371837608418461,442.96774193548384,6.095751906494386,30.838995,39086.9,20.172716,21.799997,48983.133,54125.094,2024530.6630136985,275330.42497261777,0.0,0.0
1987-09-01,219.8,5.39725731440294,1254.7666666666667,7.13550155482292,179.46666666666667,5.195546088512091,217.8,5.388158070547826,27.778294,17488.664,17.002264,18.889294,17154.824,19572.604,2029375.2410958903,275292.17579408543,0.0,0.0
1987-10-01,241.83870967741936,5.492397476780069,48.351612903225806,3.898970448288187,245.29032258064515,5.506511013167587,793.4193548387096,6.677611476531229,24.184225,40636.547,14.191097,15.317861,27858.184,67501.305,2034063.5424657534,275255.1604600219,0.0,0.0
1987-11-01,489.9,6.196240441064007,10.553333333333335,2.4469739956193504,1146.8666666666666,7.04566042611569,426.4,6.057720342885047,14.907334,42938.914,5.5986905,6.371041,37086.117,65613.086,2038908.1205479451,275216.9112814896,0.0,0.0
1987-12-01,317.4193548387097,5.763369239932742,9.229032258064517,2.3252299770591556,364.4193548387097,5.901045611448355,480.16129032258067,6.176202536813565,9.409481,49987.01,0.78321564,1.6668866,38926.637,35252.836,2043596.4219178082,275179.8959474261,0.0,0.0
1988-01-01,580.3548387096774,6.365361308309836,10.806451612903226,2.46864612891622,592.0645161290323,6.3853031892502266,420.61290322580646,6.044087602133121,10.5492325,38834.06,1.3236984,2.660618,35271.266,38675.195,2048441.0,275141.64676889376,0.0,0.0
1988-02-01,1589.3793103448277,7.371727826728674,539.744827586207,6.292947499528442,1488.8275862068965,7.306415678289025,651.7931034482758,6.4812602390234355,14.4351425,16128.745,5.0259156,6.0275583,22973.84,33622.457,2052959.3770491802,275103.3975903614,0.0,0.0
1988-03-01,1125.3225806451612,7.0267132513700945,1486.774193548387,7.305036452230001,605.2258064516129,6.407252534571454,365.06451612903226,5.902809591443596,16.188221,4621.662,6.310842,7.3454847,3712.6152,2117.874,2057186.2459016393,275067.6161007667,0.0,0.0
1988-04-01,1784.9666666666667,7.487715097581798,718.0333333333333,6.577907717332561,1891.8,7.545812493224123,1033.7666666666667,6.941931237449276,19.550463,44738.805,9.818773,10.955994,51629.344,72290.625,2061704.6229508198,275029.3669222344,0.0,0.0
1988-05-01,1215.4193548387098,7.103666867250701,1130.3548387096773,7.031171165822541,263.03225806451616,5.576071285320089,696.6774193548387,6.547756846016749,24.192276,1.6386719,14.451252,15.103482,3019.7002,786.53613,2066077.2459016393,274992.35158817086,0.0,0.0
1988-06-01,321.7,5.776723099057916,1721.0,7.451241684987676,147.36666666666667,4.999686687353699,684.3333333333334,6.529905337906946,30.054838,2812.373,20.104454,21.54867,16202.369,14978.115,2070595.6229508198,274954.1024096386,0.0,0.0
1988-07-01,313.2903225806452,5.750317152940195,1743.5483870967741,7.464250997185001,166.48387096774192,5.120887053898779,650.8709677419355,6.4798466401051265,32.725132,31970.791,22.26712,23.973082,48494.305,41479.47,2074968.2459016393,274917.087075575,0.0,0.0
1988-08-01,1231.0645161290322,7.116446509710213,1616.774193548387,7.388806528885595,433.0,6.073044534100405,469.5483870967742,6.153898795601067,31.023443,90492.016,20.493406,22.021965,106602.93,96863.81,2079486.6229508198,274878.83789704274,0.0,0.0
1988-09-01,1439.9333333333334,7.273046330760901,1358.1,7.214577994961301,309.7,5.738827816399001,138.2,4.935911747900319,27.28434,2041.3008,16.608656,17.902393,18147.746,8608.602,2084005.0,274840.5887185104,0.0,0.0
1988-10-01,307.93548387096774,5.733132465036473,378.6967741935484,5.939372971530212,239.03225806451613,5.480773322912115,496.6774193548387,6.209952114842972,24.940035,38989.844,14.611693,16.244003,22558.025,14305.892,2088377.6229508198,274803.5733844469,0.0,0.0
1988-11-01,247.13333333333333,5.513966236099986,42.223333333333336,3.766380472892683,248.26666666666668,5.518523273874903,601.0,6.400257445308821,15.44127,20478.324,6.3856783,7.3823724,17032.516,24284.156,2092896.0,274765.32420591457,0.0,0.0
1988-12-01,252.09677419354838,5.533771922284352,3.1322580645161286,1.4188240044175422,285.16129032258067,5.65655560403544,524.0,6.263398262591624,11.083346,3908.6523,1.754425,2.4173281,17395.328,12152.283,2097268.62295082,274728.308871851,0.0,0.0
1989-01-01,327.2258064516129,5.793701805825649,27.63967741935484,3.3547930787383304,374.1290322580645,5.927270052807897,395.4193548387097,5.982472627799451,10.373692,59464.074,1.1339422,2.004121,41678.203,44907.293,2101787.0,274690.05969331873,0.0,0.0
1989-02-01,483.39285714285717,6.182896265787511,0.0,0.0,421.9642857142857,6.047287744546291,797.4642857142857,6.682690239935055,13.599859,1238.0674,4.59382,5.0924087,16300.142,13195.091,2104128.1369863013,274651.8105147864,0.0,0.0
1989-03-01,1158.1935483870968,7.055479825417397,1031.1612903225807,6.939410222901912,437.16129032258067,6.0825870853373445,559.2903225806451,6.328455082568866,18.266678,31242.053,8.639206,10.300545,32465.605,31903.908,2106242.712328767,274617.26286966045,0.0,0.0
1989-04-01,582.8333333333334,6.369615553969432,1531.3333333333333,7.334546907138118,201.1,5.308762624409575,99.83333333333333,4.613468988802786,23.312675,10.37207,13.3062,14.737089,1279.1406,46.80957,2108583.8493150687,274579.0136911282,0.0,0.0
1989-05-01,232.29032258064515,5.452283697586866,1905.8064516129032,7.553185106801401,145.58064516129033,4.987575755915841,85.45161290322581,4.459584869019756,25.039944,1891.8594,15.590111,16.714024,4733.8994,9703.256,2110849.4657534244,274541.9983570646,0.0,0.0
1989-06-01,117.86666666666666,4.7780024167609305,2122.3333333333335,7.660742459898099,116.46666666666667,4.766154605393915,283.56666666666666,5.650967555348151,29.443531,273.60254,19.667294,20.995111,103.47754,356.62988,2113190.602739726,274503.74917853234,0.0,0.0
1989-07-01,140.61290322580646,4.953097301584071,2106.451612903226,7.653234730135914,140.32258064516128,4.9510450833287525,392.7741935483871,5.975777632184653,33.060436,29963.107,22.783688,24.539627,43968.164,50238.508,2115456.2191780824,274466.7338444688,0.0,0.0
1989-08-01,276.83870967741933,5.627040764304027,1838.3870967741937,7.517187695533801,229.90322580645162,5.441998686840825,395.741935483871,5.983286032757264,30.769821,26979.723,20.377926,21.949608,41827.625,42345.367,2117797.3561643837,274428.4846659365,0.0,0.0
1989-09-01,143.5,4.973279507552487,1262.6333333333334,7.1417464482360025,130.36666666666667,4.877992395532848,257.6,5.555282466337757,28.671146,7685.619,18.407595,19.564022,8704.117,3766.4482,2120138.493150685,274390.23548740416,0.0,0.0
1989-10-01,183.41935483870967,5.217212266778825,262.7132258064516,5.574862246847274,187.38709677419354,5.238498871337127,573.9677419354839,6.354313938241864,22.214754,21375.273,12.049107,13.307389,27818.414,19731.031,2122404.109589041,274353.22015334066,0.0,0.0
1989-11-01,185.66666666666666,5.2293244950610855,1.6836666666666666,0.9871840186497339,241.56666666666666,5.491276586684931,530.0,6.274762021241939,16.494265,3042.4434,6.846267,8.336211,3246.796,460.88477,2124745.2465753425,274314.9709748083,0.0,0.0
1989-12-01,191.25806451612902,5.258838555574249,69.49225806451612,4.255502889100434,284.19354838709677,5.653168066920658,501.0,6.218600119691729,11.459655,14387.66,2.7672813,3.9305272,11035.242,18868.975,2127010.8630136987,274277.9556407448,0.0,0.0
1990-01-01,207.7741935483871,5.341253254253181,0.0,0.0,298.51612903225805,5.7021682693016595,243.96774193548387,5.501126536306601,10.754043,36051.57,1.7782062,2.18938,16515.984,37885.652,2129352.0,274239.7064622125,0.0,0.0
1990-02-01,224.96428571428572,5.420376958971681,60.980000000000004,4.126811752359602,287.75,5.665561261836003,382.10714285714283,5.9483146964222255,11.436491,25616.047,2.0605266,3.3081474,30887.287,43462.953,2133923.8630136987,274201.45728368015,0.0,0.0
1990-03-01,426.64516129032256,6.058293789313703,53.064516129032256,3.990178076556882,440.7096774193548,6.090652827847087,679.1935483870968,6.522377387651749,16.723705,18048.484,6.7255907,8.028315,24892.918,32162.223,2138053.287671233,274166.9096385542,0.0,0.0
1990-04-01,414.5,6.029482614295503,704.7333333333333,6.559237451315723,274.5,5.6185876285929695,41.766666666666666,3.755758982953481,21.079086,8707.686,11.027544,12.199451,16384.664,29522.148,2142625.1506849313,274128.6604600219,0.0,0.0
1990-05-01,249.93548387096774,5.525195869721628,1035.225806451613,6.943340358965001,149.19354838709677,5.011924784926127,35.25806451612903,3.59066182596849,23.660557,5873.457,13.7406435,14.725073,9062.742,12653.226,2147049.5342465756,274091.64512595837,0.0,0.0
1990-06-01,113.06666666666666,4.736783072789984,1569.0,7.358830898342354,106.46666666666667,4.677180721964364,60.666666666666664,4.121743536410215,30.74217,5089.586,21.8858,22.266325,3180.9844,6040.0127,2151621.397260274,274053.3959474261,0.0,0.0
1990-07-01,483.7096774193548,6.18355010844396,1304.6129032258063,7.174427867146458,294.9032258064516,5.69003246102451,57.67741935483871,4.072054974032976,31.606697,73127.84,21.459631,23.135065,62108.633,85927.56,2156045.7808219176,274016.38061336253,0.0,0.0
1990-08-01,461.96774193548384,6.137657379813431,967.0967741935484,6.875332055620018,219.90322580645162,5.397724713336432,51.32258064516129,3.957428030190212,29.783491,75383.3,19.494003,21.252687,55976.52,56317.81,2160617.6438356163,273978.13143483025,0.0,0.0
1990-09-01,267.7,5.593595515621446,472.96666666666664,6.161136995734219,311.2,5.743644008081332,32.1,3.4995332823830174,28.221123,66649.75,18.396698,19.7489,47143.875,64673.555,2165189.506849315,273939.8822562979,0.0,0.0
1990-10-01,239.25806451612902,5.481713614471757,304.06451612903226,5.720523282530366,198.70967741935485,5.296864699034086,162.58064516129033,5.097306111309873,22.70568,9801.016,12.605613,13.875146,8168.0947,10255.848,2169613.890410959,273902.8669222344,0.0,0.0
1990-11-01,290.96666666666664,5.676639640500934,12.703,2.617614786964064,210.26666666666668,5.353121158588711,382.56666666666666,5.949513443161303,16.17454,13394.294,6.690753,7.605248,35459.67,18978.367,2174185.7534246575,273864.6177437021,0.0,0.0
1990-12-01,1170.6451612903227,7.066164160890704,6.619354838709677,2.030691699278116,257.9032258064516,5.556454346341716,486.64516129032256,6.189588012863561,9.456807,35060.375,0.40275937,0.39450964,70111.64,28171.396,2178610.1369863013,273827.6024096386,0.0,0.0
1991-01-01,1811.4516129032259,7.502435690043222,4.290322580645161,1.665879223339052,464.83870967741933,6.143839457641419,264.4516129032258,5.581432575120567,10.919561,26496.105,1.8901765,3.0192049,32472.328,31106.248,2183182.0,273789.35323110624,0.0,0.0
1991-02-01,714.3214285714286,6.5727319921260285,178.55535714285716,5.190483556722994,259.42857142857144,5.5623286256233495,271.67857142857144,5.608293707477529,16.00086,24065.414,5.8248124,7.4758897,31025.023,30309.152,2188417.602739726,273751.1040525739,0.0,0.0
1991-03-01,6408.387096774193,8.76551892861525,999.8064516129032,6.908561405587662,3775.6129032258063,8.236582829566597,863.3870967741935,6.762020697143012,13.016762,107383.22,3.548675,4.428201,96153.11,132894.58,2193146.5342465756,273716.55640744796,0.0,0.0
1991-04-01,3673.6666666666665,8.20921770458533,1314.9666666666667,7.182326782283822,1709.6333333333334,7.444618951296901,1111.5666666666666,7.014424937338592,18.52059,0.0,9.025836,9.909251,334.76465,0.0,2198382.1369863013,273678.3072289157,0.0,0.0
1991-05-01,1615.1612903225807,7.387809042468451,1425.1935483870968,7.2627643199457,160.58064516129033,5.085004368872471,309.96774193548384,5.739689183119445,22.787088,34.319336,13.324356,13.853486,1528.4414,529.09375,2203448.8493150687,273641.2918948521,0.0,0.0
1991-06-01,557.5,6.3252546185092555,1835.3333333333333,7.515526108804607,130.1,4.875960390769654,242.26666666666668,5.494158235334238,27.24372,270.4912,17.39975,18.298693,7543.456,9194.376,2208684.4520547944,273603.04271631985,0.0,0.0
1991-07-01,218.96774193548387,5.393480908035507,1952.258064516129,7.577254059636347,127.96774193548387,4.859562310575199,328.48387096774195,5.797527402722443,31.443937,6533.255,21.688135,23.601814,25836.96,27198.037,2213751.164383562,273566.0273822563,0.0,0.0
1991-08-01,297.7741935483871,5.699688082555551,1809.3548387096773,7.501278148531868,154.83870967741936,5.0488215600692605,566.4516129032259,6.341155482113759,31.413116,21949.865,20.88117,22.819586,67480.79,40796.895,2218986.7671232875,273527.778203724,0.0,0.0
1991-09-01,447.3666666666667,6.105611350046426,1193.0,7.085064293952548,175.36666666666667,5.172565161241977,239.5,5.482720089545816,28.187798,21788.91,17.597506,19.321852,29206.062,32299.18,2224222.3698630137,273489.5290251917,0.0,0.0
1991-10-01,193.83870967741936,5.272172086443715,865.1290322580645,6.764033895451864,163.83870967741936,5.104967478712604,266.80645161290323,5.5902645241278375,23.747654,26962.547,13.643358,14.865051,16924.938,19546.246,2229289.0821917807,273452.5136911282,0.0,0.0
1991-11-01,287.3666666666667,5.664232818518219,19.040000000000003,2.997730276216664,253.4,5.538907831465967,460.8666666666667,6.135276249140061,15.25848,31228.059,5.42435,6.887882,47377.137,49494.61,2234524.684931507,273414.26451259584,0.0,0.0
1991-12-01,774.0,6.652863029353347,378.3225806451613,5.9383869793382695,415.64516129032256,6.032234927393019,194.09677419354838,5.273495713374222,12.002365,65737.39,2.1192672,3.1616294,49556.184,52566.414,2239591.397260274,273377.24917853234,0.0,0.0
1992-01-01,891.258064516129,6.793755400733603,1491.1612903225807,7.307980878354316,730.8709677419355,6.595604224846708,111.45161290322581,4.72252302159482,11.204106,52047.23,0.39194688,2.4304385,36682.152,41628.008,2244827.0,273339.0,0.0,0.0
1992-02-01,2325.206896551724,7.751994278629168,2447.5862068965516,7.803266078566917,1893.0344827586207,7.54646447989424,1822.6896551724137,7.508617010967379,14.283217,82115.555,4.3827705,5.8539786,34908.64,60124.23,2251090.270491803,273962.9025725233,0.0,0.0
1992-03-01,2741.6129032258063,7.916666359296832,3296.1290322580644,8.10080737856861,3597.1612903225805,8.188178241277445,2798.1612903225805,7.9370751121219705,15.282942,94273.1,6.1817045,7.022445,58055.254,87420.2,2256949.4590163934,274546.55336617405,0.0,0.0
1992-04-01,3018.6666666666665,8.012901729001179,3051.6666666666665,8.023770804548931,882.7333333333333,6.784155358004189,430.56666666666666,6.067421998396492,21.50063,14743.597,11.906666,13.1880455,9840.345,10143.637,2263212.729508197,275170.4559386973,0.0,0.0
1992-05-01,1429.032258064516,7.265452281086597,2846.451612903226,7.95417970234227,253.4516129032258,5.539110691797325,227.70967741935485,5.432453415041027,25.261381,24702.88,13.913681,15.827342,49782.34,56588.31,2269273.9590163934,275774.2326217843,0.0,0.0
1992-06-01,811.4,6.69999282970623,2321.6666666666665,7.750471229864229,206.46666666666667,5.3349706841960725,559.6666666666666,6.329126551864784,28.569069,2591.4326,18.004263,19.283796,12511.037,9104.638,2275537.229508197,276398.1351943076,0.0,0.0
1992-07-01,278.61290322580646,5.633406158171104,1665.225806451613,7.418316351628533,180.29032258064515,5.20009973840259,436.741935483871,6.081629548343769,31.151775,50774.33,20.844437,22.50915,44559.234,43190.355,2281598.4590163934,277001.91187739465,0.0,0.0
1992-08-01,1427.3548387096773,7.264278598523245,2215.8064516129034,7.703822903871538,1113.967741935484,7.016580752476144,1215.225806451613,7.103507741381803,30.87625,85965.19,20.064941,22.009424,94026.39,116417.984,2287861.729508197,277625.8144499179,0.0,0.0
1992-09-01,444.8666666666667,6.100019953662327,1657.9666666666667,7.413950197563433,233.36666666666667,5.456886840537006,250.96666666666667,5.529296803630022,28.976957,6594.994,18.238213,19.571148,16856.492,3380.5107,2294125.0,278249.71702244115,0.0,0.0
1992-10-01,235.48387096774192,5.46588000673844,24.799999999999997,3.2503744919275714,206.67741935483872,5.335986007373608,1046.225806451613,6.95389985758045,23.200895,7683.449,13.53185,14.499176,18383.098,28266.963,2300186.229508197,278853.4937055282,0.0,0.0
1992-11-01,245.26666666666668,5.506414959656976,103.21666666666667,4.646472065345197,250.73333333333332,5.528370326163182,547.0,6.306275286948016,13.461077,1631.3809,3.6589015,5.048498,10383.197,4497.869,2306449.5,279477.3962780514,0.0,0.0
1992-12-01,1964.483870967742,7.583493738757394,467.27096774193546,6.149047119268657,1204.032258064516,7.094261615744462,380.83870967741933,5.944998293468747,9.777069,121617.39,0.97495,1.1868641,95955.45,98412.28,2312510.729508197,280081.1729611385,0.0,0.0
1993-01-01,13472.258064516129,9.50846211577089,20210.967741935485,9.914030170424748,12422.709677419354,9.427361996672309,14769.354838709678,9.600377399523216,12.191594,173419.78,3.0915437,3.8377612,141530.66,174045.97,2318774.0,280705.07553366176,0.0,0.0
1993-02-01,7867.5,8.970622726040919,11777.142857142857,9.37400079258216,8500.714285714286,9.048023102815865,8523.57142857143,9.050708028579686,12.404819,114979.91,3.206411,4.280012,85617.25,131312.97,2327319.808219178,281328.978106185,0.0,0.0
1993-03-01,5152.903225806452,8.547509614514192,7142.903225806452,8.874014576244882,2664.516129032258,7.888152987278932,1982.3870967741937,7.592561317121401,16.23064,41547.05,7.144514,8.656423,30851.518,36202.746,2335038.602739726,281892.5030103996,0.0,0.0
1993-04-01,4864.333333333333,8.489890508888228,4687.666666666667,8.452903528199855,786.1333333333333,6.6683976538049,435.1666666666667,6.078024433302091,20.175009,10.393555,10.835201,12.128928,2992.2598,697.35645,2343584.4109589043,282516.4055829228,0.0,0.0
1993-05-01,2296.451612903226,7.739555793247768,4474.5161290322585,8.406376960154853,265.0,5.583496308781699,405.64516129032256,6.007940965587909,25.536701,4906.956,15.135592,16.415632,6977.16,20663.871,2351854.5479452056,283120.18226600986,0.0,0.0
1993-06-01,717.7666666666667,6.5775367802485105,935.9333333333333,6.842612130649933,180.0,5.198497031265826,1322.4666666666667,7.188009835605121,28.992498,317.06055,19.397371,20.2094,1645.5498,4099.585,2360400.3561643837,283744.08483853313,0.0,0.0
1993-07-01,294.38709677419354,5.688286688622586,1342.3870967741937,7.202949387884295,136.5483870967742,4.923975761360534,1070.2903225806451,6.976619109885646,30.54811,2327.3125,21.320566,22.675133,6462.448,1715.501,2368670.493150685,284347.8615216201,0.0,0.0
1993-08-01,371.2258064516129,5.9195006767095215,1732.6129032258063,7.457962893218104,259.35483870967744,5.562045464839226,291.0,5.676753802268282,30.729853,64605.4,20.854029,22.243528,59061.367,72168.625,2377216.301369863,284971.7640941434,0.0,0.0
1993-09-01,442.93333333333334,6.095674401008412,1276.0,7.152268856032539,238.36666666666667,5.477996546448162,89.33333333333333,4.503506532211591,28.003197,3780.0361,17.659763,19.009233,21243.549,8634.515,2385762.109589041,285595.6666666667,0.0,0.0
1993-10-01,360.80645161290323,5.891109404789225,686.9032258064516,6.533648167874734,280.1290322580645,5.638813753468975,123.83870967741936,4.827022581538682,22.263157,29775.115,11.916797,13.162164,38295.016,47129.117,2394032.2465753425,286199.4433497537,0.0,0.0
1993-11-01,555.1,6.320948134193518,90.06,4.511518629906636,532.7333333333333,6.279896338450309,389.96666666666664,5.968622304859349,14.1668415,80775.086,5.1471267,5.7134867,38678.855,46141.21,2402578.0547945206,286823.34592227696,0.0,0.0
1993-12-01,331.19354838709677,5.80571777612094,3.1129032258064515,1.4141291601133348,348.96774193548384,5.8578409843373045,672.8064516129032,6.512942905893818,11.106117,2008.5479,2.6148157,3.128202,11439.452,9967.633,2410848.191780822,287427.12260536395,0.0,0.0
1994-01-01,278.3225806451613,5.632367316962655,204.48709677419356,5.3253832425449685,315.16129032258067,5.756252495784033,259.0967741935484,5.561053770199876,11.644957,4601.871,3.3964937,4.3299775,9473.203,6929.0674,2419394.0,288051.02517788723,0.0,0.0
1994-02-01,681.5357142857143,6.5258148543137775,655.6785714285714,6.487194661978638,517.1785714285714,6.250319915340481,65.71428571428571,4.200419108613584,11.924866,35285.04,2.7656531,3.4855664,51851.08,42134.89,2428457.805479452,288674.9277504105,0.0,0.0
1994-03-01,1420.0967741935483,7.259184228658957,788.741935483871,6.6717062281503114,648.258064516129,6.475830271745852,259.03225806451616,5.560805692798454,16.942558,41716.48,7.442308,8.757031,36801.637,34482.277,2436644.4684931505,289238.45265462506,0.0,0.0
1994-04-01,902.0666666666667,6.805796378672639,1076.8333333333333,6.982708132218538,314.0,5.752572638825633,278.59000000000003,5.633324244340946,20.324064,6244.3936,10.186041,11.260971,17283.871,31072.89,2445708.2739726026,289862.35522714833,0.0,0.0
1994-05-01,548.0,6.3080984415095305,525.5806451612904,6.26640449204055,253.70967741935485,5.540124376628171,823.0967741935484,6.714287967423063,23.531261,15290.864,13.837639,15.020187,19972.617,16580.604,2454479.698630137,290466.13191023533,0.0,0.0
1994-06-01,227.0,5.429345628954441,1259.7333333333333,7.139448841225063,131.43333333333334,4.886079374152444,802.1666666666666,6.6885622474122775,31.302166,986.81836,21.633444,22.770658,11618.611,3233.456,2463543.504109589,291090.0344827586,0.0,0.0
1994-07-01,147.80645161290323,5.002646479072674,1811.6129032258063,7.502524676223727,130.61290322580646,4.879865062913061,390.6774193548387,5.970438591205233,32.393475,20848.324,22.528753,24.145258,32623.523,23727.938,2472314.9287671233,291693.81116584566,0.0,0.0
1994-08-01,266.2903225806452,5.588335418152201,1885.483870967742,7.542469989655514,181.83870967741936,5.208604396325425,191.74193548387098,5.261352172314565,33.182842,19391.562,22.40444,24.267986,51149.56,49246.086,2481378.7342465753,292317.7137383689,0.0,0.0
1994-09-01,706.8333333333334,6.562208661085216,1067.3666666666666,6.973886281447962,332.8,5.810542011227735,141.23333333333332,4.957468901525845,29.108238,33231.535,18.502386,20.03893,48153.094,47165.0,2490442.5397260273,292941.61631089216,0.0,0.0
1994-10-01,266.96774193548384,5.5908666073539255,638.2161290322581,6.460242627288061,203.41935483870967,5.3201735448383705,298.80645161290323,5.703137105159778,21.01891,12217.616,11.272319,12.086212,41644.516,21499.105,2499213.9643835616,293545.3929939792,0.0,0.0
1994-11-01,1217.3666666666666,7.105266442922619,8.363333333333333,2.2368013524480426,250.6,5.527840524826286,649.4666666666667,6.47769005400574,13.053171,19965.63,4.46995,4.466065,51107.25,27918.88,2508277.7698630136,294169.29556650243,0.0,0.0
1994-12-01,1046.516129032258,6.954177049321911,310.0967741935484,5.740104034815915,365.80645161290323,5.904834329139576,130.7741935483871,4.881089802808957,11.789833,83298.97,3.6390765,4.1102986,39980.387,45414.664,2517049.194520548,294773.0722495895,0.0,0.0
1995-01-01,2567.1935483870966,7.850958031279345,556.0,6.322565239927284,1475.3548387096773,7.297331381897478,213.3548387096774,5.367632766662199,11.26327,81290.766,2.1415577,3.047163,70706.2,84852.5,2526113.0,295396.97482211277,0.0,0.0
1995-02-01,3795.3571428571427,8.24179723930239,2561.714285714286,7.848822243643777,5156.892857142857,8.548283414054715,4512.592857142858,8.414848757727617,15.960443,29944.945,6.8742423,8.067615,44957.156,64860.86,2533585.2739726026,296020.877394636,0.0,0.0
1995-03-01,5089.354838709677,8.5351028200243,5467.419354838709,8.606744887448603,3722.8709677419356,8.222518988962607,3679.0967741935483,8.21069432815241,16.201904,36791.57,7.0670686,7.8631973,46473.133,59705.344,2540334.4246575343,296584.4022988506,0.0,0.0
1995-04-01,1375.6666666666667,7.227420397286969,1405.6333333333334,7.248954421398713,494.46666666666664,6.205500079391465,1119.1666666666667,7.021232762741911,18.23898,11013.012,8.551455,9.773632,13171.058,27216.777,2547806.698630137,297208.3048713738,0.0,0.0
1995-05-01,1065.741935483871,6.972364362146279,287.03225806451616,5.66307248103207,237.09677419354838,5.472677205284906,1383.0967741935483,7.232803057283329,22.102568,1815.3457,12.008424,13.056212,8389.495,13830.332,2555037.9315068494,297812.08155446086,0.0,0.0
1995-06-01,476.53333333333336,6.1686339655122415,2124.3333333333335,7.661683931801941,159.0,5.075173815233827,180.96666666666667,5.203823520119602,27.790003,212.18652,18.110989,18.912655,1904.0479,4001.4355,2562510.205479452,298435.98412698414,0.0,0.0
1995-07-01,220.61290322580646,5.400932180731249,1957.0967741935483,7.579728246891321,137.19354838709677,4.928655227082493,197.96774193548387,5.293142710758019,32.454166,4118.0107,22.300406,23.722105,13069.557,12113.929,2569741.4383561644,299039.76081007114,0.0,0.0
1995-08-01,252.74193548387098,5.536317748506608,1735.8064516129032,7.45980333321224,247.32258064516128,5.514728629358546,146.19354838709677,4.991748376442256,33.220383,46757.105,22.531137,24.358746,59027.312,60155.508,2577213.712328767,299663.6633825944,0.0,0.0
1995-09-01,250.36666666666667,5.526912696540491,1462.0,7.288244401020124,292.4,5.681536865708881,89.9,4.509760001183433,30.053797,27421.832,18.796776,20.350092,33226.832,46847.79,2584685.98630137,300287.5659551177,0.0,0.0
1995-10-01,200.06451612903226,5.303625832323704,649.8903225806451,6.478341152716464,221.19354838709677,5.40354884162242,301.06451612903226,5.710640624125655,22.956758,26.74414,13.698589,14.486125,851.82227,1214.3281,2591917.2191780824,300891.3426382047,0.0,0.0
1995-11-01,217.96666666666667,5.388919511230317,7.906666666666666,2.186800060000335,261.9,5.571773731735836,480.73333333333335,6.177390710605375,18.284227,26478.115,9.3623705,10.637108,19656.543,8149.8584,2599389.493150685,301515.24521072797,0.0,0.0
1995-12-01,213.93548387096774,5.370337908077391,8.48709677419355,2.2499326410748033,289.03225806451616,5.669992151499627,488.9032258064516,6.194207873245124,12.59822,409.58203,3.7151797,4.5991893,15154.1045,6398.176,2606620.7260273974,302119.021893815,0.0,0.0
1996-01-01,214.03225806451613,5.370788054382539,503.7516129032258,6.224066452637521,291.2903225806452,5.677747563736914,272.4193548387097,5.611006714903043,12.078405,1824.0303,3.86855,4.317282,11748.516,5074.998,2614093.0,302742.92446633824,0.0,0.0
1996-02-01,249.10344827586206,5.521874625376938,603.5172413793103,6.4044301913674,283.3103448275862,5.650066405007225,112.75862068965517,4.734078841242107,15.507998,32570.133,6.7191377,7.582781,29581.254,34886.4,2621238.7540983604,303366.8270388615,0.0,0.0
1996-03-01,222.32258064516128,5.408617276192879,610.9032258064516,6.4165741422415765,228.2258064516129,5.434707572095826,445.51612903225805,6.101475522916663,16.64377,18309.273,6.8988643,8.406673,10214.741,13964.555,2627923.4918032787,303950.4778325123,0.0,0.0
1996-04-01,197.5,5.290789100127245,1018.2,6.926773284817899,176.56666666666666,5.179346125254844,431.6666666666667,6.069967608595926,21.20939,52.554688,11.17,12.743839,1889.1553,1623.5801,2635069.2459016396,304574.38040503557,0.0,0.0
1996-05-01,131.03225806451613,4.883046272007257,1325.1290322580646,7.190019475406778,123.48387096774194,4.824176157052473,316.3225806451613,5.759918861027612,25.850407,50.285156,16.504692,17.626186,814.4346,352.01758,2641984.4918032787,305178.1570881226,0.0,0.0
1996-06-01,115.83333333333333,4.760748417806535,1817.6666666666667,7.5058589108551885,102.46666666666667,4.639249499640954,239.33333333333334,5.482026848616839,30.715416,153.32617,21.166676,22.314344,9454.422,2469.1094,2649130.2459016396,305802.05966064584,0.0,0.0
1996-07-01,245.0,5.5053315359323625,1637.741935483871,7.4016841139270495,164.19354838709677,5.107117806977404,224.4516129032258,5.418105558991983,33.41556,42557.555,22.681074,24.872597,66012.68,59333.04,2656045.4918032787,306405.8363437329,0.0,0.0
1996-08-01,271.0,5.605802066295998,1781.6129032258063,7.485835490100694,165.48387096774192,5.114898433663581,185.4516129032258,5.2281717571812765,32.55403,39658.96,21.366068,23.708828,45510.344,33971.688,2663191.2459016396,307029.7389162562,0.0,0.0
1996-09-01,563.2,6.335408798567896,635.9,6.45661265737732,406.8,6.010776858140355,105.66666666666667,4.669708707125663,27.087065,41782.496,16.46064,18.132322,50145.105,57813.27,2670337.0,307653.6414887794,0.0,0.0
1996-10-01,198.38709677419354,5.295248145174127,470.5451612903226,6.156014879650686,173.90322580645162,5.164232825573465,286.51612903225805,5.661278959645571,22.027891,4401.8164,11.967668,12.872648,29695.53,12606.32,2677252.2459016396,308257.41817186645,0.0,0.0
1996-11-01,313.7,5.751619804070361,7.536666666666666,2.144370611543324,223.3,5.412984441526163,310.3333333333333,5.740864149560733,16.524502,7792.7803,6.9288454,7.839846,23222.848,24072.387,2684398.0,308881.3207443897,0.0,0.0
1996-12-01,282.1290322580645,5.6459027381069715,399.82903225806456,5.9935349829209255,251.25806451612902,5.530452629054211,231.61290322580646,5.449375712431613,12.12135,1281.3525,3.7938375,4.65666,3487.6133,7166.5283,2691313.2459016396,309485.0974274767,0.0,0.0
1997-01-01,616.9677419354839,6.426436258579955,202.51612903225808,5.315745259885663,637.3225806451613,6.458843767862453,114.16129032258064,4.746333670288538,11.792504,38280.562,1.7147532,3.0745535,68079.69,86688.5,2698459.0,310109.0,0.0,0.0
1997-02-01,598.0,6.395261598115449,8.232142857142858,2.22269118377328,490.32142857142856,6.197098554285792,372.89285714285717,5.923969278144151,12.888478,23830.02,3.3814077,4.5702887,41508.207,31425.828,2705705.3561643837,308876.8603504929,0.0,0.0
1997-03-01,2115.8064516129034,7.657663841170154,256.3774193548387,5.550543565419708,676.7096774193549,6.518718991838481,248.8709677419355,5.520944655589552,18.701185,1700.6152,8.528744,9.807651,5906.2324,461.1338,2712250.4520547944,307763.96002190583,0.0,0.0
1997-04-01,1082.7666666666667,6.988197906677001,416.4,6.0340449946431,590.9,6.3833377016966795,621.4,6.433582972864182,19.561827,13526.142,9.275547,10.239323,11386.607,35193.734,2719496.808219178,306531.8203723987,0.0,0.0
1997-05-01,605.5806451612904,6.4078376876588745,1304.8387096774193,7.174600802728385,149.2258064516129,5.012139538497231,111.58064516129032,4.723669810711327,27.753815,2149.038,16.410112,18.043465,9680.007,11122.663,2726509.4109589043,305339.42716319824,0.0,0.0
1997-06-01,200.0,5.303304908059076,1677.3333333333333,7.425556516484553,115.36666666666666,4.756746125442881,110.16666666666667,4.711030576687569,28.331482,623.8096,18.732603,19.626987,7247.743,4456.6885,2733755.7671232875,304107.2875136911,0.0,0.0
1997-07-01,132.1290322580645,4.891318825267436,1891.9354838709678,7.545884069208024,86.83870967741936,4.475502288188613,127.87096774193549,4.858811653715229,31.830673,4924.0186,21.942717,23.421906,22425.188,11415.504,2740768.3698630137,302914.8943044907,0.0,0.0
1997-08-01,200.2258064516129,5.304427692682602,1617.4193548387098,7.389205245024924,190.80645161290323,5.2564867990728965,125.16129032258064,4.837561170270368,32.191017,54117.89,21.301792,22.835815,41162.414,65902.2,2748014.7260273974,301682.7546549836,0.0,0.0
1997-09-01,220.56666666666666,5.400723522379426,1050.5666666666666,6.9580363946229,378.9,5.93990806019358,367.6666666666667,5.90989289341417,29.9609,36591.832,19.87738,20.674828,29940.52,72265.06,2755261.0821917807,300450.61500547646,0.0,0.0
1997-10-01,184.93548387096774,5.225399752634266,497.0032258064516,6.210606554526669,209.5483870967742,5.349715494150071,494.8709677419355,6.2063157471995885,21.589909,8528.498,11.651989,12.601369,32506.246,16179.9375,2762273.684931507,299258.221796276,0.0,0.0
1997-11-01,201.03333333333333,5.30843270028913,8.506666666666666,2.2519933068779854,245.96666666666667,5.509253374754501,496.3666666666667,6.209327513978266,16.074709,5217.461,7.3076954,7.9581604,18128.23,15842.131,2769520.0410958906,298026.0821467689,0.0,0.0
1997-12-01,291.258064516129,5.677637194551878,148.38709677419354,5.0065409019956055,309.19354838709677,5.737196452289843,230.38709677419354,5.444092051641288,10.098534,56497.15,0.46231562,1.9429178,54492.35,47925.82,2776532.6438356163,296833.68893756846,0.0,0.0
1998-01-01,336.96774193548384,5.822950452867818,106.2258064516129,4.674936951490192,362.19354838709677,5.894935883317984,323.83870967741933,5.783328781227461,11.8922,15467.365,3.6430063,4.23843,15634.487,27956.332,2783779.0,295601.54928806133,0.0,0.0
1998-02-01,946.2857142857143,6.853600752313555,13.917857142857143,2.7025589613279255,783.5714285714286,6.665137617832548,304.85714285714283,5.723118139534369,10.9486885,145140.88,1.8057531,2.544916,66341.53,77976.42,2790371.0438356167,294369.4096385542,0.0,0.0
1998-03-01,2901.6129032258063,7.973366611429057,8.148387096774194,2.213577590172826,3374.064516129032,8.124169719014008,895.4516129032259,6.798444318251403,14.818744,58826.07,5.4768624,6.538586,56690.492,76448.69,2796325.1479452057,293256.50930996716,0.0,0.0
1998-04-01,3296.6666666666665,8.100970426655113,181.32999999999998,5.205818232051113,2855.2,7.957247349018833,2376.3,7.773720668904227,16.984789,9800.331,7.3568454,8.071595,19526.004,34088.465,2802917.191780822,292024.36966046004,0.0,0.0
1998-05-01,1814.8387096774193,7.504302738959914,908.483870967742,6.812877263845724,289.0,5.66988092298052,837.6774193548387,6.731826150240347,22.137222,2464.1895,13.267057,13.36962,1372.7461,17505.658,2809296.5890410957,290831.9764512596,0.0,0.0
1998-06-01,454.8333333333333,6.122127245628026,498.1,6.2128064764755635,136.76666666666668,4.925561432849577,1545.3333333333333,7.343641816083634,27.10466,475.98535,18.064476,18.277002,1337.8613,1175.1543,2815888.6328767124,289599.83680175245,0.0,0.0
1998-07-01,252.70967741935485,5.536190611007232,1582.3870967741937,7.367321563641475,212.6451612903226,5.3643165139998334,419.06451612903226,6.040408309311661,32.942894,52591.734,22.632612,24.00025,47969.438,64465.004,2822268.030136986,288407.44359255204,0.0,0.0
1998-08-01,254.3548387096774,5.54265410223731,1755.483870967742,7.471069289180228,167.5483870967742,5.127222872347866,171.8709677419355,5.1525454650097045,32.80352,45174.195,21.943151,23.709763,34230.9,49104.953,2828860.073972603,287175.3039430449,0.0,0.0
1998-09-01,160.1,5.082025290182929,1358.0,7.214504414151143,216.4,5.381738974687109,112.7,4.73356340075649,29.032135,38461.227,19.448893,19.162062,16217.616,45263.664,2835452.117808219,285943.1642935378,0.0,0.0
1998-10-01,210.6451612903226,5.354911104859731,62.358064516129026,4.148802199630009,216.58064516129033,5.38256956415671,1009.5483870967741,6.918248420008762,21.246786,24375.557,12.444155,12.555253,36972.26,39087.137,2841831.5150684933,284750.7710843374,0.0,0.0
1998-11-01,239.66666666666666,5.483412850224717,7.003333333333333,2.079858121565052,286.03333333333336,5.65959835303401,446.56666666666666,6.103825502410553,15.4380865,14639.902,7.570456,7.704752,30664.012,33273.793,2848423.5589041095,283518.63143483025,0.0,0.0
1998-12-01,255.80645161290323,5.548322694603432,75.09354838709677,4.3319634831804334,302.5483870967742,5.715541028094279,422.4516129032258,6.0484392523182615,11.335631,16127.618,3.1212938,3.887844,13352.354,7290.4824,2854802.9561643833,282326.2382256298,0.0,0.0
1999-01-01,204.09677419354838,5.323481936985602,218.33225806451614,5.390587740203775,277.5483870967742,5.629591786095633,484.7096774193548,6.185611073837897,12.331474,1628.4688,4.2268734,5.2806787,2903.2285,5480.37,2861395.0,281094.09857612266,0.0,0.0
1999-02-01,204.21428571428572,5.324054729364031,8.5,2.2512917986064953,261.9642857142857,5.572018227193513,765.75,6.642160802994361,13.990104,13403.329,5.7547565,6.6293273,9174.052,15027.523,2881437.391780822,279861.95892661554,0.0,0.0
1999-03-01,192.2258064516129,5.263859486624349,389.64516129032256,5.9677996320619915,205.61290322580646,5.330847009845688,114.64516129032258,4.750526548548574,16.433252,6208.123,8.178963,8.933144,8104.377,9817.014,2899540.197260274,278749.0585980285,0.0,0.0
1999-04-01,420.1666666666667,6.0430286381601395,316.03333333333336,5.75900692082023,405.8,6.008321664174405,104.36666666666666,4.657446330553462,17.152472,41527.86,7.760194,8.394029,41434.113,46575.61,2919582.5890410957,277516.9189485214,0.0,0.0
1999-05-01,250.06451612903226,5.525709942474242,721.7096774193549,6.583007588844577,142.16129032258064,4.963971899007393,117.09677419354838,4.7715044086350895,23.944588,216.22168,14.204082,15.218727,1702.9639,4155.878,2938978.4520547944,276324.5257393209,0.0,0.0
1999-06-01,145.8,4.9890711161804155,1174.5666666666666,7.069505579827244,106.86666666666666,4.680895896516227,119.36666666666666,4.790542639615302,29.115116,4568.54,18.917702,20.399525,12759.944,14429.754,2959020.8438356165,275092.3860898138,0.0,0.0
1999-07-01,416.4516129032258,6.034168640336524,1064.967741935484,6.971638343419407,296.5806451612903,5.695685264423582,121.0,4.804021044733257,31.222578,87232.5,20.952318,22.770998,87621.98,90283.24,2978416.706849315,273899.99288061337,0.0,0.0
1999-08-01,1159.8064516129032,7.056870259456758,1052.516129032258,6.959888543076984,180.80645161290323,5.202942668533424,114.03225806451613,4.745212593937939,31.722158,44389.832,20.674503,22.0743,81216.87,51386.598,2998459.098630137,272667.85323110624,0.0,0.0
1999-09-01,522.1333333333333,6.259836371025263,995.1,6.90384765415112,752.0666666666667,6.624153758630813,135.46666666666667,4.91608038455908,28.946964,38601.055,18.169983,18.972532,41515.492,93975.47,3018501.490410959,271435.7135815991,0.0,0.0
1999-10-01,204.4516129032258,5.325210545886219,708.5806451612904,6.564674154920577,207.93548387096774,5.342025514697771,324.5483870967742,5.785511105275802,24.032185,1.4130859,13.854011,14.7986765,204.45898,29.38379,3037897.3534246576,270243.3203723987,0.0,0.0
1999-11-01,180.13333333333333,5.199233408324138,29.123333333333335,3.405300065245755,230.8,5.445874930905651,650.6,6.47943087672789,18.121603,0.0,9.926289,10.411476,9.451172,22.483398,3057939.7452054797,269011.1807228916,0.0,0.0
1999-12-01,181.83870967741936,5.208604396325425,7.387096774193548,2.1266944265303813,254.25806451612902,5.542275051124047,601.1290322580645,6.400471761640546,11.328115,16.923828,1.8421407,3.4040737,913.92676,627.8584,3077335.608219178,267818.7875136911,0.0,0.0
2000-01-01,194.3548387096774,5.274817590632138,7.438709677419355,2.1328294150978975,251.83870967741936,5.5327517742744305,363.51612903225805,5.8985708002152855,12.962533,3635.2383,4.7306266,5.1051245,7006.338,11629.882,3097378.0,266586.647864184,0.0,0.0
2000-02-01,196.89655172413794,5.287744428121888,8.279310344827586,2.227787227746386,240.3793103448276,5.486369598050977,300.13793103448273,5.707568402427259,14.473537,7141.834,5.882242,6.6365075,11449.807,30196.533,3106076.379781421,265354.50821467687,0.0,0.0
2000-03-01,226.0,5.424950017481403,7.990322580645161,2.1961487300027565,333.06451612903226,5.811334136386282,132.74193548387098,4.8959120885105785,15.9143715,71725.99,6.612394,7.347991,46265.742,66258.5,3114213.573770492,264201.8614457831,0.0,0.0
2000-04-01,216.2,5.38081858805978,341.68666666666667,5.836816521402541,218.53333333333333,5.391504081274154,193.53333333333333,5.270603527980521,21.969921,782.56055,12.326759,13.476052,4145.0596,5322.784,3122911.9535519127,262969.721796276,0.0,0.0
2000-05-01,135.58064516129033,4.916915247209665,956.7741935483871,6.864612044079655,113.03225806451613,4.7364813738455265,112.35483870967742,4.730523064261896,27.023989,4.283203,17.5556,18.4581,413.08496,694.34766,3131329.7404371584,261777.32858707558,0.0,0.0
2000-06-01,165.33333333333334,5.113993807083409,961.8666666666667,6.869914945998957,106.76666666666667,4.679968396063278,102.36666666666666,4.638282537438293,30.74769,10399.564,20.982595,22.322817,27768.5,22182.756,3140028.120218579,260545.18893756846,0.0,0.0
2000-07-01,128.25806451612902,4.861810906150998,1142.516129032258,7.041863118332542,102.0,4.634728988229636,109.25806451612904,4.70282365919039,32.75433,4221.2207,23.045948,24.436657,17058.629,7322.0117,3148445.9071038254,259352.79572836802,0.0,0.0
2000-08-01,302.64516129032256,5.715859787062074,743.1290322580645,6.612214450250157,199.61290322580646,5.301377196618743,106.12903225806451,4.6740340168916,31.957561,42690.785,21.479185,23.059153,75491.984,72700.86,3157144.2868852457,258120.6560788609,0.0,0.0
2000-09-01,157.56666666666666,5.066175114770126,205.46666666666667,5.330138978870993,140.4,4.951592753462473,100.0,4.61512051684126,29.824102,292.81348,19.88143,20.63553,2443.038,3691.0244,3165842.6666666665,256888.5164293538,0.0,0.0
2000-10-01,546.4516129032259,6.305274079526119,355.64516129032256,5.876741341522305,442.93548387096774,6.095679245277279,98.29032258064517,4.5980481099136785,21.091442,107195.36,11.68736,12.571185,95600.445,102521.14,3174260.4535519127,255696.12322015333,0.0,0.0
2000-11-01,1174.1666666666667,7.069165260490986,155.1,5.050496827521386,453.26666666666665,6.1186843971187015,319.9,5.771129548115811,11.802662,18227.904,3.3089204,4.001922,36382.53,22275.742,3182958.8333333335,254463.98357064623,0.0,0.0
2000-12-01,329.96774193548384,5.802020914239614,7.441935483870967,2.133211605050954,264.83870967741933,5.582889770278237,379.16129032258067,5.940595610885086,12.12816,237.28906,4.230764,5.2226477,6514.715,2051.79,3191376.620218579,253271.5903614458,0.0,0.0
2001-01-01,252.19354838709677,5.534154209641668,8.780645161290321,2.2804054492830703,283.1290322580645,5.64942847391737,229.0,5.438079308923196,10.5777235,67141.8,1.5513124,2.3415473,43503.297,49133.168,3200075.0,252039.45071193867,0.0,0.0
2001-02-01,495.2857142857143,6.207151797745737,10.117857142857144,2.4085525672723587,514.6428571428571,6.245414388523902,331.25,5.805887697593355,11.954292,33012.637,3.5966735,3.9925199,28203.117,32241.309,3208487.6356164385,250807.31106243154,0.0,0.0
2001-03-01,1256.0,7.136483208590247,7.058064516129033,2.0866733932063313,1239.0,7.122866658599083,381.5483870967742,5.946855147479649,16.238892,34976.887,7.12645,8.554162,20706.059,35575.24,3216086.1452054796,249694.41073384447,0.0,0.0
2001-04-01,1775.6666666666667,7.48249422849178,68.5,4.241326752570746,372.6,5.923185706354688,680.6333333333333,6.524491878857659,19.490602,22395.55,10.334293,10.931525,38913.34,27210.31,3224498.7808219176,248462.27108433735,0.0,0.0
2001-05-01,731.0,6.595780513961311,1042.3548387096773,6.95019660683546,141.0,4.955827057601261,122.83870967741936,4.818979990515651,27.612207,1830.6406,16.643152,18.407112,20975.531,13861.631,3232640.0410958906,247269.8778751369,0.0,0.0
2001-06-01,193.16666666666666,5.268716896771746,1219.3333333333333,7.106879324452127,90.76666666666667,4.519249123480452,121.2,4.805659046737495,30.830719,1342.1895,20.506153,21.935232,4612.6416,9642.116,3241052.6767123286,246037.7382256298,0.0,0.0
2001-07-01,168.8709677419355,5.135039135571109,1152.774193548387,7.050793755086598,132.06451612903226,4.890834094283635,128.93548387096774,4.867038049353306,32.332253,26175.156,21.988089,23.509544,51071.367,31079.139,3249193.9369863016,244845.34501642935,0.0,0.0
2001-08-01,346.51612903225805,5.850811078409047,1019.4516129032259,6.928000566038288,285.8709677419355,5.659032524914494,120.16129032258064,4.7971226358430075,32.07184,38314.92,21.146486,22.874456,62118.094,66123.95,3257606.5726027396,243613.20536692225,0.0,0.0
2001-09-01,182.1,5.210032451680465,1384.6666666666667,7.2339366505845275,117.53333333333333,4.7751942149716395,119.0,4.787491742782046,30.380394,688.9795,19.47948,20.979927,12651.201,7435.204,3266019.208219178,242381.06571741513,0.0,0.0
2001-10-01,156.0,5.056245805348308,397.6051612903226,5.987971356240579,178.0,5.187385805840755,796.7741935483871,6.681825591929313,23.624115,6415.2393,14.260033,15.416477,11773.404,20430.055,3274160.4684931505,241188.67250821466,0.0,0.0
2001-11-01,160.36666666666667,5.083679208277539,8.145,2.2132072818428288,202.93333333333334,5.317793143048694,1186.2333333333333,7.0793809492876,17.684502,4872.824,8.0114,8.791454,7126.909,10286.286,3282573.104109589,239956.53285870756,0.0,0.0
2001-12-01,178.93548387096774,5.192598363702288,54.64290322580646,4.018954544446791,249.16129032258064,5.522105871125493,691.0967741935484,6.539725792940479,9.981146,22653.066,1.5869734,2.0508316,19586.871,25114.645,3290714.3643835615,238764.13964950712,0.0,0.0
2002-01-01,178.41935483870967,5.189725830308764,310.51612903225805,5.741451115481771,242.96774193548387,5.497036011370883,100.47096774193548,4.619772725467701,11.114336,2752.8252,2.7895532,3.6033044,10941.368,2509.8945,3299127.0,237532.0,0.0,0.0
2002-02-01,173.71428571428572,5.163151986631859,222.79285714285714,5.410720879116735,230.42857142857142,5.444271279171116,99.60714285714286,4.611223257701169,13.819011,10.719727,4.5015545,5.805243,1808.5283,550.17773,3306963.120547945,236884.07283680176,0.0,0.0
2002-03-01,178.74193548387098,5.19152213041455,110.88709677419355,4.71749029834021,193.03225806451613,5.268024423923633,105.68709677419355,4.669900221043766,15.496082,2484.0127,6.3987594,7.319883,12104.687,8008.8496,3314040.906849315,236298.84830230012,0.0,0.0
2002-04-01,164.5,5.1089711948171175,425.43333333333334,6.055456043654879,161.5,5.090678001769792,103.95666666666666,4.6535475665613975,21.83827,1835.0576,12.936489,13.42765,6776.2207,9165.874,3321877.02739726,235650.92113910188,0.0,0.0
2002-05-01,110.31290322580645,4.712345183509857,696.4193548387096,6.547386886708053,115.67096774193548,4.759357731495249,107.66774193548386,4.688294987761457,24.517433,2.618164,14.936002,16.145311,705.7217,232.76172,3329460.3698630137,235023.89485213583,0.0,0.0
2002-06-01,74.53999999999999,4.324662317284311,1190.5666666666666,7.08302424685493,75.98666666666666,4.34363224668657,214.3,5.372032404370318,31.087683,0.6191406,21.418697,22.492495,296.40332,107.64551,3337296.490410959,234375.96768893756,0.0,0.0
2002-07-01,254.96129032258065,5.545026223368807,828.9354838709677,6.721347967493546,82.66129032258064,4.426776389306308,107.20645161290322,4.684040991371407,33.235928,23774.754,22.955687,25.273535,61472.617,30673.598,3344879.8328767125,233748.94140197153,0.0,0.0
2002-08-01,354.38709677419354,5.873207608854918,699.516129032258,6.5518173905401955,72.44193548387096,4.29649510059283,104.34193548387097,4.657211587570434,32.16218,5438.6895,21.59649,23.617907,32521.332,11626.246,3352715.9534246577,233101.01423877326,0.0,0.0
2002-09-01,482.96666666666664,6.182016033821532,268.85,5.597866249064652,323.1766666666666,5.781288634677741,99.7,4.612145799724517,29.433102,42027.125,18.592855,19.769909,41720.33,64096.18,3360552.073972603,232453.08707557502,0.0,0.0
2002-10-01,158.90322580645162,5.074568793535428,192.99032258064514,5.267808274214178,175.29032258064515,5.172132196125492,253.2064516129032,5.538146738499781,21.237011,15369.965,11.665352,12.635849,14602.978,24489.477,3368135.416438356,231826.06078860897,0.0,0.0
2002-11-01,204.03333333333333,5.323172567546213,23.549333333333333,3.200684698406776,247.63333333333333,5.515979254293008,347.6,5.85392513308592,16.740814,18016.445,7.3133063,8.157609,21199.488,24806.746,3375971.536986301,231178.13362541073,0.0,0.0
2002-12-01,197.96774193548387,5.293142710758019,8.630322580645162,2.2649167227199474,264.38709677419354,5.581189502683784,233.458064516129,5.457276742538932,10.761541,13670.028,2.1323843,2.750288,35826.344,18986.316,3383554.879452055,230551.10733844468,0.0,0.0
2003-01-01,244.16129032258064,5.501916321789277,8.579354838709676,2.2596102451126896,240.90322580645162,5.488537752816243,255.41935483870967,5.546814209087966,14.90739,18669.492,6.486711,7.3648806,9408.896,9377.593,3391391.0,229903.18017524644,0.0,0.0
2003-02-01,478.67857142857144,6.173116236733871,9.014285714285714,2.304012644985231,790.5,6.673929879321067,187.78571428571428,5.24061258498903,13.127034,117287.05,4.111192,5.0905814,75918.44,88724.16,3400839.120547945,229255.2530120482,0.0,0.0
2003-03-01,2632.2580645161293,7.8759771662833575,8.299032258064516,2.2299103364721398,1932.5483870967741,7.567112136385508,366.6774193548387,5.907205975909799,15.674696,34706.336,6.359622,7.5722547,36836.094,46004.414,3409372.906849315,228670.02847754656,0.0,0.0
2003-04-01,1321.4666666666667,7.187253958625899,6.982333333333333,2.0772307663826712,215.3,5.376666332959013,420.3,6.043345168984971,18.397322,5134.5713,9.336905,9.759107,4974.449,8840.095,3418821.02739726,228022.1013143483,0.0,0.0
2003-05-01,606.5806451612904,6.409484915640995,167.66354838709677,5.127905892624917,141.16129032258064,4.956962260356841,341.03225806451616,5.834905054440652,25.399765,119.90918,15.733578,17.172756,2808.7559,3714.7021,3427964.3698630137,227395.07502738226,0.0,0.0
2003-06-01,187.57000000000002,5.239469290738832,443.1333333333333,6.096124817651415,87.21666666666667,4.479795909635887,347.4,5.853351244978348,29.747099,5.9628906,19.99997,21.34202,2079.1543,1758.7988,3437412.490410959,226747.14786418402,0.0,0.0
2003-07-01,188.98387096774192,5.246939178913693,445.93548387096774,6.102414252811933,71.41935483870968,4.282473595691209,401.7741935483871,5.998376091136543,33.876442,23125.729,24.163488,25.921774,31338.08,30398.29,3446555.8328767125,226120.12157721797,0.0,0.0
2003-08-01,301.4516129032258,5.7119213073316475,438.741935483871,6.086188044583951,161.40645161290323,5.090102153618933,266.19354838709677,5.587973296113118,32.34883,58344.73,21.921013,23.546072,46099.055,69013.516,3456003.9534246577,225472.1944140197,0.0,0.0
2003-09-01,862.2666666666667,6.76072364296663,340.64666666666665,5.8337770646057,227.93333333333334,5.433430840355211,126.64333333333335,4.849239916184478,29.74139,27612.38,19.052616,20.663643,34878.047,31437.273,3465452.073972603,224824.26725082146,0.0,0.0
2003-10-01,173.16129032258064,5.159981825733141,20.965806451612902,3.0894869920559564,128.67741935483872,4.865049977127921,438.6774193548387,6.086041320205432,25.61061,5464.13,15.417119,16.98075,12487.877,4453.8076,3474595.416438356,224197.2409638554,0.0,0.0
2003-11-01,275.8333333333333,5.6234156403852396,9.252999999999998,2.327570345687954,214.36666666666667,5.37234200189601,282.2,5.6461533618195645,14.611745,33909.137,6.6526623,6.745297,34152.727,38732.04,3484043.536986301,223549.31380065717,0.0,0.0
2003-12-01,190.09677419354838,5.252779970902544,8.455806451612903,2.246628992139215,231.41935483870967,5.448543303948476,210.6451612903226,5.354911104859731,11.663967,14664.846,3.4216797,3.7982342,15057.117,16502.664,3493186.879452055,222922.28751369112,0.0,0.0
2004-01-01,195.90322580645162,5.282712368479147,9.37516129032258,2.3394146120511117,227.96774193548387,5.433581128721295,159.3709677419355,5.077489679934982,12.159241,17557.533,2.9531047,3.8737943,24350.709,16316.78,3502635.0,222274.36035049288,0.0,0.0
2004-02-01,217.06896551724137,5.384811368342889,8.54448275862069,2.2559632659368085,231.17241379310346,5.447480258558807,248.3448275862069,5.5188367881884774,11.499362,31311.543,1.9501125,3.089851,25504.186,37868.04,3514873.732240437,221626.43318729463,0.0,0.0
2004-03-01,1382.032258064516,7.232033656095934,38.483548387096775,3.6758840886191106,537.2903225806451,6.288398047661756,118.28387096774195,4.781506122711106,20.502455,27082.477,10.317064,11.77862,33584.688,12122.265,3526322.868852459,221020.30777656077,0.0,0.0
2004-04-01,914.8,6.819798000222995,8.224,2.221808782966758,206.63333333333333,5.3357737035919905,276.8,5.626901430320244,20.48855,34811.406,9.804854,11.232002,29970.076,41329.953,3538561.601092896,220372.38061336253,0.0,0.0
2004-05-01,303.9032258064516,5.719994433821652,508.53225806451616,6.233493163837223,100.66451612903225,4.621678334886386,143.17741935483872,4.971044620042761,25.83699,14.952148,15.715361,16.72345,233.46484,20.614258,3550405.535519126,219745.35432639648,0.0,0.0
2004-06-01,104.95,4.662967284714308,896.1,6.799167338565238,63.336666666666666,4.164129712366007,105.68,4.669833699313814,29.721472,22.79004,19.502619,20.990442,2276.2031,209.63184,3562644.267759563,219097.42716319824,0.0,0.0
2004-07-01,189.02903225806452,5.247176861845782,1031.0645161290322,6.9393164597163945,110.1741935483871,4.711098282476923,105.51935483870967,4.668326704212309,32.325077,22327.086,21.614353,23.434149,33340.496,32005.617,3574488.2021857924,218470.4008762322,0.0,0.0
2004-08-01,218.90322580645162,5.393187566877639,652.8064516129032,6.482811362110654,161.56451612903226,5.091074945309787,96.64838709677419,4.581373140000146,31.495972,22780.65,20.145,22.060736,40290.203,39738.81,3586726.9344262294,217822.47371303395,0.0,0.0
2004-09-01,208.93333333333334,5.3467900199988145,333.3333333333333,5.812138499293826,489.32,6.1950582391774764,95.36,4.568091177746671,28.573008,22405.883,17.480947,18.954193,35926.562,56316.207,3598965.6666666665,217174.5465498357,0.0,0.0
2004-10-01,166.93548387096774,5.1235798810693645,107.59516129032258,4.687626851169487,386.7741935483871,5.960423194819108,224.51612903225808,5.418391682026839,21.258312,56442.754,11.734147,12.5601015,27733.938,75146.69,3610809.601092896,216547.52026286966,0.0,0.0
2004-11-01,243.43333333333334,5.498942606431644,8.514000000000001,2.2527643980100898,1256.5,7.136880901973894,272.5133333333333,5.611350371435487,13.843216,48444.23,5.3579593,6.045729,34989.07,66960.22,3623048.3333333335,215899.59309967142,0.0,0.0
2004-12-01,580.6451612903226,6.365860573291222,8.905806451612902,2.2931210954745516,2097.3548387096776,7.648908906547181,1281.3870967741937,7.1564785394653985,11.443401,73863.516,3.2940829,4.001658,48330.0,65528.84,3634892.267759563,215272.56681270537,0.0,0.0
2005-01-01,2421.6774193548385,7.792628579206913,175.5106451612903,5.173381187083181,5558.709677419355,8.623301169589826,6128.709677419355,8.720902666865683,12.397428,83156.38,4.2075343,4.76017,69470.51,113638.45,3647131.0,214624.63964950712,0.0,0.0
2005-02-01,6706.285714285715,8.810949634608797,903.5035714285714,6.807386253338966,7485.964285714285,8.920918692046246,7808.571428571428,8.963105366625298,13.370437,129086.15,4.6913,5.3437176,94029.92,110324.0,3658086.060273973,213976.71248630888,0.0,0.0
2005-03-01,2128.064516129032,7.663437967923785,25.251612903225805,3.2677274310824433,1550.4193548387098,7.34692550370327,1638.7096774193549,7.4022744791834905,15.231271,20037.309,6.1300187,7.323975,25877.178,36945.58,3667980.9534246577,213391.48795180724,0.0,0.0
2005-04-01,1954.6666666666667,7.57848642025775,989.5533333333333,6.898263709548521,474.0,6.163314804034641,506.4,6.229299647165181,19.514244,7125.7734,10.353411,10.838055,15418.062,28518.266,3678936.01369863,212743.56078860897,0.0,0.0
2005-05-01,1035.0967741935483,6.94321582984059,947.6774193548387,6.85506882444469,284.06451612903226,5.652715527032858,822.2903225806451,6.7133088998087755,25.3829,256.81152,15.635096,16.71727,4280.342,2885.96,3689537.684931507,212116.53450164292,0.0,0.0
2005-06-01,296.43333333333334,5.695190110237996,935.9,6.8425765529571425,156.73333333333332,5.060905843436122,871.3333333333334,6.771171613862037,29.271814,1211.6816,19.446335,20.034725,3095.5107,13031.672,3700492.7452054797,211468.60733844468,0.0,0.0
2005-07-01,146.3548387096774,4.9928435468506995,1099.6129032258063,7.003622488367408,149.1290322580645,5.01149513937709,917.258064516129,6.822478467145424,33.447605,26537.29,23.269337,24.879576,26208.352,35430.29,3711094.416438356,210841.58105147863,0.0,0.0
2005-08-01,423.35483870967744,6.050569988989247,762.0,6.637258031284457,204.1290322580645,5.3236392067822615,616.4193548387096,6.4255484605217985,31.312778,56548.855,20.492376,21.94793,56868.566,73057.69,3722049.476712329,210193.6538882804,0.0,0.0
2005-09-01,233.73333333333332,5.458450118052842,1131.4666666666667,7.032153423517101,130.06666666666666,4.875706099604902,282.0,5.645446897643238,28.916084,5744.992,19.033598,19.496815,21167.67,8179.6377,3733004.536986301,209545.72672508215,0.0,0.0
2005-10-01,168.67741935483872,5.13389910124661,608.3548387096774,6.412400756010409,176.38709677419354,5.1783343320226685,286.5483870967742,5.661391149021355,22.833786,13515.971,13.404454,14.300698,23055.156,31574.7,3743606.208219178,208918.7004381161,0.0,0.0
2005-11-01,164.63333333333333,5.109776509940165,281.64666666666665,5.6441975899035794,221.66666666666666,5.405675884868536,233.56666666666666,5.457739840304393,16.968761,1130.3203,8.192047,9.037516,772.7031,3804.709,3754561.268493151,208270.77327491785,0.0,0.0
2005-12-01,162.5483870967742,5.097108892100083,203.00645161290322,5.318151618897586,263.7741935483871,5.578877362925405,278.2903225806452,5.632251823516779,11.915487,17.703125,4.2838063,4.632715,1458.0391,445.0547,3765162.939726027,207643.7469879518,0.0,0.0
2006-01-01,166.06451612903226,5.118380061938745,206.38709677419354,5.33458707965654,263.83870967741933,5.579120997961327,263.77741935483874,5.578889546087057,12.211642,61.782227,4.079077,4.3688693,5295.5195,3038.2666,3776118.0,206995.81982475356,0.0,0.0
2006-02-01,161.03571428571428,5.08781676948876,24.799285714285713,3.2503468060515197,240.92857142857142,5.488642523202513,745.9285714285714,6.615969559983331,14.293739,52.73242,5.9476876,6.3603826,895.4619,1592.3652,3784343.106849315,206347.89266155532,0.0,0.0
2006-03-01,201.58064516129033,5.311138054977098,396.14838709677423,5.984309981876822,238.8709677419355,5.480101144356189,270.0774193548387,5.602404460357018,14.556897,46795.36,5.4890985,5.8642445,39475.316,43679.82,3791772.2356164386,205762.66812705368,0.0,0.0
2006-04-01,268.73333333333335,5.597433816625481,1068.1,6.974572452019454,176.93333333333334,5.181408948302314,91.84333333333333,4.530913484826041,19.933456,1003.19824,11.10365,11.843433,11106.804,13137.688,3799997.342465753,205114.7409638554,0.0,0.0
2006-05-01,128.03548387096774,4.860087435304386,1372.5806451612902,7.225176218890872,118.30322580645162,4.781668368188869,97.96774193548387,4.5947939580020005,26.487684,1129.1396,16.775604,17.942636,2112.2441,2166.8242,3807957.1232876712,204487.7146768894,0.0,0.0
2006-06-01,84.11999999999999,4.444062025593334,1568.3333333333333,7.358406179712057,79.20333333333333,4.384565076768529,102.38666666666667,4.638476004694564,32.084713,2931.2998,21.567034,23.077995,9698.143,11383.757,3816182.2301369864,203839.78751369112,0.0,0.0
2006-07-01,481.3225806451613,6.178613144650252,1466.1290322580646,7.291062730824496,147.68709677419355,5.001844076158321,101.17096774193548,4.626647564438042,33.952305,34417.02,22.81024,24.827793,69716.55,62959.746,3824142.010958904,203212.76122672507,0.0,0.0
2006-08-01,2414.451612903226,7.789641551876298,1170.0967741935483,7.065696002534477,378.83870967741933,5.939746714399472,98.33870967741936,4.598535320641952,31.761639,57109.305,20.132004,22.199335,75475.836,51739.176,3832367.117808219,202564.83406352683,0.0,0.0
2006-09-01,697.1,6.548362358976356,1219.0,7.106606137727303,241.7,5.491826112732555,117.29333333333334,4.773167415493893,27.484873,49871.234,16.185278,17.935246,27700.02,37303.234,3840592.224657534,201916.90690032858,0.0,0.0
2006-10-01,329.0967741935484,5.799385866601609,675.0645161290323,6.5162885095497405,207.06451612903226,5.337848205304672,421.51612903225805,6.046227621292853,21.838312,13839.7295,11.65114,12.710214,36439.37,36501.28,3848552.005479452,201289.88061336253,0.0,0.0
2006-11-01,207.8,5.341376856008484,27.794666666666668,3.3601901848078217,225.1,5.420977379283924,814.6666666666666,6.704005774774562,17.17667,67.62207,8.334528,9.046029,4486.8955,1230.4736,3856777.1123287673,200641.9534501643,0.0,0.0
2006-12-01,181.61290322580646,5.207368629551514,7.418709677419354,2.1304565715489545,242.38709677419354,5.494653166716803,631.741935483871,6.450062654158507,10.632205,9014.042,3.073425,3.5606272,7201.83,12634.687,3864736.893150685,200014.92716319824,0.0,0.0
2007-01-01,193.41935483870967,5.270017448997898,8.62483870967742,2.264347122597328,265.96774193548384,5.587127834380287,370.16129032258067,5.916636712938093,9.886711,23048.023,0.7544562,1.8953867,33817.996,20795.738,3872962.0,199367.0,0.0,0.0
2007-02-01,490.57142857142856,6.197607256742167,58.16857142857143,4.080390512888126,278.42857142857144,5.63274670153945,332.4642857142857,5.809535770308722,13.723731,13781.464,4.4755173,5.7149878,30324.734,21253.992,3880206.7424657536,199256.717415115,0.0,0.0
2007-03-01,874.5806451612904,6.774887260746208,299.6774193548387,5.706037993576011,215.25806451612902,5.376472437676773,104.80967741935484,4.661641984233178,18.332087,26897.838,8.65696,9.897797,22045.121,23336.506,3886750.3808219177,199157.10733844468,0.0,0.0
2007-04-01,515.9666666666667,6.247978397897297,610.7333333333333,6.416296457706997,174.66666666666666,5.168588259873252,110.93333333333334,4.717903455975331,20.56111,5500.926,10.957861,12.277418,5242.417,4340.912,3893995.1232876712,199046.8247535597,0.0,0.0
2007-05-01,287.06451612903226,5.663184469385398,690.3870967741935,6.538699864851986,117.31935483870969,4.77338736570605,108.19999999999999,4.693181063310805,25.909065,865.7178,15.483873,17.215706,10624.576,2851.2344,3901006.164383562,198940.09967141293,0.0,0.0
2007-06-01,122.11666666666666,4.813132415306637,1334.1,7.196761474396049,77.50333333333333,4.3631410867318525,108.98,4.700298531079668,30.439056,4.1884766,20.437897,21.834232,4275.423,341.6416,3908250.906849315,198829.81708652794,0.0,0.0
2007-07-01,242.2774193548387,5.494202435596795,1457.483870967742,7.28515273060264,162.21290322580646,5.095055503288241,106.56451612903226,4.678090817587215,33.099068,47052.855,22.720528,24.854708,56988.992,70237.95,3915261.9479452055,198723.09200438115,0.0,0.0
2007-08-01,1074.0,6.980075940561763,1335.6774193548388,7.197942276005265,393.03225806451616,5.976432779206695,95.68709677419355,4.5714799579219365,33.086174,27003.863,21.769016,23.80178,55491.03,48247.516,3922506.690410959,198612.80941949616,0.0,0.0
2007-09-01,264.1,5.5801071132949795,1135.4,7.035620649980033,155.44333333333333,5.05269385708382,90.79333333333334,4.519539673348117,29.421484,15222.377,18.66815,19.751154,22195.777,32704.514,3929751.432876712,198502.52683461117,0.0,0.0
2007-10-01,167.61290322580646,5.1276055742277755,727.7145161290323,6.591282045061099,138.6451612903226,4.939104642956835,343.5548387096774,5.84225326126774,22.88446,405.7207,13.243702,13.93643,4438.6787,4302.451,3936762.4739726027,198395.8017524644,0.0,0.0
2007-11-01,157.3,5.064491966886966,11.958,2.5617133580277653,188.6,5.244916589820922,232.26666666666668,5.452182291265478,18.656979,31817.857,10.150544,10.677205,19176.89,14784.561,3944007.2164383563,198285.51916757942,0.0,0.0
2007-12-01,1521.516129032258,7.328119593309388,351.94129032258064,5.866301726734569,2097.0,7.6487397889562425,193.03548387096777,5.268041048889344,9.722272,75206.41,1.6614984,2.2415805,74906.31,83518.09,3951018.2575342464,198178.79408543263,0.0,0.0
2008-01-01,4292.032258064516,8.364748582304067,40.33870967741935,3.7217993413189796,3284.8709677419356,8.097387030553543,742.6774193548387,6.611607364675812,10.625547,74444.72,1.2461188,1.9409395,74948.45,84250.98,3958263.0,198068.51150054764,0.0,0.0
2008-02-01,2946.896551724138,7.988847161690857,105.60206896551725,4.669102920225549,1862.1379310344828,7.530017404916527,1869.2413793103449,7.53382278136365,12.552189,23710.203,4.273266,5.032542,48972.05,52230.66,3963757.368852459,197958.22891566265,0.0,0.0
2008-03-01,2569.3548387096776,7.851799237895384,181.49548387096772,5.206725426803855,1829.6774193548388,7.512441351848627,1543.032258064516,7.342152622895307,16.74227,373.28613,7.1806717,8.431212,3199.1768,2611.4805,3968897.2622950817,197855.06133625412,0.0,0.0
2008-04-01,1619.0666666666666,7.390222579643073,1020.5666666666667,6.929092675629494,240.56666666666666,5.487145487447126,349.6333333333333,5.859741043077118,20.328342,0.37890625,10.526945,11.467411,1156.5615,201.49219,3974391.631147541,197744.7787513691,0.0,0.0
2008-05-01,690.5483870967741,6.538933122766318,716.6129032258065,6.575930291666828,151.4516129032258,5.026847253261707,654.6774193548387,6.485668929212565,23.124157,18449.793,13.085823,14.176608,31465.566,20871.742,3979708.7622950817,197638.05366922234,0.0,0.0
2008-06-01,312.1,5.74652262833236,579.1666666666666,6.363315418583384,89.58333333333333,4.506270237333209,1031.0333333333333,6.939286245261485,31.017761,181.78809,20.416565,21.71738,4902.5234,1435.5791,3985203.131147541,197527.77108433735,0.0,0.0
2008-07-01,371.35483870967744,5.919847267129766,921.0645161290323,6.8266151952181,120.85806451612903,4.802856961846103,427.0,6.059123195581797,32.752785,50414.996,21.554163,24.0507,65749.16,51433.438,3990520.2622950817,197421.0460021906,0.0,0.0
2008-08-01,511.7741935483871,6.239835579746506,1186.6129032258063,7.07970060779,207.5225806451613,5.340047335831194,272.35483870967744,5.610770726701358,31.991411,73363.09,20.977701,23.310396,66877.8,68223.234,3996014.631147541,197310.7634173056,0.0,0.0
2008-09-01,665.3333333333334,6.501790045832291,1189.3933333333334,7.082039063704722,164.03333333333333,5.106147473699267,274.0,5.616771097666572,29.625664,9173.429,18.073248,19.791319,23783.006,14013.587,4001509.0,197200.48083242058,0.0,0.0
2008-10-01,296.8709677419355,5.696660398581788,8.201290322580645,2.2193437266749565,140.32258064516128,4.9510450833287525,1170.3870967741937,7.065943878377491,23.19997,680.7715,13.203414,14.488443,22040.662,3222.253,4006826.131147541,197093.75575027382,0.0,0.0
2008-11-01,230.46666666666667,5.444435874678031,7.9879999999999995,2.1958903543230828,216.83333333333334,5.383730244396167,678.6,6.521504389797777,17.513824,22798.25,8.343329,9.658012,19422.887,33881.25,4012320.5,196983.47316538883,0.0,0.0
2008-12-01,1185.1612903225807,7.078477565524128,162.65129032258062,5.097737885563712,686.4516129032259,6.53299144583218,164.90322580645162,5.11140464128977,11.4326105,56998.832,3.4306734,3.4140553,78356.93,82541.11,4017637.631147541,196876.74808324207,0.0,0.0
2009-01-01,896.8387096774194,6.799990441566074,261.9516129032258,5.571970033894563,650.8709677419355,6.4798466401051265,102.49354838709678,4.639509276338367,13.146668,6201.5674,4.4126453,5.392997,18305.719,14332.755,4023132.0,196766.46549835705,0.0,0.0
2009-02-01,941.8571428571429,6.8489147789592035,1267.8214285714287,7.145843739586825,1161.9642857142858,7.058727443289003,105.40714285714286,4.667272706770289,13.681116,33753.926,5.1185017,5.3340898,28240.375,44902.96,4006186.210958904,196656.18291347206,0.0,0.0
2009-03-01,1608.0645161290322,7.383408243223343,1430.3225806451612,7.26635417738457,499.4193548387097,6.215446456579185,113.19999999999999,4.73795129722191,17.156378,252.97656,7.9034953,8.633868,8064.9434,2192.662,3990880.3369863015,196556.57283680176,0.0,0.0
2009-04-01,887.2666666666667,6.78927199821136,1169.3666666666666,7.065072369008705,197.2,5.289276621895888,258.05,5.557021093260797,19.504656,9838.592,9.866505,10.876163,9573.26,12625.179,3973934.5479452056,196446.29025191677,0.0,0.0
2009-05-01,518.6129032258065,6.253084117486199,604.7741935483871,6.40650729872306,159.83870967741936,5.080402059598357,809.1612903225806,6.697233351698999,27.40899,12069.964,16.5402,18.285986,17777.14,27643.39,3957535.397260274,196339.56516976998,0.0,0.0
2009-06-01,190.76666666666668,5.256279355201138,1226.0333333333333,7.112354610872742,116.32,4.76490524410925,277.93333333333334,5.630972804642549,28.564892,662.20996,17.936487,19.251152,15879.758,5396.3604,3940589.608219178,196229.282584885,0.0,0.0
2009-07-01,147.5483870967742,5.000910744204261,1519.032258064516,7.326486836025996,99.1516129032258,4.6066851668570905,118.44516129032259,4.78285736470791,34.253574,20052.14,23.05094,24.923742,30696.799,28052.102,3924190.4575342466,196122.55750273823,0.0,0.0
2009-08-01,119.2258064516129,4.789371694994112,1528.7096774193549,7.332833243060359,84.88387096774194,4.4529960461417435,119.96774193548387,4.79552391447931,32.331104,16641.172,21.642473,23.084919,22667.86,14798.2705,3907244.6684931507,196012.27491785324,0.0,0.0
2009-09-01,155.1,5.050496827521386,1281.1,7.156254637558655,156.62666666666667,5.060229367848004,285.1333333333333,5.656457902648379,29.711153,11387.938,17.783144,20.113028,34960.438,21400.879,3890298.879452055,195901.99233296825,0.0,0.0
2009-10-01,124.80645161290323,4.834744627632592,296.02354838709675,5.693811423158254,137.41935483870967,4.930287880506379,1018.9677419354839,6.927526280224772,21.066046,120.91992,11.434597,12.38223,5936.161,1589.6143,3873899.728767123,195795.26725082146,0.0,0.0
2009-11-01,150.86666666666667,5.023002942904918,361.3233333333334,5.892536999176199,189.06666666666666,5.247374887810462,447.2,6.105239561366827,17.346338,682.98926,8.334597,9.2863455,5681.372,3874.663,3856953.939726027,195684.98466593647,0.0,0.0
2009-12-01,196.06451612903226,5.283531168164621,230.1709677419355,5.44315755686294,254.80645161290323,5.544421110143747,140.84193548387097,4.954713307216219,10.149008,27143.44,0.73855627,1.2565948,33463.79,54607.87,3840554.789041096,195578.2595837897,0.0,0.0
2010-01-01,3090.7741935483873,8.036500377787114,798.5483870967741,6.6840470521396735,2571.1612903225805,7.852501793470079,317.6645161290323,5.764138875811458,12.32609,123738.54,2.8193266,3.911121,110080.88,98250.734,3823609.0,195467.97699890472,0.0,0.0
2010-02-01,1625.75,7.394339438375093,1221.5714285714287,7.1087116479214485,1413.857142857143,7.254783845869064,925.9285714285714,6.8318765091219715,13.187519,40725.145,3.0123765,4.581062,31238.527,44793.688,3827555.512328767,195357.6944140197,0.0,0.0
2010-03-01,2528.064516129032,7.835604756874048,4123.548387096775,8.324711810859265,3185.1612903225805,8.066572113897514,2561.2903225806454,7.848656794764406,14.979491,32666.566,5.867411,6.959296,32785.46,35049.15,3831120.104109589,195258.0843373494,0.0,0.0
2010-04-01,3325.3333333333335,8.109625875216203,2560.3333333333335,7.848283235220338,1110.9,7.0138255427092036,913.5333333333333,6.818413916957057,18.77443,648.3623,9.743075,10.014547,6952.373,7820.158,3835066.616438356,195147.8017524644,0.0,0.0
2010-05-01,1504.6451612903227,7.316976763924777,1584.8387096774193,7.3688687007291875,177.80645161290323,5.186303944934658,211.3548387096774,5.35825864298273,22.806293,7.970703,13.320413,14.028092,3261.5908,714.1543,3838885.821917808,195041.07667031762,0.0,0.0
2010-06-01,350.1,5.861071083174386,789.7,6.672918629076881,103.43,4.648516990491458,802.2666666666667,6.688686746821066,29.52416,150.70605,20.019526,20.86089,4575.74,1158.1836,3842832.3342465754,194930.79408543263,0.0,0.0
2010-07-01,366.64516129032256,5.907118237370589,794.4516129032259,6.678910019910549,148.05161290322582,5.004292641288113,891.9677419354839,6.794550456971501,33.49033,31341.941,22.206306,24.418753,76682.48,55966.01,3846651.5397260273,194824.06900328587,0.0,0.0
2010-08-01,836.6129032258065,6.730556064435053,722.4516129032259,6.584033664641143,393.1290322580645,5.976678348724566,789.2258064516129,6.672318735570592,32.13336,35148.207,21.303411,22.65088,45776.953,50214.48,3850598.0520547945,194713.78641840088,0.0,0.0
2010-09-01,284.73333333333335,5.655058974931312,1194.5,7.08631978689838,122.26666666666667,4.814350030284915,241.23333333333332,5.48990144895448,30.218071,6114.0986,19.705618,20.743402,29410.707,13274.64,3854544.5643835617,194603.5038335159,0.0,0.0
2010-10-01,178.83870967741936,5.192060391843174,788.6129032258065,6.671542829457137,289.7096774193548,5.672325097066989,165.38709677419354,5.114316981956144,22.778572,20575.426,13.252249,14.067719,20099.809,66107.71,3858363.7698630136,194496.7787513691,0.0,0.0
2010-11-01,165.2,5.113191882421348,66.90566666666668,4.218119487145224,201.53333333333333,5.310904482053508,690.4333333333333,6.53876673768399,14.779007,2664.3018,5.5367985,6.589515,8169.716,12042.727,3862310.282191781,194386.4961664841,0.0,0.0
2010-12-01,201.25806451612902,5.30954442914182,11.675161290322581,2.5396442744710437,546.5483870967741,6.305450836044476,418.35483870967744,6.038717431958528,13.4605875,40765.53,5.5049033,5.8650603,41030.465,71458.31,3866129.487671233,194279.77108433735,0.0,0.0
2011-01-01,221.32258064516128,5.404129393162674,8.822903225806451,2.2847167228480565,430.35483870967744,6.066931043054843,332.93548387096774,5.810947812255535,11.291188,185.86719,2.464675,3.550906,2138.2324,865.16895,3870076.0,194169.48849945236,0.0,0.0
2011-02-01,231.39285714285714,5.4484292893197805,10.942142857142857,2.480073560634296,453.85714285714283,6.11998339790896,596.25,6.392335786205919,10.914151,30705.627,2.1696782,3.1304672,24698.465,45706.727,3876258.3342465754,194059.20591456737,0.0,0.0
2011-03-01,376.51612903225805,5.9336132936896195,5.994516129032259,1.9451264318909802,799.3548387096774,6.6850551777165155,809.741935483871,6.697949798155373,17.317846,6816.2305,8.820582,8.868958,6014.92,11515.297,3881842.3780821916,193959.59583789704,0.0,0.0
2011-04-01,300.8,5.709764546333749,6.810999999999999,2.05553299662816,241.76666666666668,5.49210076255576,1147.8,7.04647319829396,20.922258,10326.674,11.36822,11.830441,7072.4688,13667.365,3888024.712328767,193849.31325301205,0.0,0.0
2011-05-01,161.4516129032258,5.090380190679092,1065.9354838709678,6.97254578449801,160.03225806451613,5.081604705564117,185.58064516129033,5.228863559353455,23.18647,1265.7988,13.148129,14.123428,6779.0117,10762.1,3894007.616438356,193742.5881708653,0.0,0.0
2011-06-01,97.45,4.589548805085134,1485.3333333333333,7.304067515959367,111.27666666666667,4.720966063367445,149.86666666666667,5.016396444531328,29.378107,3.21875,20.142044,20.668148,263.17676,0.0,3900189.9506849316,193632.3055859803,0.0,0.0
2011-07-01,126.65806451612903,4.849355318473194,1561.6129032258063,7.354114637064584,120.19354838709677,4.797388841088822,159.41935483870967,5.077791354229592,32.648388,28095.145,22.372646,24.065413,49748.9,44719.348,3906172.8547945204,193525.5805038335,0.0,0.0
2011-08-01,361.35483870967744,5.892623949156423,1583.8709677419354,7.36825827463283,122.80645161290323,4.818719472082499,134.58064516129033,4.90956663051997,34.14992,16969.146,22.542784,24.67004,51665.336,27723.71,3912355.189041096,193415.29791894852,0.0,0.0
2011-09-01,285.5,5.6577385361547945,1374.3333333333333,7.226451404963087,144.82999999999998,4.982441559725474,129.13333333333333,4.868559565870828,30.073238,11414.187,18.882538,20.631577,23056.445,38939.383,3918537.523287671,193305.01533406353,0.0,0.0
2011-10-01,176.80645161290323,5.180695608208349,996.9032258064516,6.905656303479943,161.1290322580645,5.088392513618391,119.96774193548387,4.79552391447931,23.432003,5607.379,12.951027,14.217271,18187.266,24943.543,3924520.4273972604,193198.29025191677,0.0,0.0
2011-11-01,161.06666666666666,5.0880077732139135,421.73066666666665,6.046735254424637,242.06666666666666,5.493335754136398,303.3333333333333,5.718123591926859,15.256243,27785.305,6.241819,7.1199613,26353.004,28469.953,3930702.761643836,193088.00766703175,0.0,0.0
2011-12-01,255.29032258064515,5.54631087448567,9.298709677419355,2.332018613351187,348.80645161290323,5.85738000613341,367.7096774193548,5.91000955230371,9.941382,45777.6,1.288614,2.2174664,52902.387,51689.062,3936685.6657534246,192981.282584885,0.0,0.0
2012-01-01,294.96774193548384,5.6902504684376245,8.662903225806453,2.2682941440447877,251.96774193548387,5.533261978367131,400.38709677419354,5.9949262902904845,12.962058,897.7656,4.553203,5.430683,12970.13,5964.632,3942868.0,192871.0,54.0,1.0
2012-02-01,290.13793103448273,5.673797144683026,187.82689655172413,5.240830704114246,236.27586206896552,5.469223439216006,381.2068965517241,5.945962075996395,13.2768345,2002.5381,4.2682185,5.0119443,14842.65,12343.8955,3948822.0327868853,192656.2397372742,54.0,1.0
2012-03-01,645.0322580645161,6.470849437620277,712.5483870967741,6.5702502511511245,373.6774193548387,5.926065440719364,111.87096774193549,4.726245287882541,16.29709,19443.8,7.0740438,7.984021,20540.117,36210.227,3954391.9344262294,192455.33497536945,54.0,1.0
2012-04-01,558.4333333333333,6.326924366646024,986.1333333333333,6.894805119806509,187.66666666666666,5.239981789535073,113.26333333333334,4.73850572610143,21.286034,3834.6094,12.1601715,12.84892,7053.3076,16157.482,3960345.9672131147,192240.5747126437,54.0,1.0
2012-05-01,190.4516129032258,5.254635102558622,1199.6774193548388,7.090641192625835,112.25161290322582,4.729612006232816,103.61935483870967,4.650328571212589,26.217604,1426.8672,16.089014,17.176287,644.19434,303.81445,3966107.9344262294,192032.74220032842,54.0,1.0
2012-06-01,88.42333333333333,4.493381647379376,1222.6666666666667,7.109607094828725,71.95333333333333,4.289819967322187,103.7,4.651099117876491,30.94682,166.38672,21.80185,22.418108,2097.628,981.0918,3972061.9672131147,191817.98193760263,54.0,1.0
2012-07-01,138.09354838709677,4.9351467167401495,1138.1290322580646,7.038019242595444,133.53225806451613,4.90180400719652,104.80645161290323,4.661611496893043,32.051746,49107.438,22.020037,23.651854,61077.29,74689.61,3977823.9344262294,191610.14942528735,54.0,1.0
2012-08-01,235.61612903225807,5.46643911926417,1021.516129032258,6.930021661907224,293.1290322580645,5.68401855628824,108.96774193548387,4.700187067652757,32.82211,52462.523,21.988138,23.57511,55044.27,64934.562,3983777.9672131147,191395.38916256157,54.0,1.0
2012-09-01,197.86666666666667,5.292634583412538,952.6,6.860244296311086,192.03333333333333,5.262862885563634,113.2,4.73795129722191,29.05996,31221.406,18.564518,19.825453,20583.71,20951.51,3989732.0,191180.6288998358,54.0,1.0
2012-10-01,115.38709677419355,4.756921676697368,839.1935483870968,6.733632280042502,157.1290322580645,5.063411359602911,110.41935483870968,4.7133010542214775,23.297916,1496.6357,13.947471,14.709465,3689.3076,10427.559,3995493.9672131147,190972.79638752053,54.0,1.0
2012-11-01,139.4,4.944495491591711,342.024,5.837800415563575,203.43333333333334,5.320241923963828,185.23333333333332,5.227000367796993,17.686733,2585.2734,8.994307,9.526174,16142.914,8108.036,4001448.0,190758.03612479474,54.0,1.0
2012-12-01,155.25806451612902,5.051508900187836,313.19354838709677,5.750009192151435,269.03225806451616,5.5985414261749105,102.20322580645161,4.6367001103734005,11.509411,40006.184,2.5112126,2.8520005,44557.043,48833.96,4007209.9672131147,190550.20361247947,54.0,1.0
2013-01-01,541.5806451612904,6.296336729041793,104.11193548387097,4.655025834554712,1228.5483870967741,7.114402215982933,99.46451612903226,4.6098045918111,9.994475,50906.0,0.4730328,1.6280149,42698.36,58569.19,4013164.0,190335.44334975368,54.0,1.0
2013-02-01,439.07142857142856,6.086937051399312,185.52857142857144,5.2285844253586795,467.57142857142856,6.149688552322876,105.46428571428571,4.6678095835028675,11.590465,15895.398,1.9355218,3.1614964,21394.547,21502.326,4019451.224657534,190120.68308702792,54.0,1.0
2013-03-01,1288.3870967741937,7.161922265671332,185.08709677419355,5.226214826339505,949.0645161290323,6.856529894003462,356.5258064516129,5.879207545407424,18.312729,23660.168,8.917195,9.838444,26091.262,23458.447,4025130.0082191783,189926.70607553367,54.0,1.0
2013-04-01,673.0333333333333,6.5132795656735745,112.56333333333333,4.7323606842325665,180.3,5.200153117760806,574.6666666666666,6.355528789478569,20.993542,1407.4668,11.113416,11.954337,14969.987,4460.2793,4031417.2328767125,189711.94581280788,54.0,1.0
2013-05-01,313.258064516129,5.750214509881341,413.7354838709677,6.027640928749714,126.0516129032258,4.84459340471295,416.61290322580646,6.034554934620309,25.653194,3.7490234,15.190472,16.030958,1978.3887,1855.8408,4037501.6438356163,189504.1133004926,54.0,1.0
2013-06-01,105.16000000000001,4.664947390023952,1144.0,7.0431599159883405,83.83,4.440649253819643,217.13333333333333,5.385106496620428,31.407057,0.29589844,22.075506,22.95202,407.21094,196.1123,4043788.8684931505,189289.35303776682,54.0,1.0
2013-07-01,340.44193548387096,5.833177636688791,1096.1612903225807,7.000481478020537,201.68709677419355,5.311663394669042,120.12903225806451,4.796856359713089,32.990726,37537.83,21.975407,23.971306,84746.35,75134.59,4049873.2794520548,189081.52052545155,54.0,1.0
2013-08-01,489.35483870967744,6.195129289658873,942.0322580645161,6.8491004899640915,203.90322580645162,5.322537798441825,153.541935483871,5.0404654865882055,32.02312,47615.574,20.940243,22.533066,65237.65,71343.07,4056160.504109589,188866.7602627258,54.0,1.0
2013-09-01,1028.2333333333333,6.9365694674980976,432.26666666666665,6.071353396792139,445.46666666666664,6.10136474280784,281.5933333333333,5.644008879502717,28.46822,43418.277,18.103117,18.839092,37429.316,44910.234,4062447.728767123,188652.0,54.0,1.0
2013-10-01,224.6451612903226,5.418963682614435,100.6690322580645,4.621722755780714,197.03225806451613,5.28842993694235,655.4516129032259,6.486848986385595,20.689022,2601.954,11.470532,11.613731,7702.4795,7413.92,4068532.1397260274,188444.16748768472,54.0,1.0
2013-11-01,270.3333333333333,5.603348077334431,9.087,2.3112474660726985,250.3,5.526647444549546,520.3,6.25632569177406,16.718037,78859.24,7.344961,8.112111,45854.21,51380.797,4074819.3643835615,188229.40722495894,54.0,1.0
2013-12-01,250.90322580645162,5.529044989177529,7.586129032258064,2.150147997904921,287.38709677419354,5.664303663682413,282.19354838709677,5.646130580441063,11.275906,13645.943,2.7857156,2.9985723,10871.697,21378.646,4080903.775342466,188021.5747126437,54.0,1.0
2014-01-01,208.19354838709677,5.343259892265398,7.49483870967742,2.1394587684430517,253.32258064516128,5.538603463787465,206.32258064516128,5.3342759408861395,13.624451,5.8203125,5.716481,6.2384167,406.66992,1607.0469,4087191.0,187806.8144499179,95.0,2.0
2014-02-01,262.92857142857144,5.575678503767044,7.456071428571429,2.1348846956197045,233.21428571428572,5.45623644722939,343.39285714285717,5.84178303233518,15.45568,246.86719,7.091569,7.166455,5507.5605,6107.749,4088373.926027397,187592.05418719212,95.0,2.0
2014-03-01,394.7096774193548,5.980680804547606,6.788387096774193,2.0526337905343923,427.19354838709677,6.059575309220724,302.4193548387097,5.715115858019847,18.050314,34753.15,8.389955,9.466146,33854.133,24570.055,4089442.375342466,187398.07717569786,95.0,2.0
2014-04-01,202.8,5.3171391207886245,238.60033333333334,5.478972257447895,147.16666666666666,4.998337766285849,317.0,5.762051382780177,21.002783,728.6162,10.966809,11.902657,5749.9443,13213.388,4090625.301369863,187183.31691297208,95.0,2.0
2014-05-01,129.80645161290323,4.873718762064367,590.3225806451613,6.382361690234219,111.50645161290322,4.723010567670411,97.95161290322581,4.59463097209992,25.473738,13.908203,14.6816435,15.980884,2003.002,2024.0938,4091770.0684931506,186975.4844006568,95.0,2.0
2014-06-01,87.29333333333334,4.480664604570881,1005.0,6.913737350659685,71.22333333333333,4.279763170050506,114.00666666666666,4.744990097697489,30.662134,0.23730469,21.02507,21.615831,290.10254,178.79297,4092952.994520548,186760.72413793104,95.0,2.0
2014-07-01,167.05483870967743,5.124290347030487,929.2258064516129,6.835427359311655,112.67096774193548,4.733308027271383,117.93548387096774,4.778581193748998,32.93343,34997.734,22.472807,24.28002,56337.957,44884.29,4094097.761643836,186552.89162561577,95.0,2.0
2014-08-01,450.5483870967742,6.112682536764339,857.0,6.754604099487962,399.96774193548384,5.99388098001961,110.93548387096774,4.717922668455759,30.228626,104210.82,20.00245,21.255436,70715.82,105451.43,4095280.687671233,186338.13136288998,95.0,2.0
2014-09-01,458.8666666666667,6.130936592394576,413.6333333333333,6.027394595547809,210.4,5.353752073436137,115.66666666666667,4.75932086581535,29.123495,98697.31,18.978281,20.076366,56420.023,60720.797,4096463.61369863,186123.3711001642,95.0,2.0
2014-10-01,450.4516129032258,6.112468197464407,62.657096774193555,4.1535108156332505,174.80645161290323,5.169383683172144,438.80645161290323,6.086334747437585,23.70654,13525.985,14.322728,15.42088,22108.719,9556.321,4097608.3808219177,185915.53858784895,95.0,2.0
2014-11-01,211.13333333333333,5.3572150077955225,8.166666666666666,2.2155737160044158,191.83333333333334,5.261826257965621,516.8666666666667,6.249717808868951,16.528345,60.07715,7.6290607,8.528235,10696.808,2319.6982,4098791.3068493153,185700.77832512316,95.0,2.0
2014-12-01,271.258064516129,5.606750383104856,9.178064516129032,2.320234866929124,260.8709677419355,5.567851892913697,349.51612903225805,5.859406722626322,12.151292,43191.742,4.0623455,4.763884,30218.738,58752.016,4099936.073972603,185492.94581280788,95.0,2.0
2015-01-01,434.3225806451613,6.076087320966959,8.90258064516129,2.2927953944001156,363.258064516129,5.897862584888234,308.35483870967744,5.734488963392338,12.834718,42654.03,4.5772266,5.4619045,45124.086,50554.312,4101119.0,185278.1855500821,95.0,2.0
2015-02-01,870.5,6.770215864960075,9.674642857142857,2.3678711025496706,432.2857142857143,6.071397358633268,237.51785714285714,5.474444180241956,16.379322,8162.004,8.066936,8.8066025,12733.77,21327.771,4107030.317808219,185063.4252873563,95.0,2.0
2015-03-01,587.3548387096774,6.377330233078851,7.320322580645161,2.1187010257936727,1528.516129032258,7.332706708832681,347.2903225806452,5.853036392261994,19.54148,32779.36,9.565828,10.637708,18505.05,48623.086,4112369.5726027396,184869.44827586206,95.0,2.0
2015-04-01,307.6666666666667,5.7322619459780695,29.782333333333334,3.426940932338496,159.9,5.080783053998338,806.5666666666667,6.694025611028502,20.460382,9677.135,10.754396,11.48078,13655.064,13940.692,4118280.890410959,184654.6880131363,95.0,2.0
2015-05-01,243.80645161290323,5.500467904918767,530.5806451612904,6.275854917525584,159.2258064516129,5.076584110622204,222.51612903225808,5.409483577142235,22.781017,24942.596,12.923919,13.824939,22663.209,36259.652,4124001.520547945,184446.85550082102,95.0,2.0
2015-06-01,148.98333333333332,5.010524176811848,757.9666666666667,6.631957858996009,122.6,4.817050545023591,130.5,4.879006851617819,31.159634,9510.6875,21.24735,22.580925,23079.414,19431.008,4129912.8383561643,184232.09523809524,95.0,2.0
2015-07-01,386.0,5.958424693029782,875.0322580645161,6.775402914532957,154.58064516129033,5.047164215583826,125.80645161290323,4.842661920936714,31.890083,21266.977,21.161198,22.77473,59303.21,41761.227,4135633.4684931505,184024.26272577996,95.0,2.0
2015-08-01,384.03225806451616,5.953327117958396,820.3870967741935,6.710994492577785,119.5741935483871,4.792265277551056,126.25806451612904,4.846217028794828,33.475746,23701.494,22.119951,23.671883,47449.234,47129.133,4141544.78630137,183809.50246305417,95.0,2.0
2015-09-01,354.4,5.8732439157205505,594.4666666666667,6.389345411857838,169.36666666666667,5.137952977106124,128.46666666666667,4.86342344774906,29.786348,30070.418,19.27341,21.034061,38929.906,28407.566,4147456.104109589,183594.74220032842,95.0,2.0
2015-10-01,350.7096774193548,5.8628060552212355,413.71903225806454,6.027601260238456,206.61290322580646,5.335675303627128,322.96774193548384,5.780643948908192,23.72477,41965.766,13.812762,15.263466,44737.31,54268.676,4153176.7342465753,183386.90968801314,95.0,2.0
2015-11-01,845.0666666666667,6.740598158707955,62.76533333333334,4.155209677993363,277.03333333333336,5.627741010579457,408.2,6.014204034077471,14.453802,12296.455,6.2429314,6.354778,40632.91,31332.904,4159088.0520547945,183172.14942528735,95.0,2.0
2015-12-01,502.9032258064516,6.222384237345863,9.99709677419355,2.397631308344051,261.38709677419354,5.569820881982023,308.2258064516129,5.734071775234431,10.380181,10659.143,2.5670156,2.7436728,27240.434,16801.273,4164808.682191781,182964.31691297208,95.0,2.0
2016-01-01,635.9354838709677,6.4566683692356035,177.50806451612902,5.184633779561205,556.2903225806451,6.323086329595445,259.2258064516129,5.561549740451828,10.949004,53803.79,2.820264,3.5775168,32886.12,46695.4,4170720.0,182749.55665024632,155.0,3.0
2016-02-01,1446.4137931034484,7.277533651959268,8.875862068965516,2.2900936051000165,568.6206896551724,6.3449706825686665,615.2413793103449,6.423638736310323,16.526417,5887.504,6.959344,8.0175905,11338.659,9435.234,4175569.1284153005,182534.79638752053,155.0,3.0
2016-03-01,821.483870967742,6.7123288726815895,44.35258064516129,3.8144670800173346,211.1290322580645,5.3571947322508695,650.258064516129,6.478905976125078,18.672752,323.93262,9.241519,9.81912,1294.5732,4442.785,4180105.4098360655,182333.89162561577,155.0,3.0
2016-04-01,413.46666666666664,6.026992553167127,730.6,6.595233916516711,155.13333333333333,5.050710343055453,105.5,4.66814498514948,20.686237,13636.488,10.574593,11.770592,11550.134,20664.594,4184954.538251366,182119.13136288998,155.0,3.0
2016-05-01,247.48387096774192,5.51537793786782,721.0,6.582025138892826,134.31612903225806,4.907613737475104,104.52580645161291,4.658955533919511,23.721306,6391.161,13.900242,14.811515,13585.626,23019.43,4189647.243169399,181911.2988505747,155.0,3.0
2016-06-01,120.25,4.7978545298175925,967.9666666666667,6.87623021157428,77.53666666666666,4.3635656070302975,100.55666666666666,4.620616934977116,32.303024,4589.199,22.203959,23.600622,13230.7705,10703.621,4194496.3715846995,181696.53858784895,155.0,3.0
2016-07-01,151.10967741935482,5.024601822615038,927.7741935483871,6.83386564527372,114.33548387096775,4.747845132495842,102.14193548387097,4.636106054045645,34.006386,8182.704,23.130257,24.589848,36721.098,39483.42,4199189.076502732,181488.70607553367,155.0,3.0
2016-08-01,319.2258064516129,5.769026392104576,749.5806451612904,6.620847100545506,250.8709677419355,5.528916923607782,101.25806451612904,4.62749966238618,31.561043,60244.75,20.273848,21.778337,58371.625,79261.26,4204038.2049180325,181273.94581280788,155.0,3.0
2016-09-01,145.1,4.984291318756654,792.4666666666667,6.676411531102588,160.96666666666667,5.087390552743748,103.93333333333334,4.653325227875139,28.027266,16210.897,18.137259,18.861378,26210.049,37967.957,4208887.333333333,181059.1855500821,155.0,3.0
2016-10-01,165.96774193548387,5.11780063169559,494.1161290322581,6.204792339159022,156.67741935483872,5.060551296366285,389.06451612903226,5.966312151414202,24.79633,6278.7227,15.387042,15.752333,11903.504,10490.288,4213580.0382513665,180851.35303776682,155.0,3.0
2016-11-01,215.63333333333333,5.3782062162321935,9.024666666666667,2.305048722432019,191.66666666666666,5.260961580004268,495.3666666666667,6.20731490092805,17.546698,26107.238,7.8611298,9.145156,38482.496,32527.078,4218429.166666667,180636.59277504106,155.0,3.0
2016-12-01,768.5806451612904,6.645845749816552,23.240000000000002,3.1880041612011136,689.0322580645161,6.536738347316659,257.06451612903226,5.553209616176827,12.684306,58330.3,4.8332376,4.79884,56535.227,78017.38,4223121.8715846995,180428.7602627258,155.0,3.0
2017-01-01,2458.0,7.807510042216193,147.7890322580645,5.002529411739313,1946.9354838709678,7.574525364491281,177.99032258064514,5.187331740583977,11.133218,48978.023,2.8723593,3.3393855,69780.8,74412.44,4227971.0,180214.0,155.0,3.0
2017-02-01,2513.9285714285716,7.829999681108086,8.143571428571429,2.21305105625276,2455.0714285714284,7.806318372138678,1391.892857142857,7.239138055633495,14.737972,55727.406,6.66978,7.2972,32776.54,51005.023,4233247.115068493,180626.6768893757,155.0,3.0
2017-03-01,2040.967741935484,7.621669201310647,60.900000000000006,4.12552017969055,1440.225806451613,7.273249284938723,1800.741935483871,7.496509217859399,19.35482,5122.424,10.142057,10.738678,11391.889,18784.95,4238012.638356164,180999.417305586,155.0,3.0
2017-04-01,858.1,6.755885329644011,8.819333333333333,2.2843532313992414,190.43333333333334,5.254539619202141,1013.5333333333333,6.922184015634258,21.517813,297.48633,11.8109,12.562826,4969.0527,3461.9043,4243288.7534246575,181412.09419496165,155.0,3.0
2017-05-01,398.16129032258067,5.989365571605788,595.1612903225806,6.39051125180061,134.32258064516128,4.90766141441616,550.8064516129032,6.313197353655581,24.931194,4003.3516,14.700462,15.786407,6830.257,12605.8545,4248394.671232876,181811.45892661557,155.0,3.0
2017-06-01,125.37666666666668,4.839266865516118,657.1666666666666,6.489458192058595,79.81333333333333,4.3921419684149745,497.26666666666665,6.211135408943219,31.906155,6.8916016,22.26284,23.480093,2867.6611,1098.5449,4253670.78630137,182224.13581599123,155.0,3.0
2017-07-01,350.46451612903223,5.86210875630866,819.9032258064516,6.710405228943833,175.93548387096774,5.175785168224184,171.38709677419354,5.149742510731335,33.22796,59950.15,22.374275,24.405,74592.0,78990.24,4258776.704109589,182623.50054764512,155.0,3.0
2017-08-01,482.2258064516129,6.180484052586064,790.5483870967741,6.673991010865982,258.19354838709677,5.557575073686467,169.83870967741936,5.140719893131698,32.420242,35236.59,21.043594,22.682076,34199.68,48522.555,4264052.819178082,183036.17743702081,155.0,3.0
2017-09-01,134.36333333333334,4.907962521244225,975.9333333333333,6.884418413617699,147.03333333333333,4.9974374736299465,168.9,5.135210028677887,28.192677,5251.3506,18.646013,19.202269,12034.18,18787.738,4269328.934246575,183448.85432639648,155.0,3.0
2017-10-01,113.41935483870968,4.739870250288476,498.8312903225807,6.214270622128634,151.19354838709677,5.025153055482474,538.258064516129,6.290194240217485,24.567024,33.01758,15.135217,15.397433,300.91992,77.43945,4274434.852054794,183848.2190580504,155.0,3.0
2017-11-01,118.53333333333333,4.7835952725029225,6.307666666666666,1.9889240253609184,202.56666666666666,5.31599355156098,663.5,6.4990348781533,19.659595,119.07129,11.94565,11.493653,3.4140625,183.12305,4279710.967123288,184260.89594742606,155.0,3.0
2017-12-01,131.06451612903226,4.883290561736088,8.47,2.248128907197987,226.51612903225808,5.427221132723033,324.1290322580645,5.784222125869731,13.817318,4582.756,5.835722,6.4594665,2094.0186,421.10938,4284816.884931507,184660.26067907995,155.0,3.0
2018-01-01,146.16129032258064,4.991529198359187,7.757419354838709,2.1699012673504114,231.70967741935485,5.449791656978338,335.741935483871,5.8193168669231525,14.667959,14985.114,5.7921705,6.543347,17814.117,21287.152,4290093.0,185072.93756845564,365.0,4.0
2018-02-01,166.67857142857142,5.122048881467159,7.813571428571429,2.1762927412951836,213.10714285714286,5.36647655728641,436.7857142857143,6.081729553870473,13.458497,20174.041,5.560684,5.4795294,33606.414,30046.598,4296292.74520548,185485.61445783134,365.0,4.0
2018-03-01,186.03225806451613,5.231281104996454,246.08645161290323,5.509738281919953,211.16129032258064,5.357346788816205,379.79999999999995,5.94227430291721,16.988668,3954.8262,8.130605,8.383435,11138.221,16511.613,4301892.515068493,185858.35487404163,365.0,4.0
2018-04-01,152.33333333333334,5.032614200815031,673.6333333333333,6.51416933340405,134.23,4.906977032485268,105.11999999999999,4.664570529269539,22.750841,55.219727,13.544917,14.1758375,959.91504,821.45703,4308092.2602739725,186271.0317634173,365.0,4.0
2018-05-01,101.96129032258065,4.6343530954799395,949.2903225806451,6.856767540624056,96.36451612903227,4.578461833480969,119.06451612903226,4.78802923271705,25.584606,964.8096,16.46718,16.79189,3616.9785,8963.607,4314092.01369863,186670.39649507118,365.0,4.0
2018-06-01,72.02,4.29073337622749,1172.8333333333333,7.068030025517356,70.11,4.2642279738954265,111.71333333333334,4.72484772224071,30.608847,4888.782,21.922089,22.481215,8877.438,6441.54,4320291.75890411,187083.07338444688,365.0,4.0
2018-07-01,148.28387096774193,5.005849667682862,1219.5806451612902,7.107081963161218,166.99032258064514,5.123906374057467,127.83870967741936,4.858561309490614,33.256927,72086.94,23.065712,24.840229,62521.41,86341.84,4326291.512328767,187482.43811610076,365.0,4.0
2018-08-01,220.09677419354838,5.398600497949408,809.0,6.697034247666484,259.9032258064516,5.564149556215161,130.29032258064515,4.877411073951494,32.40255,60137.695,21.785734,23.291914,54699.414,64563.64,4332491.257534247,187895.11500547646,365.0,4.0
2018-09-01,146.49333333333334,4.993782977018313,780.5666666666667,6.661300452258581,126.12333333333332,4.845157743827193,125.7,4.841822087327094,30.750423,9732.169,19.850082,20.855177,18915.36,9862.839,4338691.002739726,188307.79189485213,365.0,4.0
2018-10-01,338.16129032258067,5.826475776894247,173.10000000000002,5.159629846774143,350.96774193548384,5.863539529169953,203.96774193548387,5.322852610344315,20.890789,103055.06,11.51717,12.733997,60149.67,78884.89,4344690.756164383,188707.156626506,365.0,4.0
2018-11-01,166.86666666666667,5.123170013502082,8.446666666666667,2.2456619455944247,204.03333333333333,5.323172567546213,334.5,5.815621956411737,15.376483,10111.677,6.519941,7.2198396,6706.952,9131.788,4350890.501369863,189119.8335158817,365.0,4.0
2018-12-01,159.3548387096774,5.077389101609526,8.90967741935484,2.293511796788371,223.32258064516128,5.413085108082661,271.92903225806447,5.6092118062921115,11.381182,10891.883,3.4493704,4.2172623,24198.59,9785.543,4356890.25479452,189519.1982475356,365.0,4.0
2019-01-01,370.64516129032256,5.917939531552907,9.34032258064516,2.33605106594812,469.5806451612903,6.153967347443425,236.32258064516128,5.469420315447118,11.557964,37597.656,3.2748954,4.399301,33404.94,52352.234,4363090.0,189931.8751369113,405.0,5.0
2019-02-01,2605.0714285714284,7.865599166584462,11.154285714285715,2.497681841276723,3208.3214285714284,8.073814800809016,256.5107142857143,5.551061328114726,10.081917,86581.18,2.2878547,2.486387,84809.36,111998.66,4368373.75890411,190344.55202628695,405.0,5.0
2019-03-01,4499.677419354839,8.411983202063167,8.617096774193548,2.263542428505289,2935.3870967741937,7.984935225993963,2520.2258064516127,7.83250049336779,16.309008,26904.713,7.5878906,8.224687,42664.246,37919.4,4373146.18630137,190717.29244249727,405.0,5.0
2019-04-01,1815.0,7.504391559161238,8.045,2.2022121188472585,246.2,5.510197725583535,847.5333333333333,6.743509368915412,21.297594,3559.3545,11.7587,12.80397,9371.708,7343.205,4378429.94520548,191129.96933187294,405.0,5.0
2019-05-01,780.741935483871,6.6615246803063215,400.4609677419355,5.995110312576183,163.7741935483871,5.104576012667284,571.0967741935484,6.349308162722576,21.724028,9988.297,11.742234,12.677843,17314.453,37370.04,4383543.2602739725,191529.33406352683,405.0,5.0
2019-06-01,319.9,5.771129548115811,524.1,6.2635887206438134,100.24666666666667,4.6175597836340145,742.7333333333333,6.611682547645169,29.744022,1.7509766,19.696434,20.7106,1204.1025,729.22754,4388827.019178082,191942.01095290252,405.0,5.0
2019-07-01,126.19999999999999,4.845760650906022,867.1935483870968,6.7664146718163405,66.5741935483871,4.213226157920187,363.0,5.8971538676367405,33.54267,15183.256,23.105425,24.344542,24354.246,17160.11,4393940.334246575,192341.3756845564,405.0,5.0
2019-08-01,177.71935483870968,5.185816725414585,1243.774193548387,7.126709421805298,90.84516129032258,4.520104129710837,128.25806451612902,4.861810906150998,33.648506,13990.6,22.748768,24.425299,37181.39,12725.963,4399224.093150685,192754.0525739321,405.0,5.0
2019-09-01,172.23333333333332,5.154639433346286,1103.0,7.00669522683704,139.14,4.9426419229423875,128.56666666666666,4.864195549190068,28.964315,79028.086,18.866854,20.01566,40901.715,37769.45,4404507.852054794,193166.72946330777,405.0,5.0
2019-10-01,108.96774193548387,4.700187067652757,144.95483870967743,4.9832972499515105,141.8709677419355,4.961941899438052,624.258064516129,6.438164467741129,21.648832,0.7363281,12.247562,12.664473,189.9541,580.041,4409621.167123288,193566.09419496165,405.0,5.0
2019-11-01,266.3,5.588371623144873,112.08,4.72809553282539,461.96666666666664,6.137655057254063,626.3666666666667,6.441531165028409,16.784935,100038.164,8.156597,8.7790985,75267.8,86853.04,4414904.926027398,193978.77108433735,405.0,5.0
2019-12-01,841.0,6.7357800142423265,70.63548387096773,4.271590535995068,1375.6774193548388,7.22742820792584,373.1290322580645,5.92460074395124,11.36387,49946.285,3.2011561,3.692005,39923.63,60109.703,4420018.24109589,194378.13581599123,405.0,5.0
2020-01-01,807.5806451612904,6.695280420686322,13.948387096774193,2.7046034075131296,492.96774193548384,6.202470215330061,334.51612903225805,5.815670029867987,11.943631,6158.1543,3.7813046,4.6676726,14728.722,7294.867,4425302.0,194790.81270536693,573.0,7.0
2020-02-01,1463.8275862068965,7.289492825929346,38.88620689655173,3.686030572314882,393.58620689655174,5.97783763833124,359.6551724137931,5.887922300767794,13.148782,48469.195,4.7442408,5.7716417,45101.156,23577.914,4431633.877049181,195203.4895947426,573.0,7.0
2020-03-01,3478.8709677419356,8.154750493846029,170.57419354838711,5.145015788497405,2592.6774193548385,7.8608320006881405,874.3870967741935,6.774666184842581,15.693292,87913.92,7.3074923,7.770913,53113.727,84112.164,4437557.24590164,195589.5421686747,573.0,7.0
2020-04-01,1059.0333333333333,6.966055633152561,606.4599999999999,6.409286329425518,304.3333333333333,5.721404076006021,343.26666666666665,5.841416550864323,20.572807,1535.0215,11.675428,12.091738,4552.0166,16679.002,4443889.122950819,196002.2190580504,573.0,7.0
2020-05-01,488.61290322580646,6.1936150854787115,608.4516129032259,6.412559557588172,134.91290322580645,4.9120142631238926,320.19354838709677,5.772043895902938,27.330353,633.1377,17.403574,18.060387,6474.164,3265.1328,4450016.74590164,196401.58378970428,573.0,7.0
2020-06-01,117.31333333333333,4.773336472438309,640.7666666666667,6.46422479006718,80.94,4.405987272118725,764.1666666666666,6.640093675021167,30.370306,38.90625,20.950998,21.529425,2498.6182,137.38965,4456348.622950819,196814.26067907995,573.0,7.0
2020-07-01,105.58064516129032,4.668901930155722,485.258064516129,6.186739479918269,74.51290322580645,4.324303545305679,875.9354838709677,6.776433425094875,34.42915,1447.3936,23.529005,24.916458,28343.07,19265.75,4462476.24590164,197213.62541073386,573.0,7.0
2020-08-01,93.59354838709677,4.549589274864285,1131.9354838709678,7.032567316662636,72.8258064516129,4.301708351398468,189.8709677419355,5.251597638191548,34.821514,13351.518,24.002708,25.46527,20898.512,15800.484,4468808.122950819,197626.30230010953,573.0,7.0
2020-09-01,91.6,4.528289141652134,1058.7333333333333,6.965772583129443,90.05666666666666,4.511482023335752,189.06666666666666,5.247374887810462,30.526575,370.417,19.86482,21.341805,5589.7393,2803.6816,4475140.0,198038.97918948522,573.0,7.0
2020-10-01,85.24838709677418,4.45723135540936,286.29322580645163,5.660503386892263,107.80322580645162,4.689540982938677,738.7741935483871,6.606344995778826,24.768084,163.00488,15.401917,16.326002,11404.996,1436.7559,4481267.622950819,198438.3439211391,573.0,7.0
2020-11-01,118.53333333333333,4.7835952725029225,257.54566666666665,5.555072338565118,180.46666666666667,5.201071982109202,454.53333333333336,6.121468893678569,17.712395,1294.0645,8.966855,9.740364,13322.765,8972.643,4487599.5,198851.02081051478,573.0,7.0
2020-12-01,121.96774193548387,4.811922060288946,57.61290322580645,4.070954863911025,211.80645161290323,5.360383074737725,391.6774193548387,5.97298845892445,11.625057,15013.232,2.7548704,3.9595435,7319.7324,5324.4805,4493727.122950819,199250.3855421687,573.0,7.0
2021-01-01,137.5483870967742,4.931219629933209,9.774838709677418,2.3772136669383253,242.93548387096774,5.496903779965732,276.51612903225805,5.625879054136202,11.7954235,37730.613,3.50165,4.096299,35303.496,53676.25,4500059.0,199663.06243154436,716.0,8.0
2021-02-01,151.57142857142858,5.027632870464827,88.60607142857144,4.495423079164771,233.92857142857142,5.459281516573799,349.10714285714283,5.8582392300865225,13.870087,1489.2715,4.879725,5.643605,16498.42,6026.6865,4505112.594520548,200075.73932092005,716.0,8.0
2021-03-01,156.2258064516129,5.057683029700005,445.93548387096774,6.102414252811933,238.2258064516129,5.477407902760545,110.96774193548387,4.71821081137664,15.50777,8324.657,6.1702967,6.8873367,16753.375,33561.973,4509677.131506849,200448.47973713034,716.0,8.0
2021-04-01,165.93333333333334,5.1175945311177795,863.4333333333333,6.762074186283174,144.8,4.982235819574558,103.17333333333333,4.646056178460434,21.989292,881.1748,12.182238,13.343079,7566.366,7721.8145,4514730.726027397,200861.156626506,716.0,8.0
2021-05-01,109.02903225806452,4.70074426058789,1119.774193548387,7.0217749697295115,92.66774193548386,4.539753860338006,104.45161290322581,4.658252202239065,25.211483,124.08203,15.734833,16.633816,2297.2256,2970.9814,4519621.301369863,201260.52135815992,716.0,8.0
2021-06-01,67.32666666666667,4.224300124735307,1218.3333333333333,7.106059540282701,61.76,4.139317927864832,116.5,4.7664383335842135,32.16402,3782.8027,22.50365,23.869673,5136.4443,8098.3984,4524674.895890411,201673.1982475356,716.0,8.0
2021-07-01,459.45806451612907,6.132221786437128,962.7741935483871,6.870857028114603,587.1419354838711,6.376968305646834,113.6774193548387,4.742123137752195,32.31034,101967.05,22.165867,24.799772,108997.64,98996.31,4529565.471232877,202072.56297918948,716.0,8.0
2021-08-01,814.6451612903226,6.703979409028937,724.516129032258,6.586883303686026,532.6451612903226,6.279731126121869,112.45161290322581,4.731376427988836,31.555307,90349.805,21.215662,23.07768,65323.863,51681.914,4534619.065753425,202485.23986856517,716.0,8.0
2021-09-01,764.1666666666666,6.640093675021167,870.9666666666667,6.770751196878642,201.76666666666668,5.31205589265855,116.3,4.76473475565943,29.259731,26798.566,18.925915,20.763824,38734.324,36916.195,4539672.660273973,202897.91675794087,716.0,8.0
2021-10-01,290.51612903225805,5.67509533541681,685.1580645161291,6.531108015931029,194.83870967741936,5.2772914106452875,245.5483870967742,5.5075582707577375,21.082283,13606.571,12.153567,12.4000435,15982.184,23311.363,4544563.235616438,203297.28148959475,716.0,8.0
2021-11-01,143.03333333333333,4.970044754269778,16.266666666666666,2.8487778605973277,187.4,5.238567362142263,767.8333333333334,6.644874214329765,18.988539,64.481445,10.184292,10.648138,1046.3057,1212.3105,4549616.830136986,203709.95837897042,716.0,8.0
2021-12-01,187.96774193548387,5.2415763229025325,30.809677419354838,3.459770564853137,403.19354838709677,6.001893843404968,453.7096774193548,6.119659143690814,12.886306,74129.65,5.4298205,5.0993166,53980.85,60996.734,4554507.405479452,204109.32311062433,716.0,8.0
2022-01-01,538.9354838709677,6.291449658107673,20.448387096774194,3.065649448923263,405.16129032258067,6.0067503475165545,277.2258064516129,5.628433037414414,12.06193,4097.5283,3.5128734,4.79992,13965.74,7770.462,4559561.0,204522.0,826.0,9.0
2022-02-01,212.75,5.36480710781687,18.317857142857143,2.9610299087021774,222.75,5.410529357154965,462.9642857142857,6.139807578820529,12.744928,13892.082,3.092025,4.7966075,16469.006,17619.496,4563087.016438357,204522.0,826.0,9.0
2022-03-01,408.6774193548387,6.015370067961537,41.36451612903225,3.746311128105968,327.258064516129,5.793800081094757,613.0645161290323,6.420099997755855,16.914217,9427.498,6.782139,8.467346,19756.578,24089.635,4566271.805479452,204522.0,826.0,9.0
2022-04-01,560.3666666666667,6.330374286793899,636.3,6.457240502320248,203.86666666666667,5.3223593610282744,129.23333333333332,4.869327713392915,21.49694,15.506836,12.10017,12.941758,417.70605,508.7832,4569797.821917809,204522.0,826.0,9.0
2022-05-01,170.35806451612905,5.143755311795135,872.6774193548387,6.77271122212039,107.82903225806452,4.689778139433431,132.0,4.890349128221754,25.546661,0.0,16.192678,17.359425,3.9541016,13.205078,4573210.095890411,204522.0,826.0,9.0
2022-06-01,91.98666666666666,4.532456113699286,1091.1333333333334,6.995888248973337,82.77,4.428074948165718,128.7,4.865224091322398,31.660707,7559.3037,21.020487,22.739971,21706.77,17451.107,4576736.112328767,204522.0,826.0,9.0
2022-07-01,400.60967741935485,5.9954806652469355,937.2258064516129,6.843990651859715,136.41935483870967,4.92303723477827,132.61290322580646,4.894946837470384,33.353535,43470.6,22.903406,25.048147,63654.31,51608.203,4580148.386301369,204522.0,826.0,9.0
2022-08-01,1659.0645161290322,7.41461174573333,750.5483870967741,6.622135594474576,317.2903225806452,5.76296393037202,130.90322580645162,4.882068515879496,31.633846,89255.44,20.817253,23.183453,76343.516,78687.7,4583674.402739726,204522.0,826.0,9.0
2022-09-01,379.03333333333336,5.940258968171564,834.3666666666667,6.7278707502216,190.93333333333334,5.257148089509966,132.5,4.894101477840304,30.007656,32415.297,19.51223,21.432123,26822.531,44477.008,4587200.419178083,204522.0,826.0,9.0
2022-10-01,305.03225806451616,5.723690514907731,596.1612903225806,6.392187244948311,231.5483870967742,5.4490983199194325,124.83870967741936,4.83500100502151,22.42392,25603.598,11.937569,13.712736,35751.61,36669.26,4590612.693150685,204522.0,826.0,9.0
2022-11-01,271.3,5.606904399679714,368.8333333333333,5.913052453704539,236.83333333333334,5.471570148248781,124.7,4.8338981155962015,13.0806675,9692.833,4.7036514,5.6794534,16656.424,17307.861,4594138.709589041,204522.0,826.0,9.0
2022-12-01,1028.6774193548388,6.937000847078599,55.13870967741936,4.027825586654982,294.83870967741933,5.689814406073798,211.07096774193548,5.356920972154256,10.831283,57720.766,3.5674171,4.1996517,45757.33,39922.21,4597550.983561643,204522.0,826.0,9.0
2023-01-01,2701.2258064516127,7.901831085143684,36.435483870967744,3.6226190212293456,1823.8387096774193,7.509246883852055,212.09677419354838,5.361746401465589,10.011647,57684.742,1.0238438,2.0366535,69879.164,94057.74,4601077.0,204522.0,898.0,10.0
2023-02-01,1734.7857142857142,7.459215451130024,94.71785714285714,4.561404876066406,886.0714285714286,6.7879255073327736,320.32142857142856,5.772441957241915,11.454886,33036.3,1.7481438,2.899342,40369.23,44309.656,4605584.315068494,204522.0,898.0,10.0
2023-03-01,5402.258064516129,8.594757395893545,1163.2709677419355,7.059850391356261,8668.709677419354,9.067590583333802,6979.258064516129,8.850841167066685,13.793013,50199.926,4.843455,5.3012886,55794.15,96259.445,4609655.438356165,204522.0,898.0,10.0
2023-04-01,3254.3333333333335,8.088049955953496,4340.466666666666,8.375967511633304,1679.4666666666667,7.426826811601979,1431.0333333333333,7.266850624717087,20.364372,63.164062,11.03145,11.755637,163.93066,313.01172,4614162.7534246575,204522.0,898.0,10.0
2023-05-01,1202.774193548387,7.093217061392928,1253.5483870967741,7.134530935885101,235.1290322580645,5.464378402470211,141.58064516129033,4.9599077705865975,24.716393,3710.6816,14.922754,15.616417,16112.979,22011.37,4618524.671232876,204522.0,898.0,10.0
2023-06-01,299.46666666666664,5.705336821588438,859.0,6.756932389247553,128.99333333333334,4.867483167089331,417.5,6.03667688992953,27.627716,4.7128906,18.377975,18.78754,407.68066,1652.8477,4623031.98630137,204522.0,898.0,10.0
2023-07-01,127.12903225806451,4.8530378206799165,733.5806451612904,6.599299785585826,71.09032258064516,4.277919813099848,552.5483870967741,6.316349168556807,35.532043,3529.914,25.26105,26.378498,15395.706,17621.041,4627393.904109589,204522.0,898.0,10.0
2023-08-01,127.94193548387096,4.859362190502488,705.4516129032259,6.560254711319446,122.16774193548386,4.813547181875412,647.3548387096774,6.474438137080606,33.34256,16871.008,22.596424,23.845661,36866.977,43129.617,4631901.219178082,204522.0,898.0,10.0
2023-09-01,139.82000000000002,4.947482479090987,860.7666666666667,6.758984545699264,126.03,4.844423279035369,341.56666666666666,5.836466285962918,28.99983,25842.504,19.321865,19.540533,21777.719,25108.531,4636408.534246575,204522.0,898.0,10.0
2023-10-01,101.00967741935484,4.625067685444107,753.3870967741935,6.6259056272151176,120.76129032258065,4.8020624913188925,233.96774193548387,5.459448236362352,23.845432,344.81836,14.391869,14.978996,7266.37,5561.7334,4640770.452054795,204522.0,898.0,10.0
2023-11-01,134.6,4.909709375506295,286.9266666666666,5.662705818082688,190.1,5.252796851246227,394.3,5.9796449703026395,17.342651,9687.997,7.9723797,8.843461,18856.016,9351.892,4645277.767123288,204522.0,898.0,10.0
2023-12-01,152.6451612903226,5.034645796315714,31.406451612903226,3.478357526830798,244.06451612903226,5.501521507018075,411.16129032258067,6.021414754106177,13.089845,38901.555,4.334442,5.520479,23390.809,15574.841,4649639.684931506,204522.0,898.0,10.0
2024-01-01,181.09677419354838,5.204538272098616,33.17741935483871,3.5315651732232074,251.48387096774192,5.5313473693196915,303.5806451612903,5.718935896621086,10.605154,46276.207,2.3152266,3.2296576,33006.402,29730.396,4654147.0,204522.0,978.0,11.0
2024-02-01,690.9310344827586,6.539486289499084,225.9344827586207,5.424661353613278,500.0344827586207,6.216674926577855,232.75862068965517,5.454289047444491,13.421594,56598.715,4.6825204,5.3080993,51935.242,60532.234,4657146.292349727,204522.0,978.0,11.0
2024-03-01,1039.483870967742,6.947441144481195,91.68709677419355,4.529229269509117,752.1290322580645,6.624236570700291,582.7096774193549,6.369403731512697,15.150568,46251.57,5.757006,6.865497,54402.2,55721.203,4659952.081967213,204522.0,978.0,11.0
2024-04-01,2107.6666666666665,7.653811115197485,724.7033333333333,6.587141299539814,496.1333333333333,6.208858266441585,167.5,5.126935749792416,19.688505,11788.715,10.292129,11.242856,13340.5205,18506.42,4662951.37431694,204522.0,978.0,11.0
2024-05-01,679.3225806451613,6.522567068987674,1069.3548387096773,6.975745497442863,143.06451612903226,4.970261227914957,167.51612903225808,5.127031466471121,24.875906,207.46582,14.3952675,15.636657,1671.543,1282.3369,4665853.915300546,204522.0,978.0,11.0
2024-06-01,164.65666666666667,5.109917373433611,1226.3333333333333,7.112599073124914,88.24666666666667,4.491404071689642,176.96666666666667,5.181596266838031,32.130455,4735.1875,22.048454,23.672083,17759.453,18415.992,4668853.207650273,204522.0,978.0,11.0
2024-07-01,125.1774193548387,4.837689006639989,1288.0645161290322,7.161672052989248,119.72258064516129,4.7934951913447685,123.54838709677419,4.82469429177909,35.071766,22655.766,23.940187,25.969099,40688.535,41301.402,4671755.74863388,204522.0,978.0,11.0
2024-08-01,171.4516129032258,5.150116692213718,1243.225806451613,7.1262687732672125,131.1483870967742,4.883925435881409,125.83870967741936,4.842916276781911,33.641876,19964.203,22.410698,24.220093,51007.67,44298.445,4674755.040983606,204522.0,978.0,11.0
2024-09-01,111.15666666666667,4.719896703396241,1108.2,7.011394313741623,97.93333333333334,4.594446222625116,129.93333333333334,4.8746882878122015,31.032701,860.89355,19.858301,21.426498,9771.587,7033.9033,4677754.333333333,204522.0,978.0,11.0
2024-10-01,94.91935483870968,4.563507784661502,808.258064516129,6.696117858176692,109.38387096774194,4.703964026863205,132.0,4.890349128221754,25.670313,3805.4658,15.919569,16.99918,11840.724,16876.988,4680656.87431694,204522.0,978.0,11.0
2024-11-01,135.96666666666667,4.919737587221254,344.8933333333333,5.846130442364308,192.16666666666666,5.263553374111697,406.96666666666664,6.011185471720183,14.460714,2327.6494,6.1101346,6.6599126,13165.763,4819.6064,4683656.166666667,204522.0,978.0,11.0
2024-12-01,134.4516129032258,4.908614476199047,17.664516129032258,2.9266241880568886,225.8709677419355,5.424381431822872,522.0,6.259581464064923,14.216112,19.115234,6.544944,7.0247893,672.0918,6.796875,4686558.707650273,204522.0,978.0,11.0
2025-01-01,118.43870967741935,4.78280335006993,230.83225806451614,5.446014084573271,230.38709677419354,5.444092051641288,205.51612903225808,5.330378516044663,10.363307,1032.4287,1.1158359,2.3971179,1731.1963,5754.288,4689558.0,204522.0,1212.0,13.0
2025-02-01,130.46428571428572,4.878735223203817,364.9642857142857,5.902535748624514,218.46428571428572,5.391189511824932,149.89285714285714,5.01657002961607,15.941146,1281.6064,7.69705,8.393605,8164.4688,14129.689,4689558.0,204522.0,1212.0,13.0
2025-03-01,157.19354838709677,5.063819273130901,392.0,5.973809611869261,221.67741935483872,5.40572417421833,121.58064516129032,4.808769141229331,16.801775,35422.37,6.9995017,8.167544,28291.482,48312.71,4689558.0,204522.0,1212.0,13.0
2025-04-01,126.86666666666666,4.850988054341173,691.3333333333334,6.540067535208003,152.7,5.03500265054455,124.63333333333334,4.83336761160498,20.151009,3699.4736,10.581228,11.300275,8697.487,17889.215,4689558.0,204522.0,1212.0,13.0
2025-05-01,94.50967741935484,4.5592275765868004,829.7096774193549,6.7222803684934975,117.96129032258065,4.778798148785918,124.70967741935483,4.8339751008535625,25.235172,10614.486,14.989045,16.4193,4463.9395,13512.416,4689558.0,204522.0,1212.0,13.0
2025-06-01,66.94827586206897,4.218746766648584,1037.8666666666666,6.945885654343404,101.30666666666666,4.627974838641355,118.66666666666667,4.7847100998201695,30.719877,9359.506,21.514816,22.437496,9493.454,18557.39,4689558.0,204522.0,1212.0,13.0
2025-07-01,,,1143.258064516129,7.042511727370947,78.1,4.370712874773608,119.25806451612904,4.7896399713203355,33.034866,5118.657,22.737514,24.319845,32371.848,21390.93,4689558.0,204522.0,1212.0,13.0
2025-08-01,,,1052.967741935484,6.96031712325865,87.58064516129032,4.48391338184277,130.67741935483872,4.880355138884644,33.58577,29528.254,23.253197,24.92083,20471.783,33469.94,4689558.0,204522.0,1212.0,13.0
2025-09-01,,,809.4333333333333,6.697569084039878,125.88888888888889,4.843311812879736,137.33333333333334,4.929666231562589,29.341875,52944.438,18.88762,20.004467,44300.26,47464.85,4689558.0,204522.0,1212.0,13.0
2025-10-01,,,403.1290322580645,6.001734213745438,,,,,22.9812,72354.26,14.361572,14.891587,52799.65,50298.21,4689558.0,204522.0,1212.0,13.0
2025-11-01,,,340.56333333333333,5.833533118136104,,,,,18.195969,53266.953,9.475894,10.363979,31741.346,72777.305,4689558.0,204522.0,1212.0,13.0
2025-12-01,,,64.58709677419355,4.183378981087602,,,,,14.994953,2598.129,7.307841,8.274456,5783.802,11494.198,4689558.0,204522.0,1212.0,13.0
2026-01-01,,,22.519354838709678,3.1578236923272383,,,,,13.603866,8019.672,4.164547,5.7380075,25195.22,20218.195,4689558.0,204522.0,1212.0,13.0
2026-02-01,,,22.785714285714285,3.169085160365185,,,,,17.150984,12837.333,7.715839,8.6303425,23583.459,29818.23,4689558.0,204522.0,1212.0,13.0
2026-03-01,,,126.26451612903226,4.846267724594692,,,,,23.317196,3099.919,13.461802,14.712197,4911.4805,1429.8135,4689558.0,204522.0,1212.0,13.0
2026-04-01,,,722.6666666666666,6.584330881210182,,,,,21.909725,665.5547,11.983159,12.4657135,9620.142,15625.985,4689558.0,204522.0,1212.0,13.0
2026-05-01,,,570.4705882352941,6.348213017755325,,,,,25.614475,902.9541,15.674928,16.804207,16171.973,9862.741,4689558.0,204522.0,1212.0,13.0
