time,temp_maricopa,precip_maricopa,Temp_Salt,Temp_Verde,Precip_Salt,Precip_Verde,flow_verde_downstream,flow_salt_upstream,flow_salt_downstream,flow_verde_upstream,ama_quantity
1895-01-01,11.525407,74211.484,2.0165374,1.5487777,71669.25,134251.94,,,,,
1895-02-01,13.477033,5563.963,2.4887345,3.5754113,17260.508,12643.464,,,,,
1895-03-01,15.974886,1110.3701,5.9150515,7.4707656,4439.287,9704.54,,,,,
1895-04-01,20.032337,296.8828,9.875881,12.606539,2930.791,1849.8154,,,,,
1895-05-01,23.8909,1550.4785,14.626182,15.331393,10896.962,8430.881,,,,,
1895-06-01,26.699776,152.31152,17.711035,17.756332,1595.7227,3723.21,,,,,
1895-07-01,30.32776,29917.432,21.075556,22.687328,25615.307,13233.207,,,,,
1895-08-01,29.971018,42701.832,20.277365,22.49692,58181.668,50875.734,,,,,
1895-09-01,27.534513,10229.833,17.484217,19.246143,33494.438,18931.207,,,,,
1895-10-01,22.446583,34158.805,12.078137,13.686603,35938.48,22790.02,,,,,
1895-11-01,14.293579,35035.31,3.8533046,4.8840985,65461.344,65364.586,,,,,
1895-12-01,9.960882,5780.129,-0.23844531,0.994251,11635.433,12630.311,,,,,
1896-01-01,13.878148,25713.41,3.4766421,4.4238963,11795.478,14322.157,,,,,
1896-02-01,14.706517,1349.6152,3.4524891,4.9458704,9317.339,2684.4453,,,,,
1896-03-01,16.817661,14707.698,6.879789,7.6850286,17251.773,36676.484,,,,,
1896-04-01,17.809738,1937.915,8.672737,9.55437,4575.868,17369.46,,,,,
1896-05-01,23.52051,0.6386719,14.21352,15.633125,0.12695312,703.08496,,,,,
1896-06-01,30.076488,241.36621,20.118198,21.822212,9297.087,437.91016,,,,,
1896-07-01,30.128397,104555.05,20.268387,22.651192,63632.844,62807.566,,,,,
1896-08-01,30.541164,41755.4,19.963116,22.465794,46173.844,67119.55,,,,,
1896-09-01,28.151575,31674.238,17.400478,18.934992,49780.547,34924.348,,,,,
1896-10-01,22.333166,71144.92,11.456062,13.327368,79486.766,81197.78,,,,,
1896-11-01,15.1562395,22865.621,6.1189156,6.571127,17361.92,20734.805,,,,,
1896-12-01,12.763861,18418.129,2.9481547,4.0771136,13877.856,14833.664,,,,,
1897-01-01,12.27557,107519.64,1.5619234,3.3753874,88131.51,89146.81,,,,,
1897-02-01,11.36404,25805.467,1.7274797,3.5791328,26691.934,30496.906,,,,,
1897-03-01,12.497639,16164.505,3.4142423,4.851777,31181.883,22109.207,,,,,
1897-04-01,19.69533,669.58594,9.953378,10.393046,2058.1367,6033.3115,,,,,
1897-05-01,24.868975,2216.9102,15.4111395,16.638535,3520.121,7473.337,,,,,
1897-06-01,27.42501,384.37695,17.992764,19.270315,4388.671,1765.624,,,,,
1897-07-01,31.291027,8458.932,21.668463,23.05283,34403.914,15945.188,,,,,
1897-08-01,31.408234,42683.914,21.478252,23.35676,53688.25,38734.8,,,,,
1897-09-01,27.737358,49293.727,18.328758,19.170794,58064.402,79242.84,,,,,
1897-10-01,19.887636,4822.827,11.696547,11.805616,18049.293,19213.287,,,,,
1897-11-01,15.405007,5.6757812,7.4350657,8.1889305,457.25293,559.0537,,,,,
1897-12-01,9.667149,11023.433,1.3786141,1.2274706,16187.0205,21590.426,,,,,
1898-01-01,8.450204,67201.875,-1.5343609,-0.1027754,62762.906,63046.383,,,,,
1898-02-01,14.739529,1199.3096,4.7507687,6.070341,4552.756,3640.1914,,,,,
1898-03-01,13.924783,12555.049,5.421511,5.9110813,19718.031,22997.451,,,,,
1898-04-01,21.183493,3170.1963,12.485192,14.176384,16814.549,14250.833,,,,,
1898-05-01,22.31696,1638.3506,13.5639715,14.5786705,4762.2,22672.22,,,,,
1898-06-01,28.622444,6587.998,20.029577,21.627064,31242.05,15588.01,,,,,
1898-07-01,32.03665,25723.191,22.840954,24.188438,54615.0,41238.055,,,,,
1898-08-01,31.398401,43364.195,21.896873,23.12366,69684.86,60251.89,,,,,
1898-09-01,27.971888,750.6465,18.567411,19.565441,7347.163,422.29492,,,,,
1898-10-01,20.670057,0.0,12.023768,13.639547,0.47558594,0.0,,,,,
1898-11-01,13.777723,12509.217,5.809672,6.9285154,15212.033,12434.498,,,,,
1898-12-01,9.414726,60734.95,-1.5317594,-0.34737912,46839.516,48321.688,,,,,
1899-01-01,10.184425,44323.21,-0.1605,0.36207193,23979.303,31419.646,,,,,
1899-02-01,11.427319,9962.377,2.5785375,3.593306,13286.727,21665.229,,,,,
1899-03-01,14.679367,1113.2656,6.6003547,6.707017,4205.9404,8935.491,,,,,
1899-04-01,19.22667,1492.2529,10.247811,11.245215,6073.2715,1601.3945,,,,,
1899-05-01,20.293007,17.635742,12.950472,11.9676075,60.08203,136.76562,,,,,
1899-06-01,27.96477,6474.0967,19.507349,20.016459,26529.676,18128.414,,,,,
1899-07-01,31.166975,42986.504,22.288757,23.36748,56072.824,43946.875,,,,,
1899-08-01,28.961748,26728.715,20.22916,21.18244,32494.273,21934.273,,,,,
1899-09-01,28.602541,33290.6,18.974527,21.339666,26941.379,13588.923,,,,,
1899-10-01,19.286652,12114.249,11.448567,11.339433,15589.833,29642.227,,,,,
1899-11-01,15.631835,23568.047,6.6905203,7.955709,15528.507,16095.123,,,,,
1899-12-01,11.518098,2753.7266,3.2757032,3.8046384,3416.7393,7834.498,,,,,
1900-01-01,12.334067,3068.1133,4.5404515,5.3827934,5958.6816,7378.547,,,,,
1900-02-01,12.859184,1781.0322,3.207289,5.136402,9641.926,2619.2588,,,,,
1900-03-01,17.79605,23334.055,9.280963,9.919816,23658.14,12755.185,,,,,
1900-04-01,16.748678,40287.37,8.991835,7.40694,37419.195,67737.92,,,,,
1900-05-01,23.539516,3266.5596,15.917247,15.790183,5211.2246,7871.705,,,,,
1900-06-01,28.47992,348.79102,20.210323,20.841637,781.4209,194.0,,,,,
1900-07-01,31.35726,18612.322,22.704628,23.75773,15331.037,16053.218,,,,,
1900-08-01,28.091278,17324.785,18.791851,20.245014,30423.992,29578.486,,,,,
1900-09-01,24.688135,4902.034,16.328623,16.242512,49984.6,12089.464,,,,,
1900-10-01,21.015581,9856.118,11.7822075,12.4665,16481.742,24834.77,,,,,
1900-11-01,16.055628,51949.38,6.694075,7.831508,69492.625,43878.03,,,,,
1900-12-01,11.407819,4.0,2.1606624,3.654983,395.1875,15.155273,,,,,
1901-01-01,10.27419,25465.83,2.6068282,2.7104132,62654.293,30859.258,,,,,
1901-02-01,12.58556,58063.547,3.5067484,4.078774,62352.777,84949.33,,,,,
1901-03-01,14.377402,17077.56,5.304822,6.444317,20314.062,15066.307,,,,,
1901-04-01,17.343424,1346.8232,6.945316,9.597046,7099.409,4150.8145,,,,,
1901-05-01,22.445375,2289.165,13.769506,15.285523,24738.934,16807.441,,,,,
1901-06-01,26.242819,0.25390625,18.244585,19.333025,303.49316,855.3096,,,,,
1901-07-01,32.190876,21230.8,23.61227,25.079466,55534.227,29818.676,,,,,
1901-08-01,30.949566,36284.49,22.053339,23.574905,30962.52,37604.785,,,,,
1901-09-01,25.854689,1838.457,18.06354,18.679548,10792.872,1195.5615,,,,,
1901-10-01,21.176369,17720.936,12.835408,13.484836,25673.842,20163.97,,,,,
1901-11-01,16.309849,5785.923,8.493825,8.981677,9117.6455,15590.051,,,,,
1901-12-01,9.8091955,157.6709,2.9196892,3.6630175,8797.078,317.58887,,,,,
1902-01-01,10.284474,34580.926,2.904711,2.6816177,27427.205,31890.322,,,,,
1902-02-01,12.187062,5208.627,4.668906,4.8564057,13002.636,19540.98,,,,,
1902-03-01,12.910343,18633.96,4.700445,4.253251,11292.602,30377.246,,,,,
1902-04-01,19.524698,357.81445,11.898905,12.172447,248.70215,3978.5684,,,,,
1902-05-01,22.740301,2596.755,14.645402,14.749762,25832.023,5807.798,,,,,
1902-06-01,28.385244,1055.9824,21.223705,21.709112,5093.416,349.4795,,,,,
1902-07-01,29.417236,9886.413,21.300854,22.350445,20821.986,13182.129,,,,,
1902-08-01,30.040413,25495.488,21.607489,22.09487,42243.555,50633.227,,,,,
1902-09-01,26.740105,25717.863,18.190565,19.158434,39017.1,20446.0,,,,,
1902-10-01,21.69924,1536.8652,13.257961,13.871528,2970.5586,288.9619,,,,,
1902-11-01,13.85296,52045.508,5.988725,4.888299,42792.094,54881.04,,,,,
1902-12-01,10.037829,47587.227,2.8443718,2.203546,55505.156,28568.61,,,,,
1903-01-01,10.325302,2188.2412,2.6247406,2.8468008,3902.9707,7989.7227,,,,,
1903-02-01,9.094079,22624.035,0.42712656,1.1251872,42105.64,38386.203,,,,,
1903-03-01,14.095596,21607.299,6.4679327,6.5628657,37347.305,36253.14,,,,,
1903-04-01,17.457516,6478.574,10.430922,9.817931,4196.0586,14437.337,,,,,
1903-05-01,22.413685,1390.2451,14.349544,14.278861,12242.865,5735.839,,,,,
1903-06-01,27.296432,4414.866,19.430506,19.824476,31932.664,14479.97,,,,,
1903-07-01,31.252953,23151.234,23.059336,22.465492,21951.771,43200.54,,,,,
1903-08-01,31.50191,26196.312,22.486467,22.956633,49480.508,34961.246,,,,,
1903-09-01,26.919943,61825.418,17.549099,17.916529,41196.254,58885.066,,,,,
1903-10-01,21.646286,124.87598,11.681442,12.814852,14.075195,2433.4678,,,,,
1903-11-01,15.772389,0.0,8.198734,9.492997,0.0,0.0,,,,,
1903-12-01,10.22567,3378.1953,2.9783266,3.1238003,4358.1973,681.43164,,,,,
1904-01-01,8.886206,5827.6416,0.4122719,0.77826995,11437.804,6026.1006,236.7741935483871,,,,
1904-02-01,14.3369465,13021.986,6.591203,6.8466077,13666.66,13582.544,226.31034482758625,,,,
1904-03-01,17.277546,7012.3086,8.836679,8.737621,8067.426,14928.831,184.03225806451613,,,,
1904-04-01,19.55174,28.131836,11.181077,11.063109,869.83984,1075.0176,118.53333333333332,,,,
1904-05-01,23.760143,2218.1162,15.238901,15.235604,8276.786,13574.983,126.29032258064515,,,,
1904-06-01,28.326347,144.15527,19.755432,20.092323,1258.2832,2328.956,62.93333333333333,,,,
1904-07-01,29.67447,70048.16,22.14998,23.064327,37633.7,61697.914,729.0967741935484,,,,
1904-08-01,30.21657,83169.195,21.287529,21.455025,83488.26,105529.58,1624.6774193548388,,,,
1904-09-01,26.73099,14574.099,17.919687,18.358852,17260.13,11822.827,481.6,,,,
1904-10-01,20.539032,3536.2754,12.404713,12.769616,23206.1,4200.9727,188.06451612903223,,,,
1904-11-01,15.197229,47.89453,6.894761,8.788058,188.23242,0.12695312,209.63333333333333,,,,
1904-12-01,10.6978855,18256.393,3.3092673,3.258038,33880.22,16001.445,240.9032258064516,,,,
1905-01-01,11.688214,103755.29,4.7225704,4.1726418,86090.08,99034.7,1419.9354838709678,,,,
1905-02-01,12.597644,163945.7,5.2151046,3.5811267,130519.41,146918.88,7713.0,,,,
1905-03-01,15.2323675,118036.83,7.364544,6.9901023,131427.08,118415.266,8780.645161290322,,,,
1905-04-01,17.58106,46473.883,9.359098,9.41132,68209.484,73610.78,5225.666666666667,,,,
1905-05-01,20.517818,1800.2266,13.1901455,12.266049,4878.584,19116.316,832.516129032258,,,,
1905-06-01,27.955057,4570.287,18.993164,19.328943,10671.71,1832.419,282.56666666666666,,,,
1905-07-01,31.228964,11910.464,21.492374,23.127138,33328.95,27527.97,245.3548387096774,,,,
1905-08-01,32.24864,17052.406,21.910751,22.748919,41330.133,57510.402,566.7741935483871,,,,
1905-09-01,28.63222,39344.164,18.704412,19.574453,58162.12,57863.74,771.3333333333334,,,,
1905-10-01,21.32158,430.39355,12.1854515,12.875194,4199.2305,2758.416,543.516129032258,,,,
1905-11-01,14.769766,116842.39,6.8287873,6.4855566,119256.75,136868.28,3432.7,,,,
1905-12-01,9.214324,22746.834,0.28444687,0.6175738,39834.906,32795.68,875.0967741935484,,,,
1906-01-01,9.717281,9375.678,1.1597078,1.4909506,23289.432,25821.41,811.8387096774194,,,,
1906-02-01,13.744638,37704.227,5.6160827,5.5262856,26530.613,29738.209,1201.821428571429,,,,
1906-03-01,14.885937,35134.03,7.1310344,6.706494,57971.625,95989.06,5467.5161290322585,,,,
1906-04-01,17.683323,19285.133,9.638405,9.971109,21653.809,30390.363,1029.1333333333334,,,,
1906-05-01,22.299946,518.81836,14.085589,13.85678,3724.914,7447.2656,246.8709677419355,,,,
1906-06-01,27.870705,0.0,18.540014,19.006855,0.0,0.9042969,149.86666666666667,,,,
1906-07-01,32.15119,30663.29,22.241142,22.856749,51935.605,56142.703,233.7741935483871,,,,
1906-08-01,30.419546,132629.98,19.75555,20.984396,78209.695,81339.984,742.9032258064516,,,,
1906-09-01,26.766691,537.9668,16.922787,17.999527,22014.234,6240.674,210.76666666666668,,,,
1906-10-01,20.924938,509.3662,11.985931,13.017124,4413.6055,1311.7256,181.29032258064515,,,,
1906-11-01,13.446329,39420.656,7.009186,4.5726953,33653.785,56634.79,311.96666666666664,,,,
1906-12-01,11.622326,96884.19,5.2607107,4.033989,123145.09,106043.195,2641.2903225806454,,,,
1907-01-01,10.619303,49255.98,3.6842265,1.764916,58114.773,69954.47,2429.3548387096776,,,,
1907-02-01,14.383341,13218.811,6.208575,7.449593,20385.203,33728.293,2618.928571428572,,,,
1907-03-01,14.883668,35618.805,7.9125156,7.199833,28097.645,51524.586,3766.967741935484,,,,
1907-04-01,19.69319,6473.9277,10.954907,11.33561,23279.598,22243.262,838.1333333333333,,,,
1907-05-01,21.64148,10968.398,12.961834,12.928337,25856.797,15225.913,251.29032258064515,,,,
1907-06-01,26.062098,2960.4854,16.814919,17.630709,6698.048,4397.343,208.86666666666667,,,,
1907-07-01,31.374773,51390.758,21.729212,22.874466,43340.03,43746.65,217.16129032258064,,,,
1907-08-01,30.511576,54041.12,20.676981,21.547062,100244.59,43297.97,430.2903225806452,,,,
1907-09-01,27.98403,3869.5996,17.762299,18.844027,11651.683,26725.64,403.8666666666667,,,,
1907-10-01,21.411572,68478.766,12.653063,13.20829,73407.76,83489.3,614.258064516129,,,,
1907-11-01,15.283673,6229.367,6.301528,6.390301,19404.309,18386.592,375.2,,,,
1907-12-01,11.02388,317.50488,3.5787814,4.2278905,986.35156,1557.6416,323.38709677419354,,,,
1908-01-01,11.163719,21577.074,3.5525656,3.5432627,18713.715,28629.389,306.48387096774195,,,,
1908-02-01,11.964557,72637.82,3.9398673,4.1624346,77042.17,76862.5,1972.551724137931,,,,
1908-03-01,16.110394,18872.414,7.4965844,8.018061,27711.973,31849.625,1395.4193548387098,,,,
1908-04-01,19.775642,22890.875,10.258329,10.715915,14995.044,25639.973,301.1666666666667,,,,
1908-05-01,21.809652,1462.2705,12.643669,12.837672,8301.418,17049.838,443.3225806451613,,,,
1908-06-01,27.285803,1391.916,18.279888,18.726068,1349.3994,348.98828,145.63333333333333,,,,
1908-07-01,31.656021,60093.543,21.73186,22.902271,78142.15,91811.42,462.483870967742,,,,
1908-08-01,31.277727,33978.93,20.656052,21.538538,84078.94,55204.547,879.8709677419355,,,,
1908-09-01,27.374605,25828.52,17.478975,18.153627,12641.985,23202.25,356.4,,,,
1908-10-01,19.175024,19046.3,10.460795,11.238122,11452.108,26062.14,264.741935483871,,,,
1908-11-01,16.024336,6939.589,6.6447845,6.779821,15756.524,12482.861,281.46666666666664,,,,
1908-12-01,11.150118,102430.28,2.8445718,2.6720994,77656.64,123918.195,3128.6774193548385,,,,
1909-01-01,12.507117,21636.184,4.068609,4.5925107,33244.258,48681.78,1760.4193548387098,,,,
1909-02-01,11.666897,28719.47,2.356153,3.404604,52600.293,53282.617,1458.7142857142858,,,,
1909-03-01,13.206764,34796.78,3.7581563,4.9743924,47979.293,45500.62,2029.354838709677,,,,
1909-04-01,18.944902,815.54297,7.9894857,10.472762,7004.6553,4709.1387,1257.9,,,,
1909-05-01,21.896328,35.41797,13.214264,13.862272,227.25293,2071.1885,199.9032258064516,,,,
1909-06-01,28.682219,441.32812,19.926313,20.350475,2212.707,2358.0205,135.23333333333332,,,,
1909-07-01,31.609297,45166.742,22.450598,22.97367,37467.746,45607.855,379.03225806451616,,,,
1909-08-01,30.173277,93689.14,20.725885,21.542143,63706.95,106999.03,1254.7096774193549,,,,
1909-09-01,27.14237,29015.826,17.417614,17.795244,35844.52,26216.672,475.2,,,,
1909-10-01,21.120104,0.0,12.491774,13.767457,17.458984,202.73047,160.16129032258064,,,,
1909-11-01,14.823662,19799.191,7.209305,7.948626,16456.623,24153.465,221.13333333333333,,,,
1909-12-01,8.631683,40464.68,0.43010157,-0.6561864,33259.99,53395.656,354.2258064516129,,,,
1910-01-01,10.062275,34932.285,2.753325,2.0672665,47546.758,60932.312,,,,,
1910-02-01,11.592323,796.99805,3.5203345,4.032384,2876.5078,4805.751,,,,,
1910-03-01,18.308659,16277.823,9.659119,10.1373415,15313.684,38288.152,,,,,
1910-04-01,20.562235,3704.4502,11.037807,12.388414,15426.332,9994.948,,,,,
1910-05-01,25.482239,170.69238,16.148294,17.374132,4207.079,17.075195,,,,,
1910-06-01,29.18954,3606.1367,20.090202,20.772873,7058.2676,9449.084,,,,,
1910-07-01,31.923548,33328.676,22.616495,23.547167,36980.242,33842.195,,,,,
1910-08-01,31.661999,41468.016,22.130878,23.110708,52929.168,46255.492,,,,,
1910-09-01,29.45227,2423.958,19.690685,20.84666,4994.9834,5670.199,,,,,
1910-10-01,21.839636,3809.1426,12.689772,13.599949,9702.738,17743.582,,,,,
1910-11-01,15.701008,77458.03,7.2519765,8.674703,42194.78,50850.133,,,,,
1910-12-01,12.2943125,11590.8,4.320086,5.106174,12324.798,23598.963,,,,,
1911-01-01,12.682574,68877.91,4.5421143,4.693813,60626.64,87810.59,,,,,
1911-02-01,11.505753,35107.973,3.436975,3.064609,58289.535,50638.562,,,,,
1911-03-01,16.648378,19132.309,8.67747,8.939176,34576.164,52935.734,,,,,
1911-04-01,18.923067,2189.8037,9.905514,10.568724,15928.6455,5091.913,,,,,
1911-05-01,22.69874,1.5146484,13.8637295,14.138979,130.26758,352.46875,,,,,
1911-06-01,28.272778,1963.3672,18.441236,19.421923,13485.466,8723.394,,,,,
1911-07-01,30.688122,115407.414,20.332129,21.752533,88893.16,94107.67,,,,,
1911-08-01,31.194021,35174.53,21.131464,21.783787,35862.617,51984.703,,,,,
1911-09-01,27.779257,39468.234,19.249815,19.15412,53077.39,50974.906,,,,,
1911-10-01,20.432434,54857.086,11.926702,12.551247,71432.08,57772.29,,,,,
1911-11-01,14.005758,41.94922,5.6470733,6.121184,459.89746,84.32129,,,,,
1911-12-01,7.154894,6041.5654,-0.34905937,0.023325928,17262.656,10450.274,,,,,
1912-01-01,11.263934,0.0,1.6063343,3.968822,265.83008,387.5918,,,,,
1912-02-01,12.162257,396.4082,3.7789733,5.165767,5237.5967,827.4824,,,,,
1912-03-01,14.265972,98056.0,6.01183,5.285329,82560.05,107214.125,,,,,
1912-04-01,16.791569,28676.309,7.657545,7.544273,26721.871,40059.77,,,,,
1912-05-01,22.767471,10552.91,13.618997,14.133837,3984.9854,7164.1846,,,,,
1912-06-01,29.520866,4376.747,19.639547,20.02564,11145.729,10114.295,,,,,
1912-07-01,29.507757,66865.586,20.203457,20.805727,82717.14,72830.06,,,,,
1912-08-01,29.279987,61706.48,20.163427,21.142752,51407.062,42688.836,,,,,
1912-09-01,25.24709,1703.6582,15.990521,16.509708,7512.091,3663.5615,,,,,
1912-10-01,19.771841,45220.7,10.850364,10.811362,50986.543,76401.92,,,,,
1912-11-01,14.93196,279.7578,5.7028766,7.574244,700.61816,2128.583,,,,,
1912-12-01,8.551386,26758.852,0.085314065,1.5080105,20262.84,18706.582,,,,,
1913-01-01,7.766006,18787.404,-0.27358595,-0.15167071,18454.615,16930.055,,,,,
1913-02-01,11.424007,80145.8,1.8779532,2.4151855,71700.61,81746.82,,,,,
1913-03-01,12.768034,2496.88,4.4965844,4.5429997,12378.741,12751.653,,,,,
1913-04-01,18.67119,21785.945,9.053726,10.50574,9319.803,6219.301,,,,,
1913-05-01,22.482058,320.6455,13.994402,14.771712,407.44043,0.0,,,,,
1913-06-01,27.36178,952.7549,18.27854,18.44073,4172.245,1033.1494,,,,,
1913-07-01,29.863111,27722.908,20.629538,22.11123,39872.28,42623.414,,,,,
1913-08-01,30.662323,28183.07,20.733023,21.949162,38557.445,55455.918,,,,,
1913-09-01,27.676392,9662.693,16.64655,17.816013,25381.555,38132.496,,,,,
1913-10-01,20.225521,4475.0938,11.569597,11.946814,14985.005,8483.96,204.3548387096774,214.5483870967742,,,
1913-11-01,16.218596,59404.336,7.9668655,8.014231,43204.305,57995.797,338.53333333333336,255.83333333333331,,,
1913-12-01,9.876907,16873.236,0.9335125,1.6849399,33681.152,28929.906,306.4516129032258,339.51612903225805,,,
1914-01-01,11.779287,22408.582,3.7159126,4.3056784,24265.375,50260.254,956.741935483871,379.5806451612903,,,
1914-02-01,12.216107,37569.957,3.9575562,4.198584,26868.77,45324.344,3044.6428571428573,1318.7857142857142,,,
1914-03-01,16.965418,24147.57,7.430933,8.718949,17311.973,13891.295,716.5483870967741,1010.0,,,
1914-04-01,19.716568,2545.4492,11.062811,11.557209,2983.7607,10874.419,251.46666666666667,1065.2,,,
1914-05-01,23.783812,5698.593,15.207347,15.019728,7344.331,6800.7256,153.8709677419355,431.7741935483871,,,
1914-06-01,28.85318,6996.662,19.632494,19.720655,12263.762,20458.05,113.63333333333334,257.1333333333333,,,
1914-07-01,31.478153,30076.674,20.08134,21.847153,85525.69,69935.28,204.0,592.5483870967741,,,
1914-08-01,31.430168,30370.688,21.13706,22.832634,55698.445,34114.8,234.38709677419357,1058.9032258064517,,,
1914-09-01,28.79715,7816.5205,18.476162,19.756922,8697.296,24199.867,229.8,743.2666666666667,,,
1914-10-01,21.742485,89493.984,12.176817,12.702205,54500.047,52131.953,326.93548387096774,642.3870967741935,,,
1914-11-01,17.639877,34772.223,8.0791,9.229092,22085.086,8066.912,269.7333333333333,500.56666666666666,,,
1914-12-01,9.299602,129418.664,1.5348265,0.7360942,81953.64,74017.28,652.0967741935484,2574.322580645161,,,
1915-01-01,9.146574,81455.125,0.63970155,0.7101277,71426.55,77093.6,1242.258064516129,2290.8387096774195,,,
1915-02-01,11.337758,53077.625,2.9300907,3.4570925,55251.324,63622.562,2447.428571428572,3374.285714285714,,,
1915-03-01,14.022215,16141.226,4.832172,6.54002,27766.312,21495.787,3590.967741935484,3724.83870967742,,,
1915-04-01,18.410877,34726.258,9.744199,10.305367,46610.824,65745.54,2180.5,6023.0,,,
1915-05-01,20.907084,8697.923,11.845341,12.0686245,15425.383,18590.996,2662.5806451612902,3693.548387096774,,,
1915-06-01,27.993084,7382.5283,18.366203,18.997267,20229.977,9182.854,206.86666666666667,1228.8333333333333,,,
1915-07-01,30.713633,37758.93,21.05981,22.261822,65207.48,57704.99,326.83870967741933,1461.0,,,
1915-08-01,31.113611,28393.133,20.422884,22.782873,38325.703,33457.992,348.5806451612903,602.483870967742,,,
1915-09-01,26.134968,10681.5,16.49867,17.738039,25214.822,12108.872,231.13333333333333,386.1,,,
1915-10-01,22.146542,464.37988,12.255072,14.018344,5061.2656,2824.1143,177.38709677419354,317.80645161290323,,,
1915-11-01,14.481303,30770.59,6.3637924,7.202715,29123.29,24226.836,248.53333333333333,374.6,,,
1915-12-01,9.956094,103789.29,2.3032563,2.2169216,67518.55,100996.69,392.7096774193548,377.9032258064516,,,
1916-01-01,9.803891,132500.17,2.1183796,0.9012772,153093.5,140964.05,8231.129032258064,15991.258064516129,,,
1916-02-01,14.378971,13885.756,5.9810357,6.9060664,15895.731,21755.629,3765.5172413793102,4486.551724137931,,,
1916-03-01,17.222614,29970.186,8.274054,9.304506,50830.11,48206.797,5183.870967741936,8350.0,,,
1916-04-01,19.360113,7320.1035,10.159319,11.301605,15709.926,8939.129,696.0,4310.333333333333,,,
1916-05-01,22.57184,1621.5537,13.276525,14.035361,5328.661,4471.3936,231.5483870967742,1771.6129032258063,,,
1916-06-01,28.055325,0.0,18.829521,19.950047,0.0,0.0,158.93333333333334,819.8333333333334,,,
1916-07-01,31.12196,47090.08,20.527979,22.742077,59385.965,59254.92,201.0,459.4516129032258,,,
1916-08-01,29.77673,39818.617,19.407043,20.49193,54128.402,64876.734,507.5161290322581,692.1290322580645,,,
1916-09-01,26.6033,89280.24,16.844868,18.203304,36555.04,44942.656,1296.0333333333333,940.1666666666666,,,
1916-10-01,18.585037,32329.121,11.169675,10.842438,69094.82,66754.305,725.8387096774194,1409.5806451612902,,,
1916-11-01,13.154424,0.0,5.263711,5.9408484,53.808594,0.0,326.8333333333333,453.5,,,
1916-12-01,8.12742,22535.691,0.5613344,0.38871145,23029.8,26173.23,340.4516129032258,308.5483870967742,,,
1917-01-01,8.999656,86745.26,1.0519828,-0.638919,69012.21,74133.766,1222.1612903225807,1512.1935483870968,,,
1917-02-01,11.558776,32066.8,2.3679407,2.6793263,45227.35,36657.496,1495.357142857143,1575.0,,,
1917-03-01,12.917932,6154.8096,3.983164,4.023717,930.26074,4149.335,1758.7096774193549,1195.8064516129032,,,
1917-04-01,17.379715,37790.67,8.295702,8.172422,33764.652,83581.984,6002.333333333333,2401.6666666666665,,,
1917-05-01,20.206617,16867.863,10.477131,11.223633,27210.219,31314.184,1253.1612903225807,1207.741935483871,,,
1917-06-01,28.745855,27.09961,19.49374,20.021353,417.81836,428.88867,234.4,478.0,,,
1917-07-01,32.059402,94756.7,22.326633,23.678017,61463.188,73139.31,417.03225806451616,479.03225806451616,,,
1917-08-01,29.821798,15770.247,20.568008,21.581059,20459.822,43314.68,726.516129032258,449.5806451612903,,,
1917-09-01,28.147848,19222.322,17.448118,19.019922,31572.398,30530.46,388.53333333333336,297.7,,,
1917-10-01,22.552822,1165.0283,13.404926,14.181254,777.85254,316.40625,247.0,231.48387096774192,,,
1917-11-01,16.156696,0.0,7.665986,9.25479,0.0,0.734375,243.1,247.2333333333333,,,
1917-12-01,12.433527,0.0,4.7156577,6.1822057,0.0,0.0,265.9032258064516,242.25806451612905,,,
1918-01-01,9.230846,58734.67,0.13796407,1.2968798,60622.707,49111.6,393.9354838709677,274.7741935483871,,,
1918-02-01,12.160054,23330.807,3.8072484,4.351386,41459.883,38103.76,904.5,447.25,,,
1918-03-01,15.758413,46689.844,7.4058795,7.232163,30636.168,91735.625,4612.548387096775,2030.1612903225807,,,
1918-04-01,18.584635,1336.9736,9.700405,9.938261,6732.843,4565.7344,355.2333333333333,674.9333333333333,,,
1918-05-01,21.371674,709.9238,12.766814,13.002342,3545.0303,2802.4258,159.83870967741936,375.5483870967742,,,
1918-06-01,31.078619,9953.652,21.604183,22.891558,20350.432,23614.39,137.3,292.93333333333334,,,
1918-07-01,31.00666,51580.75,21.775198,22.154366,49131.09,42878.484,191.0967741935484,367.2903225806452,,,
1918-08-01,28.628325,86557.484,20.532944,20.770134,53633.49,53522.9,544.5483870967741,392.483870967742,,,
1918-09-01,28.015509,19678.336,19.106663,19.249693,10746.712,11376.705,190.33333333333331,193.76666666666668,,,
1918-10-01,21.719143,16344.958,12.822017,13.541875,19689.262,11306.201,193.38709677419357,183.2258064516129,,,
1918-11-01,13.694378,34674.004,5.0367236,4.881236,53147.742,37190.555,345.8,243.8,,,
1918-12-01,9.485629,62616.684,0.3835125,1.6040579,54859.117,55526.36,457.7741935483871,296.741935483871,,,
1919-01-01,9.689387,15495.354,-1.2349187,0.8887439,14950.77,15310.46,345.4193548387097,253.58064516129036,,,
1919-02-01,9.827418,40517.48,0.16779844,1.0069379,61679.016,59055.918,953.0357142857144,986.25,,,
1919-03-01,13.045461,35156.32,4.8763266,5.1150327,26509.207,26656.84,1560.0,1631.9354838709678,,,
1919-04-01,19.738537,7555.7744,11.223417,12.091358,18559.537,15918.378,1332.9666666666667,3657.6666666666665,,,
1919-05-01,23.764893,5133.833,15.302209,15.903046,17765.465,26910.96,173.06451612903226,1233.0967741935483,,,
1919-06-01,29.109238,1742.4082,20.119017,20.391779,8888.562,1720.8271,118.36666666666666,378.4333333333333,,,
1919-07-01,30.66515,92279.26,20.823437,21.97475,109840.76,145068.44,2125.8064516129034,3275.7419354838707,,,
1919-08-01,30.81186,52335.125,21.142246,22.141008,45980.094,50842.207,905.6774193548388,1611.8387096774193,,,
1919-09-01,27.219545,66775.52,17.481642,18.99116,63077.27,59815.035,471.1,802.8333333333334,,,
1919-10-01,18.671091,15568.512,10.606663,9.747566,20431.988,49668.324,741.4193548387096,469.1612903225807,,,
1919-11-01,13.686792,77510.19,5.780278,5.7796125,70258.01,88269.42,2849.6,2149.5,,,
1919-12-01,11.513936,11399.865,3.5169203,3.2215393,41260.227,14542.435,2229.516129032258,4595.096774193548,,,
1920-01-01,10.990413,70539.06,2.5746264,3.5128658,51804.293,53608.395,2235.2258064516127,2607.483870967742,,,
1920-02-01,13.37826,59602.664,5.0813017,5.3466187,63673.324,114639.016,8955.51724137931,9014.137931034482,,,
1920-03-01,13.545813,50131.93,4.880758,5.0864787,47949.74,50037.047,1883.4516129032256,2805.3548387096776,,,
1920-04-01,16.534105,656.9824,7.1076717,7.883148,9153.922,8355.055,1040.8333333333333,2124.5,,,
1920-05-01,23.351189,7725.2666,14.295727,14.762832,8004.3174,19421.535,305.48387096774195,1625.1612903225807,,,
1920-06-01,27.760874,4025.3389,18.525723,19.194775,20470.055,3939.6143,208.53333333333333,641.5,,,
1920-07-01,31.790388,20570.914,21.778006,23.195194,30643.293,25065.156,179.70967741935485,304.83870967741933,,,
1920-08-01,29.536135,47139.66,19.932146,21.058153,45324.125,50730.734,455.5483870967742,480.4516129032258,,,
1920-09-01,26.352568,11751.544,17.450104,17.66414,26073.564,19420.137,227.7,298.7333333333333,,,
1920-10-01,18.889706,32602.54,10.590737,10.880194,48604.594,44563.125,240.83870967741936,293.4193548387097,,,
1920-11-01,14.372949,1176.2207,6.024561,6.261191,17218.59,7912.254,463.06666666666666,495.6,,,
1920-12-01,9.02431,2267.2178,1.1309812,1.2979499,10483.178,8531.538,341.7741935483871,326.4193548387097,,,
1921-01-01,9.970192,14954.909,3.6115124,2.6279848,13472.687,33706.008,315.3225806451613,317.16129032258067,,,
1921-02-01,13.192766,6580.997,4.4914923,5.1860375,18006.098,10116.873,334.67857142857144,369.3571428571428,,,
1921-03-01,17.161537,8736.865,8.417362,8.806834,7518.2305,26157.934,522.4193548387096,394.64516129032256,,,
1921-04-01,17.930798,6567.331,8.597161,9.574653,9115.023,15339.426,235.6,318.5,,,
1921-05-01,22.038275,5737.3516,13.500181,13.520971,9351.389,21437.37,167.38709677419354,290.4193548387097,,,
1921-06-01,28.683084,406.37207,19.701624,20.380665,8418.671,5205.1406,125.9,224.2,,,
1921-07-01,31.033646,71445.58,21.153597,22.898214,110035.05,84282.03,296.4516129032258,698.8064516129032,,,
1921-08-01,29.806057,89212.625,19.645214,21.308647,100566.78,86590.2,1694.6774193548388,3607.4193548387098,,,
1921-09-01,27.128769,17632.148,17.873688,18.498096,8787.261,16736.28,367.3333333333333,1076.5,,,
1921-10-01,22.455345,16837.305,14.184108,14.664303,19362.395,41966.2,442.1612903225807,319.741935483871,,,
1921-11-01,15.448487,4953.413,7.421055,8.151576,9420.136,11728.551,287.8666666666667,243.46666666666667,,,
1921-12-01,12.797675,60149.938,4.7229123,5.0821586,35616.555,80710.39,1436.9032258064517,317.61290322580646,,,
1922-01-01,8.456257,66325.65,0.6999437,0.35267222,63492.72,84790.47,2594.2258064516127,591.7096774193549,,,
1922-02-01,11.343819,21039.85,2.9075124,2.5476909,17067.88,24384.248,2749.214285714286,1041.071428571429,,,
1922-03-01,12.404694,42042.746,4.4412813,5.0080395,44059.758,57180.883,3279.0,1994.354838709677,,,
1922-04-01,16.116346,9820.521,7.581358,8.358092,24334.281,12182.15,1070.2,1911.3333333333333,,,
1922-05-01,23.811321,10541.729,14.267653,14.983827,9766.243,19781.357,256.48387096774195,919.3870967741937,,,
1922-06-01,29.386404,6677.1855,20.642744,21.137266,15782.269,12980.175,162.76666666666668,389.23333333333335,,,
1922-07-01,32.116837,29500.312,22.468908,23.72601,35378.688,40588.336,208.5483870967742,330.48387096774195,,,
1922-08-01,30.891376,47277.25,21.59903,22.44021,51139.336,52147.754,332.6774193548387,491.64516129032256,,,
1922-09-01,28.863813,19671.854,19.29845,20.025188,10149.534,29977.545,239.9,246.66666666666663,,,
1922-10-01,21.642986,2010.3018,13.024549,13.163906,10778.15,14335.205,184.70967741935485,188.58064516129036,,,
1922-11-01,12.404305,31787.184,4.619055,4.3331804,44840.984,48081.977,282.6666666666667,228.53333333333333,,,
1922-12-01,12.013821,16908.447,4.07725,4.1922727,22052.646,22390.18,1229.1290322580646,475.03225806451616,,,
1923-01-01,12.167967,17842.918,3.9363673,4.2901444,21055.15,30363.293,347.258064516129,271.64516129032256,,,
1923-02-01,12.076796,21849.594,2.5826328,2.427186,40906.44,30212.371,1222.4642857142858,499.6071428571428,,,
1923-03-01,13.722429,32093.84,4.412156,4.994508,35637.92,45643.742,2207.3870967741937,1294.9354838709678,,,
1923-04-01,18.214935,3332.3174,9.423938,9.691161,10532.885,17392.191,793.6333333333333,1224.6666666666667,,,
1923-05-01,24.535593,4999.2227,15.207785,15.998497,6962.7627,4372.2656,193.1935483870968,639.0322580645161,,,
1923-06-01,26.391531,9.438477,18.17208,17.612442,198.38379,323.42773,115.86666666666666,247.4333333333333,,,
1923-07-01,30.988977,48104.117,21.73361,22.764172,57677.32,50763.746,198.70967741935485,360.64516129032256,,,
1923-08-01,29.974468,39022.41,19.700718,20.868288,93055.05,63851.65,254.1290322580645,881.8064516129032,,,
1923-09-01,26.20174,30114.992,16.091965,16.930851,47539.33,53895.367,1929.1333333333332,1852.0333333333333,,,
1923-10-01,19.211697,9685.129,10.557869,10.952075,18489.352,10960.924,269.6774193548387,405.96774193548384,,,
1923-11-01,14.669019,84215.5,5.8606,6.840752,50965.98,51471.03,967.5,1006.2,,,
1923-12-01,10.156182,99305.67,1.2053516,2.3557136,80045.55,85287.09,3499.903225806452,3261.5806451612902,,,
1924-01-01,8.925534,96.990234,0.7136625,0.9194084,3595.7373,1880.3184,993.8387096774194,1197.451612903226,,,
1924-02-01,13.731335,54.106445,4.8363767,6.065391,4189.336,457.02734,358.2758620689655,526.0,,,
1924-03-01,12.225807,46868.01,3.455589,3.6836393,59799.656,52615.895,522.741935483871,966.0645161290324,,,
1924-04-01,17.014057,10698.519,8.6131735,9.040901,19018.93,31648.846,1645.5,3161.6666666666665,,,
1924-05-01,24.95107,4666.4893,15.239364,15.529181,5434.7676,662.8154,171.90322580645162,1095.3225806451612,,,
1924-06-01,30.179106,366.41797,21.357689,21.327166,2380.8125,5819.093,99.2,383.9333333333333,,,
1924-07-01,31.437237,16721.93,21.776392,22.37873,57587.375,33592.77,186.80645161290323,244.67741935483872,,,
1924-08-01,30.958447,8822.006,21.544563,22.404133,28647.883,13287.924,104.7741935483871,263.4516129032258,,,
1924-09-01,28.22335,12042.9375,18.548872,18.817005,14559.108,40918.03,201.8,196.76666666666668,,,
1924-10-01,19.961039,20912.332,12.392747,11.840383,13487.046,23416.3,227.74193548387095,176.03225806451613,,,
1924-11-01,15.33339,4139.3525,7.5294814,7.7428656,10433.854,5464.83,212.33333333333331,196.5,,,
1924-12-01,9.348284,52113.47,0.29858124,0.87053466,60335.312,77147.555,433.3225806451613,222.4516129032258,,,
1925-01-01,9.2088785,2268.9277,0.19406874,0.8249578,5563.3457,6442.051,298.35483870967744,202.58064516129036,,,
1925-02-01,13.759772,1834.5381,5.2765737,6.0296617,12789.179,8969.5,328.82142857142856,227.42857142857144,,,
1925-03-01,16.217257,9005.487,7.6290064,7.97582,52287.926,25122.715,413.0,966.516129032258,,,
1925-04-01,19.219011,24416.918,11.123798,11.237108,12687.087,41177.883,451.8333333333333,640.3,,,
1925-05-01,24.944153,696.4717,16.070013,16.903538,8953.646,2404.6396,204.0,260.38709677419354,,,
1925-06-01,28.024126,9298.596,19.20192,19.881502,22344.465,25280.438,123.8,195.2333333333333,,,
1925-07-01,32.031563,19246.129,22.402832,24.15558,49481.94,48936.055,204.16129032258064,258.64516129032256,,,
1925-08-01,30.063496,47535.43,19.86599,21.104269,56293.06,52281.652,354.06451612903226,571.6774193548387,,,
1925-09-01,26.70803,52075.6,16.880924,17.425455,53495.86,77450.96,1127.5333333333333,897.6333333333333,,,
1925-10-01,19.39816,53475.676,12.2170515,11.789704,40143.766,62178.246,779.2258064516129,404.9354838709677,,,
1925-11-01,13.754272,9812.613,5.429311,6.1504326,12405.508,21225.74,341.1333333333333,294.1333333333333,,,
1925-12-01,11.099331,14982.59,1.6638203,3.9342103,13724.905,12377.299,367.8064516129032,247.3548387096774,,,
1926-01-01,8.4740305,16271.798,-0.30614218,1.4967548,20293.746,10619.228,298.16129032258067,238.96774193548387,,,
1926-02-01,13.087901,14739.708,4.664044,5.4688435,17556.025,23564.055,293.10714285714283,268.67857142857144,,,
1926-03-01,16.135895,42153.086,6.174917,7.452026,80076.79,41343.45,720.1612903225806,1304.8387096774193,,,
1926-04-01,19.489716,49273.836,9.522236,10.781733,61203.58,88972.89,4422.566666666667,4245.666666666667,,,
1926-05-01,23.420147,8700.747,13.938464,14.62125,28445.994,13005.452,407.741935483871,2013.3870967741937,,,
1926-06-01,29.803009,557.54395,19.378378,21.014534,7216.545,4448.885,117.16666666666669,464.53333333333336,,,
1926-07-01,31.189468,61600.996,20.866682,22.406406,49053.89,36186.53,193.48387096774192,327.80645161290323,,,
1926-08-01,30.287983,20615.408,21.03749,22.012459,15122.404,21840.371,248.25806451612905,332.7096774193548,,,
1926-09-01,28.239601,69315.3,18.913094,19.112967,40687.203,34962.91,346.53333333333336,326.53333333333336,,,
1926-10-01,22.27556,7238.6484,13.648893,14.129556,16619.7,13161.173,246.48387096774192,250.9032258064516,,,
1926-11-01,15.528823,2224.9023,7.4893765,8.259084,8163.2217,12111.884,214.83333333333331,254.53333333333333,,,
1926-12-01,9.959833,101033.125,0.675975,1.0938832,72462.64,90322.32,432.06451612903226,375.741935483871,,,
1927-01-01,12.007364,4021.6816,4.431205,4.521433,6098.6973,15090.07,319.5806451612903,350.35483870967744,,,
1927-02-01,13.5373745,75641.48,5.7184873,5.572544,55161.14,112731.39,7079.571428571428,4549.928571428572,,,
1927-03-01,13.903957,28732.252,5.476961,6.0709963,35626.945,36899.168,2029.258064516129,2300.322580645161,,,
1927-04-01,18.397484,18407.023,9.359908,10.197064,28701.918,19073.957,808.7666666666667,2159.0,,,
1927-05-01,23.804382,4361.0605,14.587213,15.404314,9015.061,5719.618,194.83870967741936,1306.483870967742,,,
1927-06-01,27.855904,8463.75,18.555538,19.524904,31177.564,27693.988,202.03333333333333,528.2666666666667,,,
1927-07-01,32.06924,15166.986,21.98699,23.60721,41474.133,38041.875,259.48387096774195,338.0,,,
1927-08-01,30.216825,59166.992,20.123589,21.1508,56510.242,80368.67,473.9032258064516,435.1935483870968,,,
1927-09-01,27.483797,56776.957,17.580553,18.104351,53061.32,103094.19,1828.8333333333333,615.6333333333333,,,
1927-10-01,21.394484,22733.393,12.391211,13.007744,7036.5938,21536.33,278.5806451612903,223.1935483870968,,,
1927-11-01,16.795422,16701.31,8.564779,8.782324,6005.1445,9570.292,297.2,212.96666666666667,,,
1927-12-01,9.511051,50405.85,0.7660516,0.47829008,47204.54,59899.812,424.35483870967744,250.2258064516129,,,
1928-01-01,10.783793,2073.6729,2.5999985,3.2943892,6329.4707,13703.335,479.7096774193548,219.06451612903223,,,
1928-02-01,11.874043,42871.81,2.8625875,3.8735664,64074.047,50602.996,1421.3793103448277,628.1034482758621,,,
1928-03-01,16.470917,4395.1436,7.3776937,8.241593,7433.5156,8293.484,995.483870967742,818.5483870967741,,,
1928-04-01,18.462633,779.4004,9.220934,10.439656,14275.121,10176.072,240.6,658.3333333333334,,,
1928-05-01,25.078838,2764.005,15.877988,16.535107,20284.617,16538.945,168.5806451612903,506.8064516129032,,,
1928-06-01,28.519629,0.30664062,19.673773,20.122377,20.711914,763.7842,112.33333333333331,254.13333333333333,,,
1928-07-01,32.137245,29901.488,22.293442,23.3677,55996.17,37745.656,132.51612903225808,300.5483870967742,,,
1928-08-01,30.2747,39030.33,20.5241,21.928133,58636.176,36561.023,482.1935483870968,361.3870967741936,,,
1928-09-01,28.422245,16248.828,18.635609,19.965784,7612.26,4734.6826,188.9333333333333,232.26666666666668,,,
1928-10-01,21.84519,17853.967,13.170414,13.231419,43863.633,40912.445,263.1290322580645,254.4516129032258,,,
1928-11-01,14.957736,6568.0723,5.8527875,6.4916368,20554.918,21105.39,274.8333333333333,261.8,,,
1928-12-01,10.468901,29315.066,1.6929874,1.7991184,20202.254,33168.125,302.80645161290323,251.3548387096774,,,
1929-01-01,9.115243,35940.98,1.1160078,0.70501214,23803.023,32300.73,319.6774193548387,271.1290322580645,,,
1929-02-01,10.61056,14178.309,1.0620453,1.2501284,28146.176,25042.035,411.5357142857143,279.07142857142856,,,
1929-03-01,14.131419,7485.751,5.268725,5.8105,20293.176,20448.91,1368.3870967741937,663.0645161290323,,,
1929-04-01,17.318188,12954.117,8.674186,9.136477,28743.857,29548.67,2139.9333333333334,1714.4666666666667,,,
1929-05-01,23.91452,120.56738,14.686142,15.034189,7947.004,2584.5273,149.2258064516129,435.64516129032256,,,
1929-06-01,28.481718,391.56836,19.905035,20.30601,1124.794,713.96094,115.7,203.4333333333333,,,
1929-07-01,31.826054,36907.59,21.765865,23.174181,73576.53,59798.023,164.0,308.64516129032256,,,
1929-08-01,30.75723,74913.625,20.567041,21.615553,60418.59,63656.867,581.1290322580645,1096.032258064516,,,
1929-09-01,27.563097,36945.16,17.888123,18.842207,59201.047,35601.96,390.26666666666665,1022.2666666666668,,,
1929-10-01,22.364582,2931.6611,12.658139,13.3976555,23680.484,6630.132,175.4193548387097,417.5161290322581,,,
1929-11-01,13.432806,3031.877,4.7095127,5.745236,9290.926,1367.9756,217.36666666666667,267.26666666666665,,,
1929-12-01,12.322941,6.1416016,4.319775,5.308206,312.3252,34.112305,233.7741935483871,224.32258064516128,,,
1930-01-01,9.5467005,65204.53,0.5265375,0.53608483,65327.035,74570.08,290.5483870967742,296.7096774193548,,,
1930-02-01,14.669591,7675.716,5.596747,6.383019,12943.673,14405.911,443.3928571428572,572.75,,,
1930-03-01,14.680168,65940.97,5.3750377,6.195287,47549.13,55990.344,1341.0967741935483,1748.9354838709678,,,
1930-04-01,20.722748,7922.843,11.597592,12.636419,14379.219,20475.512,545.0,1660.3333333333333,,,
1930-05-01,20.694864,25466.943,11.922955,12.207318,27266.246,31043.277,175.4516129032258,592.8387096774194,,,
1930-06-01,28.867691,4848.88,20.410748,20.691483,6021.4834,6780.2363,98.76666666666668,282.3,,,
1930-07-01,31.629868,34668.938,21.649708,22.459875,88388.59,83679.44,311.5483870967742,543.7096774193549,,,
1930-08-01,30.481329,55617.664,20.7647,21.538465,38832.016,52404.676,624.483870967742,941.1290322580644,,,
1930-09-01,26.521563,22657.848,17.128271,17.90335,19875.137,41429.0,282.9,260.53333333333336,,,
1930-10-01,19.928953,9948.173,11.516639,11.745697,5767.662,14136.96,224.9032258064516,158.80645161290323,,,
1930-11-01,14.635582,36608.836,5.099606,5.9638314,74321.07,51241.85,513.9,279.6,,,
1930-12-01,10.022757,810.2539,0.78795,2.0339253,7924.503,1279.8242,356.4193548387097,234.51612903225808,,,
1931-01-01,10.226986,7419.4307,1.1117328,2.465801,13385.887,11709.798,228.93548387096772,193.4516129032258,,,
1931-02-01,13.249301,137033.08,4.436542,4.798743,77297.266,98965.52,3018.714285714286,2550.3928571428573,,,
1931-03-01,15.276029,1679.7012,6.3320017,7.2363954,22131.426,4582.711,638.7096774193549,815.6451612903226,,,
1931-04-01,20.36017,21807.588,10.8294325,12.267982,48349.9,35606.97,252.3,1300.5,,,
1931-05-01,25.11081,1451.0068,15.3248,16.05488,6764.7314,9600.949,245.58064516129036,983.3225806451612,,,
1931-06-01,28.817427,4368.4336,19.824327,20.161942,24190.143,12918.558,97.0,264.2,,,
1931-07-01,33.58267,42729.098,22.765364,24.69678,65793.516,53855.684,161.3548387096774,310.0,,,
1931-08-01,30.267834,103817.34,20.492233,21.86972,66678.17,99642.516,779.0967741935484,944.1290322580644,,,
1931-09-01,28.313107,14095.703,18.718124,18.974524,57681.85,29368.992,376.0,1207.3333333333333,,,
1931-10-01,21.404633,19146.81,12.789822,13.2095,24867.547,23042.164,213.06451612903223,1101.354838709677,,,
1931-11-01,13.22556,77083.15,4.403658,4.3063645,96346.12,66972.68,599.9666666666667,653.0,,,
1931-12-01,8.726638,53535.742,-0.5301266,0.015118723,37307.37,57012.383,948.032258064516,1092.354838709677,,,
1932-01-01,7.1532016,13252.746,-1.9608063,-1.3783964,38879.86,20452.758,477.6774193548387,708.9032258064516,,,
1932-02-01,12.311233,87636.8,4.029736,3.7874968,58279.16,119163.766,6453.517241379311,5928.96551724138,,,
1932-03-01,15.165234,5470.461,5.7267656,6.6912694,15443.936,10281.614,3640.0,3488.709677419354,,,
1932-04-01,18.702448,4625.751,9.7501,10.617671,23263.121,14446.887,777.1333333333333,3143.333333333333,,,
1932-05-01,23.163887,71.24414,14.004528,14.549301,3405.9287,6692.384,199.1290322580645,1198.225806451613,,,
1932-06-01,28.121054,6574.449,18.293947,19.181028,5083.8955,12024.201,137.46666666666667,437.73333333333335,,,
1932-07-01,31.998844,37721.918,21.714792,23.136896,73375.55,49339.36,224.0967741935484,480.35483870967744,,,
1932-08-01,31.390085,34056.23,21.13509,22.421438,41852.375,39067.227,246.67741935483872,816.0,,,
1932-09-01,29.04021,14169.616,18.268454,19.706991,14267.503,22571.348,134.0,505.06666666666666,,,
1932-10-01,20.78864,45189.4,11.309423,12.332336,33348.7,30633.809,292.38709677419354,277.258064516129,,,
1932-11-01,16.213093,2.9160156,7.138284,8.767123,0.0,16.831055,208.0,219.2333333333333,,,
1932-12-01,8.486827,69283.27,-0.6443578,-0.6890884,45622.406,52036.914,294.06451612903226,262.9032258064516,,,
1933-01-01,8.205209,98061.26,-0.7871297,-0.63310885,31358.39,70613.27,382.1612903225807,261.1290322580645,,,
1933-02-01,8.6995125,9989.061,-0.20693438,-0.63883746,35487.273,10400.223,364.1071428571428,503.57142857142856,,,
1933-03-01,15.070606,5.1884766,6.2308784,7.1305223,1279.7686,370.98535,726.0967741935484,1558.7096774193549,,,
1933-04-01,16.494558,28905.365,7.5367985,8.295191,27376.0,28101.234,299.43333333333334,1147.7666666666669,,,
1933-05-01,20.787476,1872.2461,11.347372,11.987277,13755.568,8524.496,344.48387096774195,996.0967741935484,,,
1933-06-01,29.028349,4128.2617,19.853737,20.273054,17068.93,7367.086,148.26666666666668,521.9666666666667,,,
1933-07-01,33.526695,20626.77,22.742647,24.390686,58618.37,47325.72,182.29032258064515,473.7741935483871,,,
1933-08-01,31.869806,28412.375,21.302786,22.824722,43934.547,44773.797,163.96774193548387,453.3225806451613,,,
1933-09-01,29.29072,32941.688,19.28406,20.458103,44438.066,38876.54,231.46666666666667,381.76666666666665,,,
1933-10-01,23.829233,24920.574,13.994977,14.858301,46307.35,28452.215,232.6451612903226,442.8387096774193,,,
1933-11-01,16.226255,34521.438,7.4864373,8.387983,39965.523,29704.77,206.3,280.3666666666667,,,
1933-12-01,11.333076,2066.2979,4.1921625,4.8293257,5513.4707,10773.7705,253.16129032258064,293.5806451612903,,,
1934-01-01,11.040933,10602.476,2.9165375,3.8421783,4829.1787,14091.284,259.7741935483871,240.38709677419357,,,
1934-02-01,14.835616,23364.133,5.848125,6.591148,28005.809,22896.45,269.2857142857143,245.17857142857144,,,
1934-03-01,19.242664,2898.7861,9.442572,11.180067,8559.533,7920.7383,225.96774193548387,410.8709677419355,,,
1934-04-01,21.968407,5863.1836,12.21164,13.259077,18851.605,40046.688,257.46666666666664,319.06666666666666,,,
1934-05-01,26.879992,6885.037,17.52652,17.868858,16513.684,26942.514,120.38709677419357,198.1290322580645,,,
1934-06-01,26.84488,4344.619,17.974295,18.182327,6209.256,3389.9424,105.53333333333332,120.7,,,
1934-07-01,33.019028,9053.425,23.12979,24.237488,28008.059,19756.064,124.19354838709675,178.90322580645162,,,
1934-08-01,30.703476,77571.41,21.769592,22.455856,96138.94,79708.31,451.5806451612903,750.8064516129032,,,
1934-09-01,27.754333,8761.267,17.697252,18.861122,28832.816,8820.546,215.0,422.9666666666666,,,
1934-10-01,22.533169,106.42285,13.3934145,14.57176,1202.5332,958.5488,165.96774193548387,181.38709677419357,956.3870967741937,,
1934-11-01,15.530129,26984.604,7.0113688,7.559279,30942.45,26664.367,267.4,204.3,408.3666666666667,,
1934-12-01,12.120159,55112.945,3.3706734,4.394171,30151.824,45352.4,316.6774193548387,209.67741935483872,53.29032258064516,,
1935-01-01,11.159853,53128.625,3.1932454,2.8073652,56508.547,77053.41,1045.6129032258063,858.5806451612904,9.580645161290322,,
1935-02-01,13.393029,81357.72,4.2356796,5.004452,55257.445,59110.65,2235.928571428572,2291.5,21.892857142857142,,
1935-03-01,13.223292,40100.883,5.215331,5.1301813,47705.477,47195.484,1971.225806451613,2575.322580645161,32.41935483870968,,
1935-04-01,18.825304,6038.1104,10.094884,10.657271,22691.434,20257.094,999.9,3149.6666666666665,684.0,,
1935-05-01,21.434649,6138.615,11.93727,12.553699,20881.422,10110.172,183.06451612903223,1097.3225806451612,1215.032258064516,,
1935-06-01,29.539705,247.6123,19.672688,21.002499,2300.459,1400.123,114.36666666666666,663.7,1771.0,,
1935-07-01,31.685566,20882.42,21.430157,22.828043,34447.07,40346.758,120.25806451612904,225.4193548387097,1899.032258064516,,
1935-08-01,30.75483,88996.67,20.660728,22.020296,82785.14,84029.64,592.0967741935484,555.9677419354839,919.0,,
1935-09-01,28.023201,47679.953,17.484093,19.068956,43136.496,43095.438,485.1,517.9333333333333,1473.3333333333333,,
1935-10-01,21.019974,654.63965,12.838447,12.820294,546.375,3289.8643,238.1935483870968,213.9032258064516,1076.6129032258063,,
1935-11-01,13.085478,24120.457,5.3740344,5.8026266,43298.87,15167.848,246.5,241.7,646.1,,
1935-12-01,11.214786,14411.053,2.7497907,3.2466588,26065.986,16689.3,278.1290322580645,238.58064516129036,374.64516129032256,,
1936-01-01,10.290315,29240.65,2.2004547,2.7615688,30488.938,9051.505,265.3225806451613,221.1290322580645,400.4193548387097,,
1936-02-01,12.118024,37301.18,3.3728921,3.5191534,73549.6,66949.17,866.2413793103449,1934.103448275862,31.58620689655172,,
1936-03-01,16.423023,22527.04,6.29238,7.5092125,35557.92,35000.46,969.451612903226,1933.8709677419356,623.7096774193549,,
1936-04-01,20.775734,783.626,11.202136,12.543356,8712.962,8161.8525,691.8,3259.0,1188.0666666666666,,
1936-05-01,25.583237,529.43164,15.835964,17.071793,10623.123,1167.9463,149.6451612903226,1133.516129032258,1620.0,,
1936-06-01,30.559326,928.5947,20.954054,22.105558,5927.674,6601.5645,92.53333333333332,355.7333333333333,2055.0,,
1936-07-01,32.483395,58035.41,22.212666,23.531017,36559.516,68093.91,223.32258064516128,233.83870967741936,1865.903225806452,,
1936-08-01,31.325357,35871.543,21.226646,22.439795,47415.4,64129.242,434.3870967741936,384.0,1313.1612903225807,,
1936-09-01,27.324808,15733.439,17.459335,17.882116,47263.04,31677.68,318.06666666666666,475.3333333333333,1940.0,,
1936-10-01,21.280647,12415.663,12.344361,12.582486,17742.037,40711.703,211.0967741935484,237.51612903225808,991.9032258064516,,
1936-11-01,15.223486,22155.105,6.0441937,6.993284,26198.135,12031.594,312.1333333333333,296.3333333333333,669.2,,
1936-12-01,10.718699,68275.766,2.9355328,2.807665,49286.938,72239.68,290.64516129032256,318.80645161290323,293.64516129032256,,
1937-01-01,5.0588145,48053.41,-4.13427,-5.5521154,51749.082,60058.58,461.3870967741936,368.7096774193548,24.032258064516128,,
1937-02-01,11.333248,30605.766,2.535461,2.6205192,50585.242,75558.18,6332.892857142857,4296.285714285715,99.82142857142856,,
1937-03-01,14.266638,58342.13,5.2547545,5.537262,53520.336,65382.555,4076.451612903226,3454.1935483870966,20.225806451612904,,
1937-04-01,18.401226,795.61523,9.830819,10.276912,3679.3672,2660.6562,1420.4,3440.0,806.5333333333333,,
1937-05-01,24.164764,2542.416,15.398751,16.065033,15849.655,7195.665,187.7741935483871,1227.8387096774193,1952.903225806452,,
1937-06-01,28.303137,6026.55,18.359943,19.656424,13704.828,16797.809,142.03333333333333,385.8,2062.0,,
1937-07-01,32.281204,31763.754,21.932379,23.13707,38586.055,33941.97,216.3548387096774,286.6774193548387,2510.0,,
1937-08-01,31.82484,32790.68,22.809723,23.113018,36028.44,36818.914,163.4193548387097,274.38709677419354,2737.0967741935483,,
1937-09-01,29.328335,29567.914,19.712116,20.305912,31047.012,34992.08,186.83333333333331,244.9333333333333,2451.333333333333,,
1937-10-01,22.350956,382.31445,13.49158,14.506575,11735.459,164.52051,204.67741935483872,197.7741935483871,1157.0645161290322,,
1937-11-01,15.527635,706.6963,7.0552626,8.231259,4226.2305,3524.4678,214.7333333333333,192.46666666666667,651.0333333333333,,
1937-12-01,12.580165,23588.223,4.1369376,4.649456,26631.848,37755.625,262.38709677419354,232.1935483870968,218.48387096774192,,
1938-01-01,11.602182,14385.91,3.274514,4.1569037,14068.887,21352.945,271.80645161290323,211.38709677419357,190.38709677419357,,
1938-02-01,12.24503,34747.875,4.029253,3.5946977,49413.457,61377.98,406.2857142857143,239.0,296.0,,
1938-03-01,13.673051,42879.133,5.8384547,5.5429378,64885.36,79902.59,4714.645161290323,2076.6774193548385,294.51612903225805,,
1938-04-01,19.186247,1913.7451,9.562722,10.848755,7273.717,7596.16,223.4,828.4,1577.9,,
1938-05-01,23.48124,1847.832,13.970072,14.966036,4824.0107,3256.2178,127.87096774193547,439.3870967741936,1613.8709677419354,,
1938-06-01,28.579702,6432.502,19.378391,20.313501,24144.582,21751.506,98.73333333333332,192.13333333333333,2024.6666666666667,,
1938-07-01,31.169386,19886.754,21.515907,22.443823,38865.38,32996.875,137.93548387096774,230.80645161290323,2002.5806451612905,,
1938-08-01,30.945074,37837.742,20.970829,22.123594,84198.45,61389.4,289.5483870967742,596.7096774193549,1720.548387096774,,
1938-09-01,29.295134,8159.868,18.496565,19.839195,28237.77,15356.94,202.76666666666668,395.4333333333333,2114.0,,
1938-10-01,21.020983,377.64453,12.831926,12.662248,137.7793,3730.3965,162.67741935483872,155.16129032258064,1044.0967741935483,,
1938-11-01,12.345724,8.408203,3.92285,4.4979076,1076.8262,2038.8711,202.03333333333333,162.43333333333334,640.7333333333333,,
1938-12-01,11.949337,62520.195,3.6831765,4.0380607,43372.543,76453.62,389.1290322580645,211.80645161290323,123.0,,
1939-01-01,10.359676,18987.965,1.2492187,1.9145184,39010.945,28233.21,296.80645161290323,216.03225806451613,33.0,,
1939-02-01,8.129233,26848.656,-1.8619734,-1.1471826,30939.645,29372.598,338.3928571428572,346.2142857142857,229.53571428571428,,
1939-03-01,15.641194,9442.796,6.2104893,7.2116346,22783.545,21951.691,805.8387096774194,1357.6129032258063,473.2258064516129,,
1939-04-01,20.612228,4207.3867,11.117311,12.106971,26065.473,13942.7705,395.9,1902.4666666666667,1103.3,,
1939-05-01,24.448298,35.36133,15.074316,15.861068,1246.4424,303.54297,128.80645161290323,514.6451612903226,1255.1935483870968,,
1939-06-01,28.66665,0.0,19.709162,20.365654,615.1279,44.20117,86.13333333333334,156.83333333333334,1471.6666666666667,,
1939-07-01,32.21893,12231.153,22.464516,24.022852,19204.318,17361.379,82.51612903225806,128.70967741935485,1539.032258064516,,
1939-08-01,31.219091,62705.395,21.436848,22.761236,46994.945,67504.766,297.2903225806452,361.1290322580645,1114.9354838709678,,
1939-09-01,27.054682,113347.67,18.208158,18.256777,36291.664,116323.33,967.5,226.3,195.7,,
1939-10-01,20.279427,2964.1494,11.399546,12.021869,18462.31,4787.132,421.7741935483871,188.38709677419357,680.1612903225806,,
1939-11-01,16.964441,34760.3,7.3600125,8.27106,36231.836,29374.621,274.76666666666665,220.53333333333333,493.76666666666665,,
1939-12-01,13.366626,3332.3496,4.5281577,6.0412483,19586.469,4692.49,388.4193548387097,199.25806451612905,373.2258064516129,,
1940-01-01,12.034772,5800.0674,2.191947,3.6763356,20618.793,33852.547,297.1290322580645,240.03225806451613,72.25806451612904,,
1940-02-01,12.6213255,30965.21,3.2743266,4.2550845,53210.887,53683.066,545.9655172413793,579.8620689655172,21.0,,
1940-03-01,16.699879,1457.6768,7.075075,8.396283,8361.733,6255.128,667.8387096774194,911.548387096774,737.3870967741935,,
1940-04-01,20.24886,11329.127,10.155669,11.217665,18617.629,39393.395,342.53333333333336,925.4333333333332,935.2666666666668,,
1940-05-01,26.449152,2360.0186,16.032618,16.944176,11365.331,7605.959,154.48387096774192,437.9354838709677,955.258064516129,,
1940-06-01,30.74505,1401.8174,20.978708,22.095465,15768.514,20999.41,90.63333333333334,222.4,1129.3333333333333,,
1940-07-01,32.224354,9934.741,22.428797,23.843678,30442.855,6382.538,146.0,220.4193548387097,1118.8709677419354,,
1940-08-01,31.809612,29528.861,21.1041,22.911268,52285.938,71220.67,281.258064516129,339.9032258064516,602.3870967741935,,
1940-09-01,28.35504,53800.652,17.855686,18.502132,66061.14,79486.29,343.3666666666667,433.5,563.8333333333334,,
1940-10-01,22.045174,67369.76,12.978695,13.345197,32926.57,69194.03,531.1935483870968,475.2258064516129,77.48387096774194,,
1940-11-01,13.696737,14614.371,5.299253,5.782524,47190.29,30666.793,446.8666666666667,476.8333333333333,122.96666666666668,,
1940-12-01,13.154101,131917.86,4.4971514,4.562723,98283.336,104300.16,302.35483870967744,2999.322580645161,11.903225806451612,,
1941-01-01,11.514028,45654.18,2.435986,2.6954324,76490.61,46056.25,466.06451612903226,3530.0,10.806451612903226,,
1941-02-01,13.532088,72303.95,4.917155,5.7687097,50950.777,62056.953,3373.928571428572,2995.0,8.821428571428571,,
1941-03-01,13.796601,124013.555,5.6077533,6.4047923,95660.65,80248.195,4901.935483870968,8335.483870967742,8.870967741935484,,
1941-04-01,15.309064,50457.027,6.7724013,7.367459,44064.867,87504.74,4826.666666666667,4794.0,2438.133333333333,,
1941-05-01,23.30855,22642.574,14.439519,14.843639,18740.502,13448.497,645.1290322580645,5047.096774193548,5716.129032258064,,
1941-06-01,26.556316,707.8086,17.468348,18.265776,8298.426,6298.293,986.3,1364.9333333333334,1691.6666666666667,,
1941-07-01,31.064468,38718.22,20.812685,22.432308,39999.85,31854.406,812.8064516129032,669.0,1636.0967741935483,,
1941-08-01,29.316217,53305.156,20.180763,20.981625,48024.77,51549.664,793.6129032258065,592.516129032258,1746.451612903226,,
1941-09-01,25.742254,33495.996,16.916012,17.041288,58956.22,48455.25,1181.9666666666667,565.5333333333333,1601.9,,
1941-10-01,19.035112,18552.066,10.759847,10.288617,29808.457,60889.363,229.03225806451613,710.6451612903226,1111.0645161290322,,
1941-11-01,15.670227,43448.273,6.536675,7.6213684,37224.695,23141.887,241.66666666666663,468.8,770.5333333333333,,
1941-12-01,11.125711,64666.023,2.9972563,2.8303254,55875.48,48906.43,104.5483870967742,700.0645161290323,472.1612903225807,,
1942-01-01,10.938955,19391.863,2.0431108,2.7345994,22291.658,13937.6875,58.87096774193548,994.258064516129,403.9032258064516,,
1942-02-01,10.398949,23941.486,1.3148937,1.7864579,24567.008,33173.88,173.17857142857142,623.0,1061.392857142857,,
1942-03-01,13.840537,14959.676,4.2668843,5.4468875,14295.947,13795.678,799.1935483870968,1281.3225806451612,831.3870967741935,,
1942-04-01,17.953915,31028.35,9.050006,9.931814,22916.555,34380.92,813.5666666666667,2292.333333333333,916.9666666666668,,
1942-05-01,22.565237,0.0,13.642869,14.086057,0.0,32.185547,720.0645161290323,938.0645161290324,1365.8064516129032,,
1942-06-01,27.8123,0.0,19.124075,19.524868,145.40137,0.0,861.6333333333333,294.03333333333336,1551.0,,
1942-07-01,32.993855,35026.918,22.810987,24.241005,41533.91,30291.363,550.3870967741935,210.4193548387097,1721.6129032258063,,
1942-08-01,30.566765,38482.59,20.709116,22.052153,38661.625,48965.855,178.2258064516129,393.03225806451616,1764.8387096774193,,
1942-09-01,28.083601,13537.449,18.205788,19.183737,21435.996,15710.333,132.6,285.76666666666665,1908.6666666666667,,
1942-10-01,21.115866,12366.296,12.019525,12.853109,45071.34,16807.004,143.8709677419355,257.35483870967744,1225.774193548387,,
1942-11-01,16.524057,1040.2168,8.119099,8.797162,1946.001,6348.4434,215.46666666666667,240.63333333333333,758.8333333333334,,
1942-12-01,12.164778,14934.936,4.128392,4.535264,50594.03,33616.0,171.83870967741936,321.80645161290323,729.1935483870968,,
1943-01-01,11.072638,38022.402,2.238439,3.3170145,55251.133,57510.766,322.4516129032258,900.1612903225806,69.25806451612904,,
1943-02-01,14.415241,6196.4766,5.321211,5.9404454,17484.547,23647.262,449.0357142857143,910.6785714285714,451.6428571428572,,
1943-03-01,16.494562,27201.871,6.8686924,8.11716,46023.965,39944.71,949.5806451612904,2786.1290322580644,431.3225806451613,,
1943-04-01,20.777388,7397.0127,11.668434,12.293142,4635.6826,21044.89,972.5,1652.6666666666667,951.7666666666668,,
1943-05-01,24.66528,195.74316,15.143105,16.116997,8114.1445,1080.8936,727.2903225806451,605.8709677419355,1335.8064516129032,,
1943-06-01,27.798332,332.71582,18.968935,19.22691,8736.66,370.73047,114.33333333333331,211.3,2036.0,,
1943-07-01,32.171017,7591.62,22.40476,23.444105,28076.91,16222.398,96.83870967741936,164.74193548387098,1863.8709677419356,,
1943-08-01,30.152979,92958.125,21.053835,21.993723,71979.36,70075.33,62.935483870967744,383.3870967741936,1008.516129032258,,
1943-09-01,28.83286,46667.51,18.568577,19.705244,39759.508,42402.64,473.26666666666665,327.0,1510.0666666666666,,
1943-10-01,21.756422,16008.251,12.131192,13.064829,27921.375,22761.297,297.8709677419355,245.4193548387097,1176.6774193548388,,
1943-11-01,15.540121,0.7138672,6.602808,7.5839486,664.86523,587.5205,219.16666666666663,202.7333333333333,901.6,,
1943-12-01,11.014701,58794.96,2.3312938,2.6575313,36792.87,56426.008,33.645161290322584,209.7741935483871,528.1935483870968,,
1944-01-01,9.854499,13147.618,0.79181564,1.8738579,15745.111,23541.184,303.2903225806452,205.3548387096774,208.4516129032258,,
1944-02-01,10.523757,88362.555,2.4242687,2.279694,49811.895,88130.5,232.8275862068965,347.2068965517241,326.1034482758621,,
1944-03-01,13.140052,32814.484,4.4322953,4.712677,28185.256,31823.004,969.483870967742,1182.7096774193549,241.8709677419355,,
1944-04-01,17.064724,15760.539,7.8551736,8.503191,16540.297,39005.93,1715.5,1326.6,293.6,,
1944-05-01,22.938026,15682.14,13.60227,14.1072035,15022.867,17617.328,713.9354838709677,650.1290322580645,1009.0,,
1944-06-01,25.782795,15.3984375,17.662615,17.519293,791.6084,408.5293,901.0333333333332,250.9,1244.8333333333333,,
1944-07-01,30.8358,27953.951,21.29935,21.910082,37803.273,20830.236,560.7741935483871,183.70967741935485,1372.5806451612902,,
1944-08-01,31.67675,15327.018,21.593569,22.96812,42977.965,24236.734,779.6774193548387,261.61290322580646,1088.8064516129032,,
1944-09-01,27.756313,24435.438,17.674664,19.331367,58549.273,31795.691,527.2666666666667,368.3666666666667,1732.1,,
1944-10-01,22.740286,14267.016,13.348102,13.788485,12208.307,7858.115,186.20322580645163,280.83870967741933,1313.548387096774,,
1944-11-01,13.368137,51700.746,4.899775,5.183714,46003.22,50247.586,28.186666666666667,250.33333333333331,606.1,,
1944-12-01,11.151304,31157.314,2.7892969,3.4743,28684.27,39687.17,442.5806451612903,249.96774193548387,519.3548387096774,,
1945-01-01,9.928295,50858.08,1.5236437,2.2199976,31872.143,36836.14,279.64516129032256,273.38709677419354,34.483870967741936,,
1945-02-01,12.2892275,6556.3193,4.0342736,4.443641,9405.77,16189.127,466.3928571428572,545.0714285714286,403.2142857142857,,
1945-03-01,12.398832,56355.133,3.7611015,4.032541,55639.13,76372.8,885.5806451612904,1637.741935483871,319.4193548387097,,
1945-04-01,17.86637,239.45215,8.437092,8.925438,3967.3535,6803.126,1175.0,2575.333333333333,616.2,,
1945-05-01,23.191486,18.74414,14.023755,14.570005,491.87012,977.8926,767.8709677419355,1155.1935483870968,1115.354838709677,,
1945-06-01,26.475237,0.7832031,17.312708,18.385489,1431.9287,133.49316,774.3333333333334,266.0,1305.6666666666667,,
1945-07-01,32.047577,47094.938,22.211784,23.455992,38687.617,49654.66,380.258064516129,192.96774193548387,1384.032258064516,,
1945-08-01,31.239378,41267.33,21.643166,22.509499,48763.703,54243.617,432.4516129032258,504.4193548387097,1113.774193548387,221.6,
1945-09-01,28.394468,2732.3984,18.23851,19.452724,8699.494,3977.0996,754.2666666666667,196.9333333333333,1807.6666666666667,147.1,
1945-10-01,22.834002,23164.867,13.1626,14.1442995,27302.934,22090.398,216.7741935483871,263.93548387096774,1228.3870967741937,228.25806451612905,
1945-11-01,14.327963,0.0,5.957564,6.73261,170.71973,420.85938,169.93333333333334,169.76666666666668,1081.9333333333334,223.66666666666663,
1945-12-01,9.688134,22372.18,1.0266281,1.1132225,41438.85,54619.91,228.80645161290323,256.0,647.8709677419355,345.61290322580646,
1946-01-01,9.864743,32001.7,-0.0034671875,1.7121924,35570.04,23407.934,254.32258064516128,266.83870967741933,39.38709677419355,302.741935483871,
1946-02-01,11.10439,6428.3594,2.500872,3.2822843,7206.158,10558.14,314.9642857142857,245.4642857142857,761.7142857142857,264.82142857142856,
1946-03-01,15.513843,3364.4668,6.402125,6.8846207,16548.879,14365.977,259.48387096774195,489.3225806451613,1423.032258064516,279.48387096774195,
1946-04-01,21.908844,7409.3184,12.657144,12.905003,12810.995,41860.18,607.2,580.9,989.2666666666668,787.0,
1946-05-01,23.364353,337.39746,13.712587,14.816556,516.2168,5071.1816,318.96774193548384,238.38709677419357,1317.4193548387098,140.38709677419354,
1946-06-01,29.466423,0.0,20.715984,21.201675,1572.8262,0.33691406,139.9,109.13333333333334,1677.0,102.3,
1946-07-01,31.589855,48604.96,21.5895,23.019356,46721.383,54358.484,67.41935483870968,173.4193548387097,1191.0645161290322,183.03225806451613,
1946-08-01,31.074705,48995.17,20.652555,21.86728,72252.63,76845.15,122.41935483870968,608.258064516129,1200.2903225806451,396.9032258064516,
1946-09-01,28.172628,111243.64,18.525295,19.46517,77622.22,38792.113,471.0,1611.6666666666667,1141.0333333333333,308.93333333333334,
1946-10-01,18.568874,10190.864,10.808652,10.707418,18816.586,24512.762,96.93548387096774,293.03225806451616,1148.741935483871,192.5483870967742,
1946-11-01,12.344179,34324.793,4.684109,4.9762135,38620.367,48719.01,123.73333333333332,493.0,524.8666666666667,442.06666666666666,
1946-12-01,12.15126,23882.996,4.463975,4.9386086,28663.84,40867.496,463.741935483871,501.1935483870968,662.0,516.6451612903226,
1947-01-01,9.016584,2060.877,-0.06520469,1.0551398,12535.465,9986.828,210.1290322580645,323.80645161290323,396.61290322580646,369.5161290322581,
1947-02-01,14.286762,8575.082,5.303214,6.614842,17783.832,6153.4336,464.8571428571428,435.3928571428572,478.8571428571428,324.32142857142856,
1947-03-01,15.869205,512.1406,6.430303,7.859599,1790.0752,4165.9785,577.2258064516129,572.2258064516129,704.7741935483871,229.03225806451613,
1947-04-01,18.891384,93.07617,9.301686,10.777558,1039.1318,651.8037,381.3333333333333,482.73333333333335,911.1333333333332,173.83333333333334,
1947-05-01,25.205147,10357.983,15.788281,17.1548,28638.545,18981.863,224.83870967741936,336.80645161290323,749.2258064516129,147.4193548387097,
1947-06-01,27.684248,20.729492,18.284018,19.510305,2768.9277,436.44043,139.06666666666666,127.06666666666666,1016.4,102.76666666666668,
1947-07-01,32.5145,14094.94,22.418287,23.912521,29992.89,20746.105,130.4193548387097,102.51612903225806,910.3548387096774,118.87096774193547,
1947-08-01,30.229727,77981.414,20.252064,21.442337,78071.375,84474.47,60.096774193548384,372.483870967742,852.0,380.5161290322581,
1947-09-01,29.537556,17012.66,19.159245,20.695276,25021.445,17057.41,321.1333333333333,686.3,991.9333333333332,269.93333333333334,
1947-10-01,21.74434,8431.046,13.010211,13.517341,46607.355,22630.557,366.4193548387097,702.4516129032259,562.1935483870968,201.38709677419357,
1947-11-01,12.2559805,26010.594,3.6902218,4.040821,22289.066,24909.936,217.26666666666668,259.03333333333336,304.1666666666667,239.03333333333333,
1947-12-01,9.262828,23157.555,0.95176095,1.344621,27064.625,51061.61,425.741935483871,295.35483870967744,338.83870967741933,299.3225806451613,
1948-01-01,10.524514,306.4121,2.2526016,3.4749584,7791.075,3232.5088,185.25806451612905,269.1935483870968,160.61290322580646,260.3225806451613,
1948-02-01,10.864812,29606.752,1.8599468,2.2472923,46518.758,44655.906,111.79310344827586,374.0,393.6551724137931,341.1034482758621,
1948-03-01,12.41098,14770.791,2.611511,3.1874027,27870.418,29244.207,672.8387096774194,1074.3225806451612,446.741935483871,912.1935483870968,
1948-04-01,19.748684,167.07422,10.5695095,11.152549,1363.6162,3698.9902,927.7666666666668,3136.333333333333,673.4666666666667,829.9666666666667,
1948-05-01,23.542442,0.0,15.006975,15.379128,566.1924,252.6211,258.61290322580646,802.8387096774194,907.1935483870968,138.70967741935485,
1948-06-01,27.866322,2684.2021,19.51483,19.487883,4697.4844,6354.166,241.96666666666667,209.76666666666668,1061.7,108.06666666666666,
1948-07-01,31.837652,30826.975,21.936865,23.064682,39824.273,33339.64,96.7741935483871,207.16129032258064,1042.1612903225807,147.06451612903226,
1948-08-01,31.760931,38242.766,21.530588,22.351864,33058.117,70975.87,130.8709677419355,264.64516129032256,1029.8064516129032,312.4193548387097,
1948-09-01,28.879099,2096.123,18.698942,19.93395,17446.484,12952.82,293.1666666666667,119.6,1154.3,116.2,
1948-10-01,22.511572,31107.781,12.814728,13.525259,31816.328,29869.184,225.1935483870968,131.90322580645162,629.6451612903226,168.25806451612902,
1948-11-01,12.371426,7.741211,3.6795328,5.003688,879.8379,58.40918,117.36666666666666,173.2,483.3,230.36666666666667,
1948-12-01,9.797715,38830.434,3.0077827,2.3317902,65175.867,62667.816,150.03225806451613,442.4516129032258,352.03225806451616,348.5806451612903,
1949-01-01,5.7548885,87338.4,-2.2372203,-3.5788388,84229.55,110006.49,88.7741935483871,1856.1290322580649,10.806451612903226,966.4193548387096,
1949-02-01,10.149003,7199.9717,1.6571907,0.32044566,18201.236,19007.713,544.4285714285714,986.5357142857144,13.0,1190.428571428571,
1949-03-01,14.166835,11041.248,5.7425203,5.766166,18175.824,15481.93,1661.741935483871,2414.8387096774195,9.709677419354838,2686.967741935484,
1949-04-01,20.40352,10023.152,10.290071,12.139143,9743.924,11540.427,1639.9333333333334,2753.6666666666665,9.533333333333331,1642.2666666666669,
1949-05-01,23.073484,1267.0869,14.160352,14.578609,4310.8076,10789.228,1340.3870967741937,1236.6774193548388,10.161290322580646,195.3548387096774,
1949-06-01,28.814934,7801.299,18.853588,19.692348,17392.902,23551.629,709.9666666666667,467.1666666666667,830.2333333333333,173.06666666666666,
1949-07-01,31.557512,21993.377,21.24679,23.089653,70325.29,38408.02,529.9354838709677,534.1290322580645,1202.3870967741937,184.70967741935485,
1949-08-01,30.185503,30082.328,20.064413,21.642883,35307.57,34150.12,597.2258064516129,602.741935483871,1072.967741935484,209.6451612903226,
1949-09-01,29.633728,44826.684,19.120115,20.079044,30311.314,52787.95,934.7,237.8,883.7,283.3,
1949-10-01,19.824535,20267.75,10.980183,11.1586075,30751.178,50488.78,331.258064516129,208.2258064516129,537.516129032258,549.8709677419355,
1949-11-01,17.774864,11147.759,8.634932,10.441446,7096.755,14502.217,27.3,190.46666666666667,571.4,261.8666666666667,
1949-12-01,10.392689,37195.086,1.3371797,1.551663,40888.242,36573.887,222.03225806451613,207.70967741935485,222.2258064516129,299.7096774193548,
1950-01-01,9.126448,17223.504,1.6199391,1.4763718,21917.922,20539.871,321.2258064516129,219.4516129032258,17.483870967741936,308.258064516129,
1950-02-01,14.1725235,27479.152,5.3014092,6.2786684,18946.23,34308.945,542.4642857142857,312.2142857142857,42.17857142857143,974.3214285714286,
1950-03-01,15.803452,12807.257,6.5351076,7.3984327,16985.664,17787.607,512.1290322580645,575.4193548387096,737.4516129032259,509.4193548387097,
1950-04-01,21.223812,19.503906,11.123133,12.650995,1537.7246,1982.0273,482.8,562.0,1114.0666666666666,187.63333333333333,
1950-05-01,22.747105,455.6123,13.476612,14.557743,3312.6826,2678.1475,131.5483870967742,230.32258064516128,1002.4193548387096,133.74193548387098,
1950-06-01,28.026455,2699.2764,18.907764,19.745235,10311.156,1954.4883,364.1,116.3,1246.6,101.16666666666669,
1950-07-01,30.871958,48564.98,20.76939,22.071728,57241.906,89116.01,265.35483870967744,220.1935483870968,1092.0,310.2258064516129,
1950-08-01,30.895485,14219.122,19.814867,21.69327,26960.766,24260.555,465.4516129032258,214.06451612903223,1137.548387096774,194.29032258064515,
1950-09-01,26.487982,17918.186,16.067724,17.623232,32310.393,23583.125,312.1,176.13333333333333,1163.7333333333331,152.46666666666667,
1950-10-01,24.537222,19.009766,15.534519,16.38169,2467.0234,717.37695,122.06451612903226,115.51612903225806,619.258064516129,154.74193548387098,
1950-11-01,17.299393,6366.5605,8.278406,9.361095,7086.1094,6241.3477,207.8,133.2,253.0,204.9,
1950-12-01,13.8136015,312.18652,5.023872,6.3570213,310.21582,892.42773,231.6129032258065,152.19354838709677,287.258064516129,227.32258064516128,
1951-01-01,10.174266,59443.07,1.6954125,2.3079867,45226.18,41646.336,204.03225806451613,168.90322580645162,57.16129032258065,249.03225806451613,
1951-02-01,12.208687,9027.109,3.0886657,3.905199,18559.06,22111.316,195.42857142857144,191.53571428571428,56.21428571428572,262.0357142857143,
1951-03-01,14.588883,9889.498,5.184053,5.950288,19510.623,11777.971,308.1935483870968,243.38709677419357,768.9032258064516,261.0,
1951-04-01,18.730135,33737.008,9.048062,10.259769,41235.62,52744.254,169.2,328.8333333333333,633.6333333333333,207.36666666666667,
1951-05-01,23.759533,8216.129,13.784748,15.060916,7949.047,14893.556,344.2258064516129,373.1290322580645,402.4516129032258,263.1935483870968,
1951-06-01,27.236595,0.0,17.845154,18.831106,0.0,0.0,94.06666666666666,118.46666666666668,1242.6666666666667,94.56666666666666,
1951-07-01,32.588875,49201.875,22.90048,24.335075,38833.47,31268.557,93.96774193548389,112.3225806451613,1404.0,94.4516129032258,
1951-08-01,30.026815,205471.98,20.68887,21.365938,103451.59,135860.53,111.80645161290325,1063.548387096774,982.741935483871,1184.483870967742,
1951-09-01,28.029972,7449.3916,18.26346,19.584892,19265.482,8431.178,993.5666666666668,247.6,10.326666666666666,279.6,
1951-10-01,21.742842,27620.686,12.509479,12.674833,35403.504,41867.836,552.3870967741935,154.1290322580645,4.406451612903226,221.70967741935485,
1951-11-01,14.436739,33507.42,5.6325655,5.9867554,25466.898,28877.93,283.1,217.06666666666663,1.3966666666666667,280.26666666666665,
1951-12-01,10.133722,31484.994,1.4681485,1.4341264,64923.04,71412.92,201.63225806451612,923.1290322580644,297.8354838709677,1730.1612903225807,
1952-01-01,9.427525,32862.504,2.6473546,1.7805902,78711.03,57594.83,131.26451612903224,6245.290322580645,3.019354838709677,2255.1935483870966,
1952-02-01,11.403539,10639.282,2.1647906,3.023153,14630.351,11285.776,601.7241379310345,724.8620689655172,1.7482758620689656,416.1034482758621,
1952-03-01,11.645839,89926.33,1.9609922,2.646434,63740.59,79146.36,900.1161290322581,2258.8064516129034,3.848387096774193,1864.5806451612905,
1952-04-01,18.53086,46090.81,9.578169,10.244763,44686.375,56897.867,1928.9333333333332,5183.666666666667,3.4866666666666664,2473.766666666667,
1952-05-01,25.236187,128.78125,15.153289,15.942112,2104.919,1526.4424,1038.9354838709678,2251.6129032258063,241.2387096774193,312.61290322580646,
1952-06-01,27.955172,5327.8633,19.109034,19.009104,15998.3955,6902.2236,1731.6666666666667,672.4666666666667,346.12666666666667,107.73333333333332,
1952-07-01,31.144737,35570.8,21.181482,22.148798,42920.824,45054.41,1118.1290322580646,236.1290322580645,1041.3225806451612,126.5483870967742,
1952-08-01,31.739449,38298.297,21.15338,22.630749,50179.508,49995.156,783.4516129032259,433.5806451612903,1355.8064516129032,211.74193548387095,
1952-09-01,29.453096,15159.724,18.70552,19.977625,24729.572,48073.67,753.6666666666666,232.2,1017.6666666666666,270.1,
1952-10-01,24.65702,0.0,14.408607,15.859223,0.0,0.0,588.3548387096774,150.83870967741936,63.91612903225807,187.70967741935485,
1952-11-01,13.263708,83719.61,3.9122624,4.5480256,62657.156,62064.344,219.46666666666667,237.36666666666667,1.3633333333333333,298.56666666666666,
1952-12-01,9.9435835,31375.318,1.1194937,2.1743968,19961.383,32753.46,318.258064516129,225.29032258064515,0.0419354838709677,326.9032258064516,
1953-01-01,12.286891,8044.9766,4.0830407,5.283234,9767.373,9513.947,372.7741935483871,257.48387096774195,0.0,412.06451612903226,
1953-02-01,11.523745,22956.332,2.2086594,3.6634986,16408.764,8563.356,227.1071428571429,215.78571428571428,278.8928571428572,243.7142857142857,
1953-03-01,15.59433,26401.742,6.072284,6.974607,48060.22,19892.838,177.90322580645162,1157.4193548387098,968.8709677419356,314.61290322580646,
1953-04-01,18.352417,2505.5127,9.267838,9.9154625,18233.828,24570.277,150.0,598.1,1010.1,176.3,
1953-05-01,20.346828,2747.1162,11.305544,11.924542,3046.1162,5892.1934,109.58064516129032,349.93548387096774,769.5806451612904,161.0,
1953-06-01,28.220682,176.77832,19.497852,19.723179,6238.0215,428.86328,394.1333333333333,200.7,1490.5666666666666,101.16666666666669,
1953-07-01,32.284237,63438.57,22.212254,23.56942,71521.66,89380.99,436.2903225806452,288.5483870967742,1497.6129032258063,429.5161290322581,
1953-08-01,31.026741,36482.76,20.394112,21.415577,34094.984,73996.016,590.7096774193549,234.74193548387095,1576.451612903226,418.2903225806452,
1953-09-01,28.712837,2.584961,18.604286,19.693903,382.55176,254.75781,252.66666666666663,103.53333333333332,1338.7333333333331,181.83333333333331,
1953-10-01,21.620209,1158.4326,12.329899,12.828784,2801.872,3216.497,306.06451612903226,101.12903225806453,395.8741935483871,163.8709677419355,
1953-11-01,15.968573,3150.9492,7.3803873,8.163303,14596.18,16193.4,52.766666666666666,139.43333333333334,317.06666666666666,201.46666666666667,
1953-12-01,9.438202,3599.919,0.4852875,2.0033915,10268.303,6319.462,53.0,151.7741935483871,537.258064516129,240.51612903225808,
1954-01-01,10.664541,43946.24,2.5544703,3.0867462,31159.836,50884.227,51.83870967741935,164.48387096774192,143.40322580645162,253.06451612903223,
1954-02-01,15.715718,18493.703,6.236922,7.3053255,9466.047,21574.93,50.035714285714285,186.25,360.76071428571424,253.53571428571428,
1954-03-01,14.122022,55486.0,5.1011405,5.5080237,96744.41,82143.31,92.74193548387096,2215.3870967741937,892.1935483870968,1948.967741935484,
1954-04-01,21.532228,71.69238,12.03391,12.851443,514.10547,1871.4844,987.6666666666666,977.8333333333334,785.8666666666667,625.0,
1954-05-01,24.690071,5089.549,15.094036,16.342567,16786.701,11531.372,173.8709677419355,366.3225806451613,728.3225806451613,129.51612903225808,
1954-06-01,27.979666,5485.6787,18.862766,19.560404,15986.541,19816.293,876.7,130.76666666666668,1096.6666666666667,99.76666666666668,
1954-07-01,32.284405,60571.914,22.203686,23.657522,60074.414,69026.77,1090.9032258064517,354.2903225806452,853.8387096774194,298.51612903225805,
1954-08-01,30.263714,24997.63,19.57406,21.176409,73406.96,48228.023,637.2903225806451,680.0,1263.741935483871,339.7096774193548,
1954-09-01,29.054071,29143.57,18.723259,19.600393,35128.812,38004.844,512.6,282.8333333333333,992.8333333333334,252.9333333333333,
1954-10-01,23.08892,2447.7725,13.948228,14.60539,6773.132,11731.395,61.096774193548384,138.51612903225808,398.8064516129032,198.4516129032258,
1954-11-01,17.067251,383.94238,8.02462,9.339566,3450.4297,3314.6758,59.6,139.03333333333333,293.96666666666664,215.06666666666663,
1954-12-01,11.388429,1548.8877,2.3939939,3.3101425,10347.667,9623.88,60.16129032258065,148.48387096774192,604.7096774193549,239.1935483870968,
1955-01-01,8.3985815,90319.58,-0.38969532,0.0106474105,49199.04,60018.477,70.61290322580645,171.16129032258064,4.812903225806451,284.83870967741933,
1955-02-01,9.843398,1982.918,0.23036718,1.3359231,14802.864,19129.145,66.32142857142857,172.71428571428572,221.3571428571429,267.6428571428572,
1955-03-01,14.961555,244.96289,5.760475,6.5820866,1826.5908,2642.1582,489.5161290322581,233.0967741935484,908.7741935483872,362.06451612903226,
1955-04-01,17.724072,1425.169,8.40988,9.162467,4394.749,7554.3857,213.9333333333333,211.5,1169.3333333333333,178.73333333333332,
1955-05-01,22.695929,267.02148,13.62794,14.444123,3983.9277,4168.787,146.93548387096774,154.93548387096774,934.258064516129,135.25806451612902,
1955-06-01,27.885778,7568.7734,18.026468,19.013512,26435.402,31233.004,523.9333333333333,129.0,1318.3666666666666,316.3333333333333,
1955-07-01,29.646791,103855.95,20.496418,21.309206,65143.26,72863.125,478.9032258064516,224.67741935483872,1231.9258064516127,331.5806451612903,
1955-08-01,29.77087,98916.47,20.069113,21.800453,86702.38,96090.45,176.38709677419354,1615.451612903226,1030.7709677419357,841.1935483870968,
1955-09-01,28.112293,776.89355,18.160393,19.181812,2546.7705,897.98145,219.83333333333331,258.6666666666667,1504.3666666666666,141.63333333333333,
1955-10-01,24.03501,5437.672,14.195684,15.067075,11536.81,8977.587,117.48387096774194,138.96774193548387,434.2129032258065,182.70967741935485,
1955-11-01,14.7738695,5784.573,6.409311,7.2171173,18676.105,24053.668,173.97333333333333,153.46666666666667,0.5399999999999999,220.9,
1955-12-01,12.653305,8628.598,4.49,4.9388843,27256.16,19112.855,379.1612903225807,187.51612903225808,5.980645161290322,283.64516129032256,
1956-01-01,12.67965,16375.152,4.415991,4.8834014,38743.64,24300.75,107.87096774193547,225.3548387096774,80.93548387096774,250.03225806451613,
1956-02-01,9.58988,14649.403,-0.07048281,1.6063145,32074.094,12520.131,91.6896551724138,388.0689655172414,142.91379310344828,243.27586206896552,
1956-03-01,15.810315,0.41601562,6.50192,7.72642,494.87012,701.5127,499.1612903225807,735.8064516129032,1011.3548387096774,205.0967741935484,
1956-04-01,18.476086,2565.3643,8.7608595,9.795535,19369.65,16315.771,253.6,644.5333333333333,884.7333333333333,185.7333333333333,
1956-05-01,24.607063,262.1494,15.070275,16.159079,4381.5947,908.8545,267.16129032258067,371.2903225806452,800.7741935483871,117.2258064516129,
1956-06-01,30.262947,3129.2627,21.336477,21.664736,5848.0674,18183.268,478.9,120.63333333333334,1441.2333333333331,86.8,
1956-07-01,31.30886,26125.688,21.132505,22.518114,52633.54,49167.6,454.9032258064516,138.2258064516129,1653.8064516129032,205.3548387096774,
1956-08-01,30.04597,21698.918,19.666553,20.855076,34249.64,26628.416,309.16129032258067,187.03225806451613,1495.4193548387098,189.16129032258064,
1956-09-01,29.960777,1208.415,19.830294,21.356129,2460.163,848.6836,140.93333333333334,77.93333333333334,1459.7666666666669,98.53333333333332,
1956-10-01,21.146265,16793.096,12.580572,12.898639,18612.21,19865.418,104.29032258064515,85.45161290322581,291.06129032258065,157.96774193548387,
1956-11-01,14.006288,96.93945,3.8945625,5.948889,445.58203,184.65918,99.73333333333332,122.26666666666668,94.37,210.7333333333333,
1956-12-01,11.100317,875.1045,1.70025,3.2616515,7184.7188,7306.582,101.61290322580643,127.35483870967742,365.73225806451615,231.0967741935484,
1957-01-01,11.293172,85187.23,3.1021173,2.8318212,103641.71,124611.5,53.26129032258064,764.0,2.2838709677419358,1350.516129032258,
1957-02-01,15.715466,13638.935,7.463314,7.5563393,18692.18,24334.504,135.57142857142858,925.2142857142856,0.3857142857142857,2239.0,
1957-03-01,15.739635,21391.812,6.1209764,7.371749,29961.209,22842.055,872.258064516129,760.483870967742,62.12903225806452,589.1290322580645,
1957-04-01,18.535742,11321.992,8.46475,9.571066,10845.315,11782.036,340.4,616.7333333333333,465.1333333333333,175.03333333333333,
1957-05-01,21.76961,11911.213,12.24708,12.446411,20836.443,33007.637,677.258064516129,499.9354838709677,1.067741935483871,200.96774193548387,
1957-06-01,30.065184,6825.8926,19.747213,20.803482,14477.777,19655.86,861.6,319.93333333333334,907.9333333333332,175.2,
1957-07-01,32.790424,33786.14,21.98275,23.2741,52079.984,43481.52,688.5483870967741,186.9032258064516,1201.1290322580646,194.2258064516129,
1957-08-01,30.927626,28313.395,19.985893,21.522152,83644.82,67974.875,406.9032258064516,1048.483870967742,1340.645161290323,322.4193548387097,
1957-09-01,28.083986,264.5,17.35151,19.115261,3208.1875,973.6455,312.8666666666667,351.8333333333333,1230.9,136.33333333333334,
1957-10-01,20.745626,85823.234,11.480689,11.938583,57319.445,66682.17,270.2258064516129,222.9032258064516,65.31612903225806,207.58064516129036,
1957-11-01,12.800007,9159.986,4.038431,4.8258696,19564.354,42569.164,126.1,363.1666666666667,0.42,973.3666666666668,
1957-12-01,12.090708,6500.421,3.9819078,4.802924,11753.499,15273.042,275.93548387096774,240.3548387096774,0.0,269.16129032258067,
1958-01-01,10.947035,1149.6191,1.4383407,3.0694823,7216.62,5761.671,151.38709677419354,185.5483870967742,0.0,231.8709677419355,
1958-02-01,13.802905,48522.953,4.8611345,5.822609,58307.85,61091.453,132.5,722.9285714285714,0.6892857142857143,900.0714285714286,
1958-03-01,12.978731,54898.297,3.4087734,3.889844,73323.34,67487.61,1042.516129032258,3137.4193548387098,101.69677419354838,2688.5806451612902,
1958-04-01,18.413212,26181.742,8.815263,9.618037,33588.074,31557.438,1492.5,3914.6666666666665,46.57333333333334,1181.2666666666669,
1958-05-01,26.83681,3650.9424,16.35068,17.625551,8537.655,17484.916,698.4516129032259,1824.6129032258063,581.8064516129032,155.7741935483871,
1958-06-01,29.899956,6109.7334,20.765015,21.062893,16158.756,12180.936,1027.4,407.1666666666667,803.3666666666667,129.16666666666666,
1958-07-01,32.51391,16541.375,21.912146,23.532806,23291.64,12752.065,1177.0,146.6451612903226,962.516129032258,75.45161290322581,
1958-08-01,31.901342,43124.21,21.570887,23.559982,64857.906,63127.43,416.5483870967742,295.8709677419355,1211.258064516129,253.83870967741936,
1958-09-01,28.58604,67028.52,17.94735,18.980007,71469.44,108370.61,154.66666666666666,570.6333333333333,899.2666666666667,604.1666666666666,
1958-10-01,23.337334,18060.633,12.703086,13.862462,37629.457,28749.004,332.0967741935484,670.3225806451613,62.76129032258064,268.7096774193548,
1958-11-01,15.086897,10182.476,5.7573423,6.7660413,20988.363,25264.473,164.33333333333334,232.33333333333331,1.0166666666666666,244.4333333333333,
1958-12-01,13.274152,0.53027344,4.5421686,5.795919,1089.4199,103.32715,228.06451612903223,206.1290322580645,0.1548387096774193,239.32258064516128,
1959-01-01,11.597896,7162.494,3.1381204,3.8934119,10711.272,9417.581,171.70967741935485,180.93548387096772,0.0,226.7741935483871,
1959-02-01,11.187794,44050.812,2.5604892,2.7605119,31239.947,60988.78,76.53571428571429,203.39285714285717,40.2,377.8928571428572,
1959-03-01,16.155945,54.426758,5.650447,7.4452524,999.38184,312.54004,418.03225806451616,230.32258064516128,1284.5806451612902,330.7741935483871,
1959-04-01,21.711264,2420.6055,11.636447,12.350215,11190.188,19711.629,453.6,240.5,708.6,169.76666666666668,
1959-05-01,22.84132,943.63086,13.962677,14.350243,233.63379,10319.576,225.29032258064515,127.06451612903226,717.2903225806451,132.61290322580646,
1959-06-01,30.941261,2815.7031,21.214983,21.800184,9456.68,10520.181,690.6333333333333,78.66666666666667,1228.9333333333334,94.33333333333331,
1959-07-01,33.47867,20754.328,22.795671,24.50061,57637.184,54073.46,667.483870967742,228.29032258064515,1426.1290322580646,227.70967741935485,
1959-08-01,30.309795,83921.92,19.943462,21.30138,85738.16,78990.41,266.7741935483871,1330.8387096774193,888.5806451612904,545.7096774193549,
1959-09-01,27.517332,4742.8096,17.366112,18.420324,5639.6387,6763.1387,383.4,236.53333333333333,1084.6333333333334,130.33333333333334,
1959-10-01,22.101934,62127.695,12.313898,13.682296,89465.2,45873.656,24.60967741935484,552.0,284.8709677419355,639.8387096774194,
1959-11-01,15.689855,20337.598,5.965128,7.440498,23209.344,13518.596,61.4,1258.6,43.73333333333333,314.56666666666666,
1959-12-01,11.306703,116949.45,3.0661125,4.145431,75163.91,92713.84,73.06451612903226,2674.903225806452,48.03548387096774,1367.3225806451612,
1960-01-01,8.350781,40829.758,-1.4359031,-0.53155714,53866.406,40545.95,207.83870967741936,2620.322580645161,205.76129032258063,858.6774193548387,
1960-02-01,9.854773,10036.851,0.7221078,1.8612634,20360.135,33632.12,591.551724137931,1008.0689655172414,10.189655172413794,411.3448275862069,
1960-03-01,16.959202,16310.538,7.91097,8.849013,20472.05,16287.913,2315.516129032258,2936.3870967741937,136.59354838709675,1873.0967741935483,
1960-04-01,19.935905,164.36426,10.53954,11.372448,4963.3135,13269.663,1328.5,1643.7666666666669,304.8433333333333,246.06666666666663,
1960-05-01,23.642601,1781.2305,13.90542,15.215734,13155.476,11431.406,848.4516129032259,677.0,530.0,154.5483870967742,
1960-06-01,31.121567,679.4873,20.688135,22.276096,4167.5625,6231.9004,1183.0666666666666,284.6333333333333,934.5666666666668,108.9,
1960-07-01,32.669952,17938.533,22.390966,24.061092,24362.143,23907.55,710.516129032258,130.7741935483871,1301.516129032258,90.0,
1960-08-01,31.469023,42263.027,21.307112,23.244226,38371.64,43975.812,199.16129032258064,171.5806451612903,1314.1290322580646,174.70967741935485,
1960-09-01,29.162527,19596.68,18.981962,20.375286,16107.98,32160.535,214.9,136.0,1077.4666666666667,237.33333333333331,
1960-10-01,20.939129,33613.336,11.415672,12.329784,58670.33,61096.37,72.19354838709677,236.2258064516129,231.88064516129032,224.03225806451613,
1960-11-01,15.376826,4411.343,6.8760157,7.4066505,8720.81,18850.379,237.9333333333333,190.8,3.363333333333333,228.9,
1960-12-01,10.227777,3506.7812,1.0197828,2.46362,24848.006,9477.232,205.3548387096774,177.67741935483872,65.10322580645162,231.5483870967742,
1961-01-01,12.270325,12432.46,2.4587219,4.108727,16773.672,23725.81,107.2258064516129,180.0,5.119354838709677,224.0967741935484,
1961-02-01,13.337135,460.06445,3.8823032,5.5247426,8277.362,1923.834,77.03571428571429,194.53571428571428,315.57142857142856,225.25,
1961-03-01,15.117302,21795.695,5.800825,6.539348,40678.445,53023.08,194.48387096774192,338.93548387096774,1339.548387096774,231.67741935483872,
1961-04-01,19.857258,460.0957,10.028808,11.365136,4718.005,4397.9434,53.1,539.7,866.6666666666666,412.1333333333333,
1961-05-01,23.237072,29.572266,14.334662,14.967843,737.99316,2303.2275,79.35483870967742,197.51612903225808,1230.6774193548388,121.7741935483871,
1961-06-01,30.659775,1809.9775,21.14793,22.360441,8662.303,5065.039,588.5,108.43333333333334,1481.3333333333333,85.36666666666666,
1961-07-01,32.37065,28999.035,22.45345,24.192945,44975.426,40390.93,242.6451612903226,139.32258064516128,1650.0,133.0,
1961-08-01,30.734715,74643.4,20.445972,22.193985,64719.047,80210.17,129.38709677419354,285.80645161290323,1174.483870967742,268.5483870967742,
1961-09-01,26.538252,19257.508,16.358316,17.438288,29458.355,42658.234,221.83333333333331,240.56666666666663,979.0,339.7,
1961-10-01,21.015635,9129.475,11.541701,12.362282,38908.223,16023.491,144.4193548387097,146.93548387096774,261.16129032258067,160.96774193548387,
1961-11-01,13.345394,3163.832,5.146911,5.5918365,25301.6,14712.866,32.03333333333333,274.0,47.27666666666666,219.76666666666668,
1961-12-01,10.399518,50889.0,1.4974344,1.6034197,60647.75,49511.02,220.2258064516129,562.2258064516129,8.0,295.5483870967742,
1962-01-01,9.967858,53371.938,0.5960828,1.8679973,51792.527,45433.21,170.06451612903226,1123.548387096774,36.17741935483871,335.741935483871,
1962-02-01,12.721964,30571.613,3.9096923,4.308408,34118.26,60557.117,353.0,2154.285714285714,151.4,1710.928571428571,
1962-03-01,12.255192,24371.625,3.1297548,3.8343792,26528.719,25498.578,1819.290322580645,1722.9032258064517,152.40967741935484,1250.0645161290322,
1962-04-01,21.951742,263.31934,11.801324,13.282472,2050.4258,1776.916,883.0666666666667,3999.0,970.9333333333332,840.9333333333333,
1962-05-01,22.345364,566.79395,13.252036,13.709205,1279.249,7823.493,210.5483870967742,1188.4193548387098,1122.483870967742,125.12903225806453,
1962-06-01,27.944685,4973.243,18.202309,19.535948,7676.8125,9906.423,591.0666666666667,310.1,1319.6,91.8,
1962-07-01,31.807495,10684.36,21.503584,22.803026,37072.37,33249.13,691.3225806451613,182.9032258064516,1315.483870967742,89.54838709677419,
1962-08-01,32.682243,9537.662,21.812944,23.270838,21802.773,15918.958,192.51612903225808,150.5483870967742,1926.4516129032256,126.83870967741936,
1962-09-01,28.631754,35571.89,18.40893,19.733067,57653.617,48967.79,158.0,233.96666666666667,1363.25,178.76666666666668,
1962-10-01,22.161612,3339.92,12.671882,13.706267,33009.723,16310.701,382.4516129032258,253.6451612903226,66.47419354838709,189.5483870967742,
1962-11-01,17.22255,11062.89,8.325614,9.119353,29065.371,21421.406,103.06666666666666,234.4333333333333,112.31,191.53333333333333,
1962-12-01,12.58189,27337.242,3.7664952,4.7966604,27937.164,19010.117,219.06451612903223,216.32258064516128,0.0,246.3548387096774,
1963-01-01,8.90084,14747.744,0.01919375,1.1614423,26339.34,15284.152,182.6129032258065,248.80645161290323,0.0,250.03225806451613,
1963-02-01,15.67503,31860.836,5.489756,7.396183,37342.773,34244.918,268.75,1285.857142857143,91.17857142857144,249.42857142857144,
1963-03-01,14.768699,15709.786,5.2050967,6.057861,21400.5,21170.49,79.51612903225806,783.0645161290323,1464.6129032258063,222.74193548387095,
1963-04-01,17.575087,7871.8066,8.778206,9.101878,13346.072,19037.273,74.53333333333333,900.0,1050.2,155.06666666666666,
1963-05-01,25.46282,15.31543,15.64622,16.609245,140.44922,350.45117,53.354838709677416,298.1290322580645,1358.8387096774193,113.38709677419357,
1963-06-01,26.774792,78.06836,17.654669,18.49494,987.18066,328.88672,235.46666666666667,104.5,1821.6666666666667,82.63333333333334,
1963-07-01,32.831104,2486.1377,22.823666,24.584942,28832.379,16419.34,310.38709677419354,78.3225806451613,1969.032258064516,89.06451612903226,
1963-08-01,30.260736,98798.305,19.798792,21.555952,114818.734,118132.92,91.58064516129032,1030.774193548387,1133.6129032258063,793.0322580645161,
1963-09-01,29.31117,14585.721,18.716528,19.946804,31294.322,38424.168,528.8666666666667,924.9666666666668,1037.8333333333333,405.23333333333335,
1963-10-01,23.676847,44753.246,14.198381,15.020697,29219.031,30713.734,489.5483870967742,326.3225806451613,132.10967741935485,176.6451612903226,
1963-11-01,15.640999,42117.836,6.8495374,7.6672873,30226.832,48139.85,312.76666666666665,309.8,6.91,255.16666666666663,
1963-12-01,11.0511055,906.08594,2.2032595,3.4908571,4936.3525,4483.2666,566.5483870967741,202.70967741935485,104.06129032258065,244.1935483870968,
1964-01-01,8.488767,7394.536,-0.32946876,1.0258765,19868.164,15373.27,206.4193548387097,160.7741935483871,26.448387096774194,240.32258064516128,
1964-02-01,9.603661,2818.503,0.07009844,1.7230234,7461.284,1890.6416,169.6206896551724,167.9655172413793,199.35172413793103,219.93103448275863,
1964-03-01,13.191778,27011.3,3.2076266,4.111868,27137.531,43226.5,115.83870967741936,220.0,1206.3870967741937,315.2258064516129,
1964-04-01,18.196255,4005.8818,7.871992,9.022648,17766.72,34040.203,93.36666666666666,955.6666666666666,928.5,1058.5333333333333,
1964-05-01,23.152777,320.57324,14.112867,14.290458,1100.1084,7123.71,153.61290322580646,368.8387096774193,998.5806451612904,130.48387096774192,
1964-06-01,27.9606,288.23828,18.421026,18.911777,3838.1533,8858.768,532.2666666666667,137.86666666666667,1298.3333333333333,91.9,
1964-07-01,32.492172,45010.363,22.356667,23.967432,64798.375,66912.45,509.5806451612903,278.8709677419355,1343.225806451613,154.74193548387098,
1964-08-01,29.93484,78508.34,20.24005,21.54611,59807.11,68236.266,574.3225806451613,634.3870967741935,590.4193548387096,896.258064516129,
1964-09-01,26.877533,38941.734,17.025135,18.403376,65647.06,32708.008,773.5,800.3666666666667,516.6,231.36666666666667,
1964-10-01,23.885614,17626.023,13.957889,15.602525,9781.815,3154.3477,209.32258064516128,295.16129032258067,348.7741935483871,156.2258064516129,
1964-11-01,13.032659,21766.906,4.6627736,4.814026,25853.086,18513.43,132.73333333333332,190.16666666666663,90.87333333333332,210.2,
1964-12-01,11.067567,34773.48,2.4033594,2.6345437,30287.719,34843.426,235.9032258064516,207.80645161290323,1.5806451612903225,255.74193548387095,
1965-01-01,11.543924,57037.82,3.2378109,4.191308,62087.297,61910.78,74.48387096774194,1862.3870967741937,1.1709677419354838,1562.7096774193549,
1965-02-01,11.764159,50656.645,1.8168875,3.7581136,40881.836,41483.21,82.10714285714286,1409.607142857143,29.664285714285715,941.2142857142856,
1965-03-01,13.344522,38173.37,4.0840173,4.825981,26063.043,59110.67,1259.451612903226,1684.741935483871,104.04516129032258,1491.3870967741937,
1965-04-01,18.01269,46195.42,8.842719,8.822935,32556.402,86795.164,2348.3,3380.6666666666665,4.47,4327.833333333333,
1965-05-01,21.907866,11886.499,12.433811,12.842996,5898.4873,23467.035,1307.0967741935483,1482.967741935484,265.5451612903226,265.3225806451613,
1965-06-01,25.36313,4912.874,16.454365,16.62085,13129.242,8999.373,1143.7666666666669,556.5,568.6,129.6,
1965-07-01,32.032673,27277.441,21.559105,22.620617,63600.566,52027.953,1255.1935483870968,396.64516129032256,748.5032258064516,162.5806451612903,
1965-08-01,31.29785,26518.582,20.819168,21.840826,36596.42,45255.465,1508.3225806451612,520.8709677419355,535.0,228.2258064516129,
1965-09-01,26.152916,30089.176,16.488161,16.786572,23447.39,54062.945,753.5666666666667,232.9333333333333,652.3333333333334,336.9,
1965-10-01,23.221897,3201.7285,12.99427,14.606077,15833.187,8480.057,302.83870967741933,161.38709677419354,164.0,166.16129032258064,
1965-11-01,16.809542,42868.582,8.0700035,8.575198,50281.28,80229.46,44.63333333333333,506.9,191.06333333333333,1384.2666666666669,
1965-12-01,11.253885,157430.25,2.6648376,2.8376315,139212.19,135017.89,1415.548387096774,6326.548387096775,1823.0741935483877,4612.774193548387,
1966-01-01,8.932773,24914.16,-0.08085313,0.7911116,21100.656,15108.67,1692.967741935484,1768.4193548387098,3984.064516129032,1047.741935483871,
1966-02-01,9.860094,47784.99,0.40766406,1.3423344,23758.484,26372.064,496.7857142857143,699.7142857142857,1237.857142857143,396.9285714285714,
1966-03-01,15.986212,6795.591,6.6435905,7.69475,9492.541,14450.291,883.2258064516129,3216.1612903225805,1599.8387096774193,1714.645161290323,
1966-04-01,20.46514,448.3291,10.53066,11.754133,4889.118,2607.3428,578.4333333333333,2498.333333333333,1607.1333333333334,276.4,
1966-05-01,25.603302,135.83789,15.65283,16.409634,266.09375,1096.624,1148.2903225806451,876.9032258064516,775.1290322580645,166.7741935483871,
1966-06-01,29.252083,2638.08,19.007238,20.069252,14534.7,9488.911,1853.6666666666667,268.2,817.7333333333333,120.83333333333331,
1966-07-01,32.500523,16418.586,22.897089,23.480356,45571.848,50468.906,1020.451612903226,200.1935483870968,1252.9032258064517,147.09677419354838,
1966-08-01,31.699778,53800.758,21.084368,22.712858,62789.195,54159.156,373.4193548387097,459.2903225806452,1212.6129032258063,316.80645161290323,
1966-09-01,27.995104,69947.01,17.75108,19.379105,37947.516,29586.355,140.83333333333334,579.1333333333333,1124.9666666666667,261.4,
1966-10-01,21.332863,15391.105,11.887071,12.961696,11933.538,17199.066,525.3548387096774,222.48387096774192,299.1290322580645,250.80645161290323,
1966-11-01,16.045454,19231.516,8.052683,8.171979,23159.398,33666.24,501.73333333333335,211.53333333333333,29.5,264.1666666666667,
1966-12-01,11.103735,16693.258,1.8244594,2.9331799,36977.86,77825.03,97.64516129032258,444.61290322580646,1192.774193548387,2805.322580645161,
1967-01-01,10.170635,9965.619,1.3471812,2.7955158,9172.874,13951.862,245.1290322580645,209.70967741935485,77.04193548387097,310.0,
1967-02-01,13.189762,23.081055,4.1400623,5.5038824,4562.8984,45.745117,1126.178571428571,222.7142857142857,22.6,261.10714285714283,
1967-03-01,16.343885,13495.544,7.8201733,8.3521,31131.457,15269.819,309.64516129032256,298.35483870967744,940.2258064516128,229.7741935483871,
1967-04-01,16.044794,10857.148,7.880878,7.6689143,8920.256,18524.004,126.86666666666666,305.3333333333333,820.8333333333334,266.6,
1967-05-01,23.369,3405.9385,13.232781,14.250419,10321.584,14381.571,617.483870967742,172.2258064516129,866.5483870967741,166.7741935483871,
1967-06-01,27.311995,7328.1445,17.75506,17.97378,10191.718,21202.883,669.9666666666667,128.53333333333333,992.8666666666668,164.33333333333334,
1967-07-01,32.354206,58127.95,21.80763,23.280226,78479.89,74592.375,913.3548387096774,376.5483870967742,848.0322580645161,175.61290322580646,
1967-08-01,31.714437,27817.562,20.096298,22.057165,63970.062,70207.46,532.1935483870968,1337.9354838709678,1166.5806451612902,327.48387096774195,
1967-09-01,27.84306,47678.293,17.568745,19.003891,31285.123,43495.863,302.1,686.6,1146.9666666666667,229.86666666666667,
1967-10-01,22.801924,12939.431,13.020878,14.222497,5687.823,7352.3604,129.93548387096774,213.67741935483872,536.9612903225806,179.74193548387098,
1967-11-01,17.295115,45348.43,8.045011,8.981491,27155.264,24839.756,373.76666666666665,194.83333333333331,5.05,204.03333333333333,
1967-12-01,8.412829,146382.47,-0.31055,-0.9127848,114981.05,117582.47,316.93548387096774,1167.483870967742,34.877419354838715,988.1612903225806,
1968-01-01,10.836877,8766.642,1.2580594,0.8873342,21149.621,26449.719,508.96774193548384,1858.774193548387,7.680645161290323,1199.8387096774193,
1968-02-01,15.004455,38696.848,5.824186,6.758656,26463.55,22834.684,197.27586206896552,3129.655172413793,1991.5137931034485,2433.3793103448274,
1968-03-01,15.243475,41093.43,5.819425,7.0791326,38496.2,20303.89,434.4516129032258,2828.709677419354,2238.032258064516,1230.2903225806451,
1968-04-01,18.312449,3600.5596,8.242877,9.081514,16679.238,25124.414,661.9,2798.6666666666665,2566.333333333333,599.5,
1968-05-01,23.703512,200.55371,13.6683235,14.681817,1645.8984,7163.3643,1151.3870967741937,1346.483870967742,1278.0967741935483,271.38709677419354,
1968-06-01,29.214733,847.4043,19.192215,20.298122,3174.4443,10669.758,1639.0,458.0,1235.5333333333333,144.2,
1968-07-01,31.19333,48604.812,20.816103,22.51243,50997.15,66298.125,1444.6774193548388,281.51612903225805,1106.0645161290322,160.03225806451613,
1968-08-01,29.021376,50897.336,18.374302,19.85699,67397.734,45813.695,954.967741935484,701.2903225806451,1176.516129032258,336.9032258064516,
1968-09-01,27.7932,335.9043,16.814268,18.655521,6262.496,1587.1406,399.9,232.2333333333333,1775.3333333333333,154.2,
1968-10-01,21.92989,15609.937,12.652298,13.614855,16066.54,28094.457,164.16129032258064,228.6129032258065,923.6129032258063,230.4516129032258,
1968-11-01,15.088639,31294.043,5.808031,7.0545473,27523.465,20980.066,78.06666666666666,207.5,422.9666666666666,265.43333333333334,
1968-12-01,9.129017,23405.0,0.20712812,1.0729147,45276.57,27080.902,39.064516129032256,224.32258064516128,798.9677419354839,286.1935483870968,
1969-01-01,12.616869,57294.26,4.144353,5.0479536,41300.63,68970.016,69.70967741935483,1298.516129032258,187.80645161290323,2382.8064516129034,
1969-02-01,11.565924,31324.936,2.6938891,3.0302818,27161.795,54918.14,105.85714285714286,694.1428571428571,474.82142857142856,729.8571428571429,
1969-03-01,13.384839,19703.098,3.4303687,4.50736,23695.059,35957.402,1639.6774193548388,1222.258064516129,610.9354838709677,1862.3225806451608,
1969-04-01,19.693052,2338.8936,10.000592,10.860909,4386.826,2666.706,1033.9666666666667,2395.0,1387.6666666666667,863.1333333333333,
1969-05-01,25.143738,13467.043,14.324843,15.883269,29975.668,20520.574,212.70967741935485,1021.0645161290324,2147.0967741935483,199.58064516129036,
1969-06-01,27.573114,0.20605469,18.14466,19.167799,315.792,1660.0176,403.1333333333333,312.26666666666665,2269.333333333333,126.56666666666666,
1969-07-01,32.657925,20373.79,22.285124,23.505323,56644.848,59557.027,1289.7096774193549,213.1290322580645,1129.032258064516,147.96774193548387,
1969-08-01,33.24983,47909.695,22.45449,23.896378,62964.76,67387.56,1925.483870967742,348.1290322580645,205.16129032258064,210.06451612903223,
1969-09-01,29.05109,34673.97,18.462524,19.586002,24691.844,41280.977,92.33333333333331,494.23333333333335,1309.9,269.4,
1969-10-01,19.762,8282.627,10.626246,11.157727,24218.012,31095.68,46.80645161290322,231.29032258064515,866.1935483870968,182.6129032258065,
1969-11-01,15.640579,40626.812,5.9850516,6.9337907,32973.645,35974.35,349.6666666666667,293.06666666666666,13.62,269.26666666666665,
1969-12-01,11.948309,18193.23,4.0730796,4.407656,18704.73,10715.54,33.54838709677419,261.1935483870968,796.2258064516129,247.1290322580645,
1970-01-01,10.227723,1884.8369,1.145014,2.537991,5143.1514,10732.625,27.096774193548388,229.16129032258064,171.78064516129032,259.8709677419355,
1970-02-01,14.419801,13347.881,4.8553357,6.2644887,15413.366,6322.327,27.892857142857142,229.42857142857144,757.0,236.28571428571428,
1970-03-01,14.251972,84157.82,4.227236,5.6146946,46400.312,101567.39,212.06451612903223,605.2258064516129,649.258064516129,843.0645161290323,
1970-04-01,16.78585,2547.8848,6.6629877,7.5155196,17119.43,16414.225,86.23333333333333,931.3666666666668,1444.6666666666667,299.7333333333333,
1970-05-01,24.828527,38.112305,14.595321,15.637058,1896.5049,871.20703,36.25806451612903,669.8709677419355,1604.516129032258,165.80645161290323,
1970-06-01,29.39621,1059.7354,19.174133,20.344072,5611.3594,1960.7793,47.66666666666666,204.76666666666668,2048.0,125.9,
1970-07-01,33.319614,25930.031,22.559809,24.021103,34307.133,67879.375,579.5483870967741,162.93548387096774,1602.5806451612902,207.0,
1970-08-01,31.944492,45239.746,21.283459,23.027454,42228.88,72267.65,236.03225806451613,336.5806451612903,1282.9032258064517,308.61290322580646,
1970-09-01,26.488176,91601.125,16.645374,17.236042,57824.938,61525.21,335.8666666666667,829.6666666666666,1107.6333333333334,1463.1333333333334,
1970-10-01,19.593523,7433.634,9.603181,11.077836,22431.717,8914.901,720.6451612903226,252.29032258064515,315.4225806451613,225.4516129032258,
1970-11-01,15.541504,2925.8994,6.6822267,7.7118025,6883.9834,19319.926,474.1333333333333,172.36666666666667,6.19,255.5,
1970-12-01,10.5033455,19349.598,2.9583907,2.364553,23227.088,30492.744,424.96774193548384,184.48387096774192,4.422580645161291,278.258064516129,
1971-01-01,10.375953,4268.4873,1.8059031,2.8237736,10539.117,3233.1494,213.16129032258064,215.67741935483872,4.080645161290323,283.8709677419355,
1971-02-01,12.521622,13501.3,3.1811984,3.9723792,13569.672,24903.393,100.46428571428572,221.5,578.5,247.8571428571429,
1971-03-01,16.083992,94.728516,6.6353517,7.342138,7261.8525,3020.296,40.87096774193548,262.16129032258067,1324.1935483870968,259.64516129032256,
1971-04-01,18.22887,4024.6133,8.914136,9.568309,10400.005,13297.127,43.266666666666666,259.46666666666664,1113.0666666666666,198.66666666666663,
1971-05-01,21.724722,3981.8242,12.385094,12.65145,2146.837,17592.648,39.516129032258064,179.90322580645162,1213.0967741935483,148.6451612903226,
1971-06-01,28.272648,0.0,18.936432,19.61448,1016.9912,67.805664,503.3,100.13333333333334,1061.4,108.16666666666669,
1971-07-01,32.891132,21010.14,23.02564,24.356848,31499.914,33471.39,607.0322580645161,122.87096774193547,1287.6774193548388,109.19354838709675,
1971-08-01,29.857128,101185.336,20.015255,21.764757,78677.45,96979.42,463.9032258064516,860.1935483870968,607.516129032258,442.5806451612903,
1971-09-01,27.640535,36782.742,17.446184,18.532732,53224.6,36933.477,819.0,529.1666666666666,585.4,172.83333333333334,
1971-10-01,18.605688,26469.164,9.325663,10.128408,76058.75,53531.28,307.51612903225805,2146.870967741936,139.55806451612904,305.48387096774195,
1971-11-01,14.180234,1302.5908,5.764289,6.075618,18993.996,6774.01,417.1666666666667,727.4,6.973333333333333,286.5,
1971-12-01,9.155462,20984.074,0.44405156,0.26898417,50057.805,53147.03,433.1935483870968,1574.548387096774,8.448387096774193,1349.645161290323,
1972-01-01,9.820699,0.4501953,2.462786,2.8106775,806.99414,43.34082,163.90322580645162,644.6451612903226,5.361290322580645,383.61290322580646,
1972-02-01,13.9158745,3.2128906,4.5665703,5.6229773,271.35156,454.4463,716.8275862068965,332.13793103448273,5.1482758620689655,247.17241379310343,
1972-03-01,19.762735,1.7685547,9.914972,10.961357,105.49219,74.552734,855.4193548387096,493.9032258064516,466.4032258064516,194.1935483870968,
1972-04-01,19.94516,14.254883,10.196754,11.205786,283.94336,5558.9834,98.66666666666669,257.43333333333334,1203.8,179.93333333333334,
1972-05-01,24.043318,3165.9336,13.909745,15.180075,7581.6514,7585.6885,51.54838709677419,151.06451612903226,1344.1935483870968,138.51612903225808,
1972-06-01,29.385714,11212.372,18.66186,19.848082,34072.867,30452.656,81.93333333333334,189.9333333333333,1491.6666666666667,146.23333333333332,
1972-07-01,33.2224,16022.26,22.488634,24.17629,38215.766,35464.855,382.0,149.32258064516128,1482.258064516129,159.90322580645162,
1972-08-01,30.509815,33498.855,20.420422,21.918167,40965.676,40508.055,383.1290322580645,178.7741935483871,1165.967741935484,244.16129032258064,
1972-09-01,27.590282,12475.723,17.595205,18.596746,24974.16,22547.998,409.0,209.5,860.3,158.06666666666666,
1972-10-01,20.58446,109561.36,12.012188,11.99699,125568.25,135988.48,175.99032258064514,4731.83870967742,696.6774193548387,4194.032258064516,
1972-11-01,12.664215,35266.688,3.3255906,4.4170628,37420.67,45837.29,547.4533333333333,1229.4666666666667,45.9,1089.4666666666667,
1972-12-01,9.614898,51921.508,1.2474766,1.2187656,48624.758,55412.766,1308.6129032258063,1417.9032258064517,8.938709677419356,1367.0,
1973-01-01,9.09949,6063.375,0.16070156,0.90678984,19321.824,23225.791,1121.0967741935483,984.3870967741937,7.916129032258064,587.4516129032259,
1973-02-01,12.354722,65974.75,2.705414,3.6309938,61830.508,65545.08,1194.571428571429,2654.285714285714,156.06071428571428,1614.2857142857142,
1973-03-01,11.708113,74451.64,2.8607593,3.0210032,84038.625,114878.49,4776.451612903225,5511.612903225807,3272.709677419354,3893.548387096774,
1973-04-01,17.691574,2521.9219,7.147609,8.310402,14556.066,15005.962,5247.033333333334,6195.333333333333,6452.333333333333,5637.666666666667,
1973-05-01,25.143938,7300.418,14.096547,15.578919,33094.78,21400.582,1196.645161290323,5932.580645161291,5260.645161290323,1322.3870967741937,
1973-06-01,29.471764,5136.9863,18.65246,20.313463,13573.252,13268.156,962.3666666666668,1329.0,1911.3333333333333,215.6,
1973-07-01,32.03127,22997.32,21.270864,23.191967,51941.617,32959.28,1055.3870967741937,557.4516129032259,1784.8387096774193,204.1290322580645,
1973-08-01,31.58867,16787.955,20.734682,22.282541,31872.012,30597.555,863.4193548387096,370.2903225806452,1830.967741935484,217.25806451612905,
1973-09-01,27.083445,1.1132812,17.426556,18.675905,1666.6953,175.32227,481.4333333333333,200.2333333333333,1881.0,163.8,
1973-10-01,21.990313,0.34765625,12.765206,13.682775,338.12988,1218.5928,51.774193548387096,179.93548387096774,1206.9032258064517,198.3548387096774,
1973-11-01,14.658984,33850.9,6.3475733,6.78166,25463.986,28572.88,588.2,222.13333333333333,84.2,268.3333333333333,
1973-12-01,11.746537,38.347656,2.9315813,3.70196,1919.6924,1825.1416,958.258064516129,229.0,9.66451612903226,290.0967741935484,
1974-01-01,10.6256695,42282.32,1.6598438,1.7935998,61851.805,63040.004,110.87096774193547,331.48387096774195,1.7306451612903226,394.35483870967744,
1974-02-01,11.889019,412.92578,2.1806328,3.4905283,5227.9316,2877.2705,1275.607142857143,235.25,1.207142857142857,261.42857142857144,
1974-03-01,16.22336,39701.137,7.328858,8.059458,29747.809,26997.938,82.2258064516129,559.258064516129,942.3548387096774,340.35483870967744,
1974-04-01,19.225286,704.41504,9.272366,10.290487,6586.3926,5235.5713,77.2,509.9666666666666,1313.3333333333333,232.13333333333333,
1974-05-01,24.392183,1.0644531,14.986541,16.269802,1082.9082,65.64453,127.83870967741936,289.51612903225805,1413.548387096774,158.83870967741936,
1974-06-01,31.453606,12.77832,21.722147,23.03773,727.53906,447.8203,458.7,121.33333333333331,1762.0,113.33333333333331,
1974-07-01,31.413034,44365.168,21.464266,22.859568,46844.95,59361.324,131.4193548387097,173.16129032258064,1631.9354838709678,183.4193548387097,
1974-08-01,30.288858,42208.285,19.95782,21.63578,35318.633,34497.246,253.7741935483871,284.1290322580645,1749.354838709677,196.32258064516128,
1974-09-01,28.364176,25505.344,17.32441,19.056616,30278.266,27735.559,74.83333333333333,168.2,1309.6333333333334,159.13333333333333,
1974-10-01,22.383701,71612.92,12.558104,13.387255,85285.47,58930.227,539.3870967741935,529.7741935483871,38.30741935483871,205.6129032258065,
1974-11-01,14.891461,13458.534,6.0880046,6.7705283,7263.714,21670.895,265.5,479.03333333333336,0.1086666666666666,375.3,
1974-12-01,8.940547,25462.23,0.67520154,1.2738597,14590.913,18950.889,507.03225806451616,224.67741935483872,3.1270967741935483,272.2903225806452,
1975-01-01,10.149431,4677.385,1.4928657,2.2253172,26551.822,17993.232,351.48387096774195,221.1290322580645,2.7580645161290325,264.03225806451616,
1975-02-01,11.353611,14618.651,2.0997126,2.9912505,40790.926,25097.453,294.17857142857144,474.9285714285714,15.778571428571428,282.8928571428572,
1975-03-01,13.724136,34933.734,4.5907173,5.0862265,51480.742,44995.04,409.7161290322581,2143.870967741936,516.9870967741936,900.967741935484,
1975-04-01,15.319801,20155.531,6.139128,6.61513,30021.234,32115.936,784.8666666666667,2968.333333333333,334.1623333333334,1329.0,
1975-05-01,22.440794,159.86426,12.151541,13.539042,5076.6035,4714.8154,230.91612903225808,1749.645161290323,1257.7096774193549,222.74193548387095,
1975-06-01,27.914286,0.0,17.992552,19.076872,170.03809,142.85254,221.86666666666667,476.9,1660.6666666666667,126.7,
1975-07-01,32.128918,23882.512,21.565899,23.11211,48432.848,64214.98,404.96774193548384,324.3225806451613,1669.354838709677,174.80645161290323,
1975-08-01,31.05319,6599.046,20.752708,22.072702,22508.322,13735.939,419.483870967742,180.9032258064516,1680.3225806451612,143.06451612903226,
1975-09-01,28.198606,28639.584,17.376032,19.211233,41349.0,29881.342,170.53333333333333,335.03333333333336,1433.6,188.5,
1975-10-01,20.978329,6507.8926,12.160275,12.919638,3149.9229,8085.074,238.5483870967742,148.7741935483871,327.4806451612903,176.70967741935485,
1975-11-01,14.844041,29983.31,5.8559375,6.8979983,32451.297,40976.0,517.4333333333333,163.23333333333332,1.2646666666666666,226.0,
1975-12-01,11.140465,31832.11,2.4011843,3.6625628,22675.934,24279.812,433.2354838709677,207.32258064516128,1.1583870967741936,274.16129032258067,
1976-01-01,11.2221365,1793.541,1.8259953,3.6330261,7860.5215,3572.6182,351.23225806451615,187.29032258064515,197.67741935483872,253.6129032258065,
1976-02-01,14.281546,50520.8,5.177431,5.837654,55743.094,96939.21,541.2310344827587,1174.3793103448277,108.25862068965516,2818.586206896552,
1976-03-01,14.479683,12787.486,4.945633,5.795066,28492.762,25414.023,1105.0967741935483,574.3870967741935,18.712903225806453,718.6451612903226,
1976-04-01,17.876627,29082.71,8.830889,9.229889,25672.035,44734.094,771.0,1203.7,400.40333333333336,1113.4666666666667,
1976-05-01,24.841898,15853.727,14.180233,15.626423,31326.506,34170.836,350.3838709677419,872.4193548387096,810.3935483870968,273.6774193548387,
1976-06-01,29.069458,427.3838,18.872257,19.628374,3789.914,1189.8555,563.2333333333333,239.63333333333333,1235.8333333333333,127.33333333333331,
1976-07-01,31.670742,42386.64,21.036331,22.937254,61280.72,68589.31,716.4193548387096,297.06451612903226,1444.516129032258,201.96774193548387,
1976-08-01,30.51523,12802.065,20.157223,21.330591,35900.07,16189.753,442.741935483871,295.0967741935484,1742.258064516129,167.3548387096774,
1976-09-01,26.546898,87370.53,16.79495,17.865145,46235.8,57720.938,111.24666666666668,236.36666666666667,1219.0333333333333,261.76666666666665,
1976-10-01,20.46578,27902.85,10.370764,11.954348,20468.973,18666.527,219.38709677419357,188.7741935483871,390.5967741935484,246.32258064516128,
1976-11-01,15.7254505,15703.104,6.0755014,7.9269714,10431.062,1905.084,417.76666666666665,177.26666666666668,5.3133333333333335,248.9,
1976-12-01,11.173323,19022.14,2.2302186,3.1188323,7735.9326,12323.974,498.3870967741936,168.1290322580645,2.064516129032258,275.258064516129,
1977-01-01,10.609682,34373.69,1.2317,2.0620608,41264.15,38263.016,269.48387096774195,209.6451612903226,0.0,314.1935483870968,
1977-02-01,13.950675,2003.0479,4.2096376,5.4841375,8696.694,11874.106,616.6785714285714,215.8571428571429,0.0,257.57142857142856,
1977-03-01,13.223443,9386.886,3.9664657,4.9485383,25040.938,10077.874,608.6451612903226,241.0967741935484,457.06451612903226,225.96774193548387,
1977-04-01,19.97016,5506.993,9.883877,11.17758,16838.938,18186.35,12.666666666666666,608.0666666666667,1156.5,228.46666666666667,
1977-05-01,21.296244,9019.494,12.429798,12.516473,7090.9326,17779.268,7.451612903225806,321.96774193548384,1254.451612903226,168.03225806451613,
1977-06-01,30.092476,1745.4688,19.79993,20.945776,12454.943,13351.532,112.03333333333332,141.76666666666668,1903.6666666666667,125.36666666666666,
1977-07-01,32.720325,16178.839,21.905851,23.667002,61265.055,39014.14,37.70967741935484,225.06451612903223,2067.4193548387098,127.90322580645162,
1977-08-01,32.070496,26086.287,21.397665,22.946255,57262.367,55824.688,23.90322580645161,396.7096774193548,1940.0,244.93548387096772,
1977-09-01,28.288723,37758.258,18.380949,19.48654,45949.168,45663.85,22.33333333333333,318.1666666666667,1097.9666666666667,206.9,
1977-10-01,23.570498,30280.242,13.388963,14.34208,31704.715,31993.688,62.229032258064514,232.4193548387097,415.7096774193548,262.1290322580645,
1977-11-01,16.783411,3916.038,7.4827375,8.484702,11116.836,8302.902,340.26666666666665,196.56666666666663,2.017,212.2333333333333,
1977-12-01,13.638906,27782.123,5.168725,5.875842,12114.037,22927.164,343.5483870967742,161.48387096774192,0.4548387096774193,242.70967741935485,
1978-01-01,11.6040325,101486.39,3.057797,3.8253212,65943.34,85730.7,159.80645161290323,257.83870967741933,0.0,624.0,
1978-02-01,12.822868,92452.66,3.3217468,4.395143,67719.81,79587.95,138.78571428571428,1837.0357142857144,1.0607142857142855,2053.178571428572,
1978-03-01,16.867018,102812.63,7.671542,8.649427,94614.195,118247.914,9023.548387096776,10386.451612903224,980.1096774193549,10418.064516129032,
1978-04-01,18.350796,13258.891,9.757286,9.947755,11990.311,23494.094,841.4666666666667,3080.6666666666665,1114.62,645.8,
1978-05-01,23.555016,3773.9834,13.342675,14.242981,15909.116,13224.687,466.7096774193548,1035.258064516129,1517.4193548387098,210.25806451612905,
1978-06-01,30.465528,2992.5527,19.90983,20.81668,3930.917,1110.7637,917.6333333333332,320.26666666666665,1713.6666666666667,128.46666666666667,
1978-07-01,32.478027,23931.094,22.27085,23.559591,35527.82,26470.61,906.8064516129032,190.83870967741936,1693.8709677419354,119.93548387096774,
1978-08-01,30.647602,52576.387,20.15877,21.88567,48018.203,32725.516,612.1935483870968,360.0,1680.645161290323,216.29032258064515,
1978-09-01,27.893364,3351.629,17.578138,18.754005,19323.707,16581.2,184.6,177.1,1562.3333333333333,167.03333333333333,
1978-10-01,23.906254,33086.812,13.933505,15.359717,34800.98,21032.615,21.225806451612904,187.29032258064515,734.4193548387096,195.58064516129036,
1978-11-01,14.891764,78652.81,6.422975,6.833155,101644.56,111316.664,219.96666666666667,2009.0,154.72,1369.4,
1978-12-01,9.393516,88185.16,0.59351873,0.95706487,90068.89,85937.55,4591.258064516129,5942.580645161291,7168.903225806452,4644.193548387097,
1979-01-01,8.418241,112613.23,-0.3956422,-0.19309305,94356.734,88559.04,3550.8387096774195,3694.967741935484,9747.41935483871,2152.7741935483878,
1979-02-01,11.755883,6115.742,2.6176312,2.7563848,25409.809,27814.227,1283.7142857142858,3071.0714285714284,1489.0357142857142,1505.25,
1979-03-01,14.329221,80515.91,5.0583515,5.9214168,59438.406,68596.8,3595.0967741935483,5053.225806451613,6873.532258064516,3792.903225806452,
1979-04-01,18.823477,1704.7275,9.650657,10.198571,8979.332,7531.3438,1755.4666666666667,6281.333333333333,4851.0,1864.9666666666667,
1979-05-01,23.491915,19835.482,13.079432,14.363426,37864.207,32746.729,202.29032258064515,2959.6774193548385,2992.903225806452,321.06451612903226,
1979-06-01,29.449545,1703.8418,18.689236,19.74216,13465.15,5271.2227,1004.8333333333334,1280.5666666666666,2026.3333333333333,197.76666666666668,
1979-07-01,31.864162,20085.309,21.908146,23.36373,24077.578,22973.055,1206.8387096774193,403.35483870967744,2088.3870967741937,168.3548387096774,
1979-08-01,29.588848,50686.28,19.623396,21.079704,46808.723,57837.223,814.516129032258,414.0,2067.0967741935483,306.8709677419355,
1979-09-01,30.206774,4443.327,19.510845,21.019133,9740.674,5081.9424,286.6666666666667,223.3,1844.1379310344828,159.2,
1979-10-01,22.908503,4128.1104,14.007396,14.711927,12692.869,16595.46,42.12903225806452,200.4516129032258,,210.1290322580645,
1979-11-01,13.788701,5085.758,4.31045,5.4478416,16302.361,10631.206,569.0666666666667,268.1,,263.1333333333333,
1979-12-01,12.495965,4045.8213,3.6419141,4.6386456,22095.809,20178.275,795.6451612903226,254.32258064516128,,284.6774193548387,
1980-01-01,12.398449,77852.086,3.3609939,4.2134857,102564.664,128584.91,920.0645161290324,1465.645161290323,,2706.2258064516127,
1980-02-01,14.374085,108442.2,4.9652596,6.092103,116977.734,136465.62,13675.586206896553,9072.137931034482,,11022.48275862069,
1980-03-01,14.114753,38108.3,5.0825844,5.6840568,50144.395,51820.125,1527.0967741935483,2700.967741935484,,2499.3548387096776,
1980-04-01,19.00538,17037.926,9.259259,10.316118,14174.325,26476.863,1146.4,3848.3333333333335,,1531.9666666666667,
1980-05-01,21.792711,4984.505,12.111857,12.554233,7904.4893,17235.73,679.0322580645161,2741.935483870968,,341.5806451612903,
1980-06-01,29.151722,1025.9961,19.837843,20.073963,1848.5752,1918.126,1276.1666666666667,879.4333333333333,,177.8,
1980-07-01,33.295223,21204.785,22.62095,24.070292,55683.812,50379.203,1075.9032258064517,369.35483870967744,,287.64516129032256,
1980-08-01,31.0422,26535.248,20.484522,22.366426,56074.797,32853.703,1221.4193548387098,461.2903225806452,,211.6451612903226,
1980-09-01,28.287691,10819.604,18.122171,19.51353,24306.492,12716.867,210.6,316.0,,208.06666666666663,
1980-10-01,22.249966,3819.9639,11.709978,13.255265,15998.348,17058.209,694.0999999999999,311.03225806451616,,222.06451612903223,
1980-11-01,16.050684,11.09082,6.647561,8.187537,4603.0693,152.2959,692.0666666666667,371.76666666666665,,259.53333333333336,
1980-12-01,14.373051,4042.1406,5.602725,6.8246145,19880.018,15192.193,815.2258064516129,300.06451612903226,,300.741935483871,
1981-01-01,13.457192,28108.61,4.423723,5.4072614,16729.02,12676.575,157.9641935483871,250.4516129032258,,330.2903225806452,
1981-02-01,14.182417,27921.672,4.921633,5.919959,24961.812,25326.531,0.0,283.2857142857143,,304.32142857142856,
1981-03-01,15.01186,49217.54,5.129145,6.3995986,66973.3,64291.22,0.3870967741935484,763.0322580645161,,407.5483870967742,
1981-04-01,21.169945,9097.558,11.561526,12.696893,19132.027,22161.527,4.434666666666667,1280.4333333333334,,454.6,
1981-05-01,23.943115,6033.55,14.206377,15.298571,11467.123,13286.353,290.38709677419354,580.0967741935484,,175.1290322580645,
1981-06-01,31.389896,2019.6133,21.04068,22.658913,15521.3955,13848.844,535.8666666666667,203.03333333333333,,150.63333333333333,
1981-07-01,32.728153,30283.41,22.141731,24.01155,49960.25,50513.992,683.3870967741935,269.2903225806452,,172.67741935483872,
1981-08-01,32.313965,29454.93,21.260933,22.823036,39061.61,63091.32,227.25806451612905,336.0,,245.83870967741936,
1981-09-01,28.694336,19628.938,18.046204,19.232012,27389.496,40003.406,111.9,277.6,,223.3,
1981-10-01,20.370571,26426.8,11.615496,11.803227,27550.79,40570.758,208.48387096774192,353.5806451612903,,452.5161290322581,
1981-11-01,16.707436,37719.555,7.766797,8.66286,31379.025,51160.605,293.26666666666665,230.7333333333333,,289.03333333333336,
1981-12-01,12.699351,44.911133,4.4550967,5.0608635,1111.919,2023.0361,255.67741935483872,244.2258064516129,,313.80645161290323,
1982-01-01,10.574946,33908.36,2.0932374,2.3567057,67517.13,66126.625,245.32258064516128,447.5161290322581,,508.4516129032258,
1982-02-01,13.757182,34385.75,4.033411,5.038128,46343.43,60142.34,301.5,1404.892857142857,,2123.25,
1982-03-01,14.590325,69700.94,5.81855,6.389616,55073.15,84476.516,2721.2903225806454,2641.6129032258063,,4410.322580645161,
1982-04-01,19.287428,680.9092,9.766917,10.403498,4741.508,9944.177,1599.1666666666667,1945.0,,619.3666666666667,
1982-05-01,23.5109,17663.287,13.313151,14.532762,24825.16,30080.133,766.7096774193549,1210.483870967742,,228.67741935483872,
1982-06-01,27.46636,67.61035,17.853785,18.787724,2263.0957,28.330078,770.3666666666667,388.1333333333333,,142.83333333333334,
1982-07-01,31.213522,35812.0,21.297087,22.723997,48888.71,24437.387,925.0645161290324,202.32258064516128,,135.67741935483872,
1982-08-01,31.472616,73994.42,20.828163,22.72346,75521.7,66741.516,545.0645161290323,428.8387096774193,,249.3548387096774,
1982-09-01,27.767086,33533.844,18.27799,18.930834,33415.92,34238.29,224.63333333333333,476.1666666666667,,238.13333333333333,
1982-10-01,20.2585,858.5654,10.958392,11.6962805,1752.8555,4703.826,373.741935483871,205.58064516129036,,219.1935483870968,
1982-11-01,14.578889,75931.29,5.9877,6.408693,69985.59,79431.06,439.3,365.9333333333333,,614.3,
1982-12-01,10.42046,78023.5,1.8738781,2.481233,63750.523,73921.85,1902.0967741935483,1841.645161290323,,2861.451612903226,
1983-01-01,11.684247,35104.535,2.708775,3.7093875,45759.89,31843.02,265.741935483871,1164.1290322580646,,720.0967741935484,
1983-02-01,12.422427,52267.273,3.5839813,4.795121,38120.367,52863.355,3393.3214285714284,2895.0,,2851.785714285714,
1983-03-01,14.471544,104366.18,5.3008533,6.2336516,83871.7,93818.14,2825.903225806452,5229.354838709677,,4383.870967741936,
1983-04-01,16.443512,10844.764,6.4243217,7.24839,19105.02,28550.83,1823.8,4265.333333333333,,2078.8,
1983-05-01,23.596308,157.50293,13.279573,14.541417,3197.6719,2039.8975,627.8387096774194,3208.3870967741937,,484.64516129032256,
1983-06-01,27.899515,0.3173828,17.829811,19.067966,1861.6318,343.9287,905.8666666666668,1189.5333333333333,,198.66666666666663,
1983-07-01,31.988518,16847.594,21.641813,23.21817,55551.33,45233.9,935.1935483870968,445.61290322580646,,205.4516129032258,
1983-08-01,30.664387,113659.65,20.665092,22.194021,55741.43,74845.85,636.0322580645161,557.6129032258065,,294.0967741935484,
1983-09-01,29.834402,90953.17,19.56271,20.807796,72002.44,125082.414,974.0333333333332,683.0333333333333,559.0,860.1,
1983-10-01,22.165102,30223.617,12.44962,13.368029,55241.67,23379.162,990.548387096774,4831.677419354839,7128.419354838709,1312.032258064516,
1983-11-01,15.003733,19584.145,5.803284,6.6482997,42207.14,30460.684,578.7666666666667,486.4,150.44333333333333,306.8,
1983-12-01,12.114655,54848.78,3.3482609,4.2597117,43871.78,50833.29,1304.5645161290322,1626.516129032258,986.2258064516128,1674.8709677419354,
1984-01-01,11.881892,10613.893,2.4019344,4.0042973,13956.09,8201.173,147.6451612903226,946.3870967741937,1649.645161290323,468.0,
1984-02-01,12.820343,6.638672,3.0675156,4.4911547,864.0869,2373.0264,151.9655172413793,579.2758620689655,743.1724137931035,314.9310344827586,
1984-03-01,16.63075,100.93945,6.543911,7.8194404,11546.9795,10960.622,479.4516129032258,815.0322580645161,668.4193548387096,260.1935483870968,
1984-04-01,18.61721,25287.906,8.539566,9.923251,16706.56,10036.104,580.5333333333333,921.5666666666668,489.3,247.0,
1984-05-01,27.111153,3561.371,16.78827,18.621511,5186.994,3784.9844,550.4516129032259,575.1935483870968,773.3870967741935,188.51612903225808,
1984-06-01,28.667511,5641.491,18.94905,19.989302,16234.661,11299.832,376.4333333333333,190.03333333333333,1484.6666666666667,135.3,
1984-07-01,31.26548,108919.25,21.399046,23.226995,55112.023,77454.305,313.35483870967744,328.741935483871,982.9032258064516,266.7096774193548,
1984-08-01,30.324974,55939.195,20.089003,21.910881,79184.766,74660.55,322.5483870967742,729.6451612903226,1290.5806451612902,417.3870967741936,
1984-09-01,28.711273,84734.836,18.188248,19.84336,55964.85,38707.918,152.2,662.5,1342.7666666666669,269.46666666666664,
1984-10-01,19.484304,14750.619,9.475294,10.38377,60680.547,16826.172,384.741935483871,1206.451612903226,203.5483870967742,269.06451612903226,
1984-11-01,14.5380745,36069.492,6.019808,6.3187337,20350.912,33131.527,580.8666666666667,526.6333333333333,15.6,297.8666666666667,
1984-12-01,10.425671,122719.984,2.552372,2.3956625,90039.8,105133.56,902.7096774193548,4145.709677419355,3501.1290322580644,1939.4516129032256,
1985-01-01,10.392228,34149.79,1.4877375,2.1543953,51393.457,49472.703,213.38709677419357,2370.548387096774,3409.7419354838707,833.1290322580645,367146.0
1985-02-01,11.703442,28003.523,1.9445485,3.2913203,32545.742,32665.86,834.0714285714286,2398.928571428572,2492.3928571428573,1267.428571428571,367146.0
1985-03-01,14.811137,16419.527,5.920436,6.2622504,42975.14,43709.113,1546.1612903225807,5155.4838709677415,5459.677419354839,2301.903225806452,367146.0
1985-04-01,21.42173,10964.515,11.03404,12.496937,30003.361,30574.236,715.4666666666667,3361.333333333333,2567.333333333333,742.3333333333334,367146.0
1985-05-01,25.065071,71.90039,14.644896,15.85751,3723.1543,6785.9414,685.0,2146.7741935483878,2324.516129032258,264.06451612903226,367146.0
1985-06-01,30.44251,46.411133,20.247595,21.912205,6093.749,2162.8066,634.6333333333333,648.5,1767.3333333333333,138.23333333333332,367146.0
1985-07-01,32.600094,41112.93,22.463,24.262817,47340.664,56357.4,536.0322580645161,322.741935483871,1710.645161290323,212.74193548387095,367146.0
1985-08-01,31.673874,23378.922,21.078468,23.185328,35316.676,15098.79,575.741935483871,458.1612903225807,1760.967741935484,186.80645161290323,367146.0
1985-09-01,25.185015,51730.727,15.954214,16.849878,63851.402,43429.383,95.26666666666668,450.76666666666665,1258.1666666666667,265.8333333333333,367146.0
1985-10-01,21.431862,42816.227,11.918389,13.323197,35444.164,31248.46,458.5483870967742,534.6129032258065,260.60645161290324,268.0967741935484,367146.0
1985-11-01,14.413438,78532.484,5.505044,5.825625,51320.367,97408.16,493.06666666666666,585.2333333333333,5.836666666666667,760.8666666666667,367146.0
1985-12-01,11.6079855,31724.113,2.718411,4.165628,10282.003,5933.9297,406.35483870967744,579.9032258064516,1396.5967741935483,732.0645161290323,367146.0
1986-01-01,14.249755,6757.3877,5.465136,6.8462753,5685.4453,5363.01,473.1612903225807,349.6774193548387,514.0064516129032,292.741935483871,413154.0
1986-02-01,14.01834,40530.145,4.861059,6.1314774,45763.223,37194.945,530.2142857142857,1509.0,5.085714285714286,750.2142857142857,413154.0
1986-03-01,18.218586,51480.766,8.063501,9.267516,49198.35,62357.664,470.3225806451613,2379.6774193548385,573.7709677419356,1559.645161290323,413154.0
1986-04-01,20.374577,1771.4912,10.71695,11.430961,6296.426,14662.924,225.5,1715.2666666666669,1815.3333333333333,566.0,413154.0
1986-05-01,24.769022,2136.9482,14.556638,15.894596,5291.0293,6506.8564,226.0967741935484,608.8709677419355,1486.451612903226,157.4516129032258,413154.0
1986-06-01,30.603004,4176.745,19.837992,21.315105,16402.758,15703.509,548.0333333333333,270.03333333333336,1718.6666666666667,181.33333333333331,413154.0
1986-07-01,30.80717,55455.457,20.645575,22.110117,43747.016,63777.508,313.51612903225805,393.4516129032258,1625.1612903225807,298.2258064516129,413154.0
1986-08-01,32.21932,49644.695,21.441273,22.902773,69982.13,73961.53,343.0967741935484,386.0,1625.483870967742,254.51612903225808,413154.0
1986-09-01,25.458504,20434.451,16.2185,16.329954,25742.188,52193.914,269.1333333333333,350.2,1055.0666666666666,264.7333333333333,413154.0
1986-10-01,20.519068,34859.695,10.686225,11.475854,36287.66,34869.3,710.6129032258065,509.03225806451616,18.32903225806452,441.7741935483871,413154.0
1986-11-01,15.572176,9747.452,6.2764235,7.4320903,54044.29,18980.393,565.6333333333333,943.8,6.966666666666667,300.6666666666667,413154.0
1986-12-01,11.255347,45757.887,2.4082313,3.2222676,37206.555,40235.758,519.9032258064516,1090.3225806451612,7.6,384.1612903225807,413154.0
1987-01-01,10.297688,26161.625,1.1565015,1.8943921,38905.89,44880.297,123.70967741935485,446.06451612903226,707.5935483870968,346.38709677419354,383850.0
1987-02-01,12.773818,60180.613,2.8511267,3.8910136,49592.125,52188.895,415.2857142857143,1037.2142857142858,685.5035714285714,782.25,383850.0
1987-03-01,14.6759,9267.197,4.254403,5.311382,26449.707,31539.242,936.6451612903226,2684.516129032258,1153.222580645161,2176.8387096774195,383850.0
1987-04-01,22.256962,2148.253,11.063379,12.723209,9488.431,7902.4717,289.1666666666667,3104.0,1791.0,545.3666666666667,383850.0
1987-05-01,24.565542,7034.541,13.366558,15.122464,18724.525,21873.23,239.3548387096774,1338.6774193548388,1539.354838709677,196.6451612903226,383850.0
1987-06-01,30.165117,1877.0596,19.440418,21.418625,11297.113,9875.747,633.2,399.53333333333336,1739.3333333333333,136.43333333333334,383850.0
1987-07-01,30.530977,17307.0,20.740696,22.02811,38522.77,29929.65,721.516129032258,221.96774193548387,1648.0645161290322,121.4516129032258,383850.0
1987-08-01,30.838995,39086.9,20.172716,21.799997,48983.133,54125.094,442.96774193548384,532.3870967741935,1630.645161290323,214.25806451612905,383850.0
1987-09-01,27.778294,17488.664,17.002264,18.889294,17154.824,19572.604,217.8,219.8,1254.7666666666669,179.46666666666667,383850.0
1987-10-01,24.184225,40636.547,14.191097,15.317861,27858.184,67501.305,793.4193548387096,241.83870967741936,48.351612903225806,245.29032258064515,383850.0
1987-11-01,14.907334,42938.914,5.5986905,6.371041,37086.117,65613.086,426.4,489.9,10.553333333333336,1146.8666666666666,383850.0
1987-12-01,9.409481,49987.01,0.78321564,1.6668866,38926.637,35252.836,480.1612903225807,317.4193548387097,9.229032258064516,364.4193548387097,383850.0
1988-01-01,10.5492325,38834.06,1.3236984,2.660618,35271.266,38675.195,420.61290322580646,580.3548387096774,10.806451612903226,592.0645161290323,448694.0
1988-02-01,14.4351425,16128.745,5.0259156,6.0275583,22973.84,33622.457,651.7931034482758,1589.3793103448277,539.744827586207,1488.8275862068965,448694.0
1988-03-01,16.188221,4621.662,6.310842,7.3454847,3712.6152,2117.874,365.06451612903226,1125.3225806451612,1486.774193548387,605.2258064516129,448694.0
1988-04-01,19.550463,44738.805,9.818773,10.955994,51629.344,72290.625,1033.7666666666669,1784.9666666666667,718.0333333333333,1891.8,448694.0
1988-05-01,24.192276,1.6386719,14.451252,15.103482,3019.7002,786.53613,696.6774193548387,1215.4193548387098,1130.354838709677,263.03225806451616,448694.0
1988-06-01,30.054838,2812.373,20.104454,21.54867,16202.369,14978.115,684.3333333333334,321.7,1721.0,147.36666666666667,448694.0
1988-07-01,32.725132,31970.791,22.26712,23.973082,48494.305,41479.47,650.8709677419355,313.2903225806452,1743.548387096774,166.48387096774192,448694.0
1988-08-01,31.023443,90492.016,20.493406,22.021965,106602.93,96863.81,469.5483870967742,1231.0645161290322,1616.774193548387,433.0,448694.0
1988-09-01,27.28434,2041.3008,16.608656,17.902393,18147.746,8608.602,138.2,1439.9333333333334,1358.1,309.7,448694.0
1988-10-01,24.940035,38989.844,14.611693,16.244003,22558.025,14305.892,496.6774193548387,307.93548387096774,378.6967741935484,239.03225806451613,448694.0
1988-11-01,15.44127,20478.324,6.3856783,7.3823724,17032.516,24284.156,601.0,247.13333333333333,42.223333333333336,248.26666666666668,448694.0
1988-12-01,11.083346,3908.6523,1.754425,2.4173281,17395.328,12152.283,524.0,252.0967741935484,3.1322580645161286,285.16129032258067,448694.0
1989-01-01,10.373692,59464.074,1.1339422,2.004121,41678.203,44907.293,395.4193548387097,327.2258064516129,27.63967741935484,374.1290322580645,450473.0
1989-02-01,13.599859,1238.0674,4.59382,5.0924087,16300.142,13195.091,797.4642857142857,483.3928571428572,0.0,421.9642857142857,450473.0
1989-03-01,18.266678,31242.053,8.639206,10.300545,32465.605,31903.908,559.2903225806451,1158.1935483870968,1031.1612903225807,437.1612903225807,450473.0
1989-04-01,23.312675,10.37207,13.3062,14.737089,1279.1406,46.80957,99.83333333333331,582.8333333333334,1531.3333333333333,201.1,450473.0
1989-05-01,25.039944,1891.8594,15.590111,16.714024,4733.8994,9703.256,85.45161290322581,232.29032258064515,1905.8064516129032,145.5806451612903,450473.0
1989-06-01,29.443531,273.60254,19.667294,20.995111,103.47754,356.62988,283.56666666666666,117.86666666666666,2122.333333333333,116.46666666666668,450473.0
1989-07-01,33.060436,29963.107,22.783688,24.539627,43968.164,50238.508,392.7741935483871,140.61290322580646,2106.451612903226,140.32258064516128,450473.0
1989-08-01,30.769821,26979.723,20.377926,21.949608,41827.625,42345.367,395.741935483871,276.83870967741933,1838.3870967741937,229.9032258064516,450473.0
1989-09-01,28.671146,7685.619,18.407595,19.564022,8704.117,3766.4482,257.6,143.5,1262.6333333333334,130.36666666666667,450473.0
1989-10-01,22.214754,21375.273,12.049107,13.307389,27818.414,19731.031,573.9677419354839,183.4193548387097,262.7132258064516,187.38709677419357,450473.0
1989-11-01,16.494265,3042.4434,6.846267,8.336211,3246.796,460.88477,530.0,185.66666666666663,1.6836666666666666,241.56666666666663,450473.0
1989-12-01,11.459655,14387.66,2.7672813,3.9305272,11035.242,18868.975,501.0,191.25806451612905,69.49225806451612,284.1935483870968,450473.0
1990-01-01,10.754043,36051.57,1.7782062,2.18938,16515.984,37885.652,243.96774193548387,207.7741935483871,0.0,298.51612903225805,272083.0
1990-02-01,11.436491,25616.047,2.0605266,3.3081474,30887.287,43462.953,382.1071428571428,224.9642857142857,60.98,287.75,272083.0
1990-03-01,16.723705,18048.484,6.7255907,8.028315,24892.918,32162.223,679.1935483870968,426.64516129032256,53.064516129032256,440.7096774193548,272083.0
1990-04-01,21.079086,8707.686,11.027544,12.199451,16384.664,29522.148,41.766666666666666,414.5,704.7333333333333,274.5,272083.0
1990-05-01,23.660557,5873.457,13.7406435,14.725073,9062.742,12653.226,35.25806451612903,249.93548387096772,1035.225806451613,149.19354838709677,272083.0
1990-06-01,30.74217,5089.586,21.8858,22.266325,3180.9844,6040.0127,60.66666666666666,113.06666666666666,1569.0,106.46666666666668,272083.0
1990-07-01,31.606697,73127.84,21.459631,23.135065,62108.633,85927.56,57.67741935483871,483.7096774193548,1304.6129032258063,294.9032258064516,272083.0
1990-08-01,29.783491,75383.3,19.494003,21.252687,55976.52,56317.81,51.32258064516129,461.96774193548384,967.0967741935484,219.9032258064516,272083.0
1990-09-01,28.221123,66649.75,18.396698,19.7489,47143.875,64673.555,32.1,267.7,472.9666666666666,311.2,272083.0
1990-10-01,22.70568,9801.016,12.605613,13.875146,8168.0947,10255.848,162.5806451612903,239.25806451612905,304.06451612903226,198.70967741935485,272083.0
1990-11-01,16.17454,13394.294,6.690753,7.605248,35459.67,18978.367,382.56666666666666,290.96666666666664,12.703,210.26666666666668,272083.0
1990-12-01,9.456807,35060.375,0.40275937,0.39450964,70111.64,28171.396,486.64516129032256,1170.645161290323,6.619354838709677,257.9032258064516,272083.0
1991-01-01,10.919561,26496.105,1.8901765,3.0192049,32472.328,31106.248,264.4516129032258,1811.4516129032256,4.290322580645161,464.8387096774193,418856.0
1991-02-01,16.00086,24065.414,5.8248124,7.4758897,31025.023,30309.152,271.67857142857144,714.3214285714286,178.55535714285716,259.42857142857144,418856.0
1991-03-01,13.016762,107383.22,3.548675,4.428201,96153.11,132894.58,863.3870967741935,6408.387096774193,999.8064516129032,3775.6129032258063,418856.0
1991-04-01,18.52059,0.0,9.025836,9.909251,334.76465,0.0,1111.5666666666666,3673.6666666666665,1314.9666666666667,1709.6333333333334,418856.0
1991-05-01,22.787088,34.319336,13.324356,13.853486,1528.4414,529.09375,309.96774193548384,1615.1612903225807,1425.1935483870968,160.5806451612903,418856.0
1991-06-01,27.24372,270.4912,17.39975,18.298693,7543.456,9194.376,242.26666666666668,557.5,1835.3333333333333,130.1,418856.0
1991-07-01,31.443937,6533.255,21.688135,23.601814,25836.96,27198.037,328.48387096774195,218.96774193548387,1952.258064516129,127.96774193548389,418856.0
1991-08-01,31.413116,21949.865,20.88117,22.819586,67480.79,40796.895,566.4516129032259,297.7741935483871,1809.354838709677,154.83870967741936,418856.0
1991-09-01,28.187798,21788.91,17.597506,19.321852,29206.062,32299.18,239.5,447.3666666666667,1193.0,175.36666666666667,418856.0
1991-10-01,23.747654,26962.547,13.643358,14.865051,16924.938,19546.246,266.80645161290323,193.83870967741936,865.1290322580645,163.83870967741936,418856.0
1991-11-01,15.25848,31228.059,5.42435,6.887882,47377.137,49494.61,460.8666666666667,287.3666666666667,19.040000000000003,253.4,418856.0
1991-12-01,12.002365,65737.39,2.1192672,3.1616294,49556.184,52566.414,194.0967741935484,774.0,378.3225806451613,415.64516129032256,418856.0
1992-01-01,11.204106,52047.23,0.39194688,2.4304385,36682.152,41628.008,111.4516129032258,891.258064516129,1491.1612903225807,730.8709677419355,248811.0
1992-02-01,14.283217,82115.555,4.3827705,5.8539786,34908.64,60124.23,1822.6896551724135,2325.206896551724,2447.586206896552,1893.0344827586207,248811.0
1992-03-01,15.282942,94273.1,6.1817045,7.022445,58055.254,87420.2,2798.1612903225805,2741.6129032258063,3296.1290322580644,3597.1612903225805,248811.0
1992-04-01,21.50063,14743.597,11.906666,13.1880455,9840.345,10143.637,430.56666666666666,3018.6666666666665,3051.6666666666665,882.7333333333333,248811.0
1992-05-01,25.261381,24702.88,13.913681,15.827342,49782.34,56588.31,227.70967741935485,1429.032258064516,2846.451612903226,253.4516129032258,248811.0
1992-06-01,28.569069,2591.4326,18.004263,19.283796,12511.037,9104.638,559.6666666666666,811.4,2321.6666666666665,206.46666666666667,248811.0
1992-07-01,31.151775,50774.33,20.844437,22.50915,44559.234,43190.355,436.741935483871,278.61290322580646,1665.225806451613,180.29032258064515,248811.0
1992-08-01,30.87625,85965.19,20.064941,22.009424,94026.39,116417.984,1215.225806451613,1427.354838709677,2215.8064516129034,1113.967741935484,248811.0
1992-09-01,28.976957,6594.994,18.238213,19.571148,16856.492,3380.5107,250.96666666666667,444.8666666666667,1657.9666666666667,233.36666666666667,248811.0
1992-10-01,23.200895,7683.449,13.53185,14.499176,18383.098,28266.963,1046.225806451613,235.48387096774192,24.8,206.67741935483872,248811.0
1992-11-01,13.461077,1631.3809,3.6589015,5.048498,10383.197,4497.869,547.0,245.26666666666668,103.21666666666668,250.7333333333333,248811.0
1992-12-01,9.777069,121617.39,0.97495,1.1868641,95955.45,98412.28,380.8387096774193,1964.483870967742,467.27096774193546,1204.032258064516,248811.0
1993-01-01,12.191594,173419.78,3.0915437,3.8377612,141530.66,174045.97,14769.354838709678,13472.258064516129,20210.967741935485,12422.709677419354,291624.0
1993-02-01,12.404819,114979.91,3.206411,4.280012,85617.25,131312.97,8523.57142857143,7867.5,11777.142857142857,8500.714285714286,291624.0
1993-03-01,16.23064,41547.05,7.144514,8.656423,30851.518,36202.746,1982.3870967741937,5152.903225806452,7142.903225806452,2664.516129032258,291624.0
1993-04-01,20.175009,10.393555,10.835201,12.128928,2992.2598,697.35645,435.1666666666667,4864.333333333333,4687.666666666667,786.1333333333333,291624.0
1993-05-01,25.536701,4906.956,15.135592,16.415632,6977.16,20663.871,405.64516129032256,2296.451612903226,4474.5161290322585,265.0,291624.0
1993-06-01,28.992498,317.06055,19.397371,20.2094,1645.5498,4099.585,1322.4666666666667,717.7666666666667,935.9333333333332,180.0,291624.0
1993-07-01,30.54811,2327.3125,21.320566,22.675133,6462.448,1715.501,1070.2903225806451,294.38709677419354,1342.3870967741937,136.5483870967742,291624.0
1993-08-01,30.729853,64605.4,20.854029,22.243528,59061.367,72168.625,291.0,371.2258064516129,1732.6129032258063,259.35483870967744,291624.0
1993-09-01,28.003197,3780.0361,17.659763,19.009233,21243.549,8634.515,89.33333333333333,442.9333333333333,1276.0,238.36666666666667,291624.0
1993-10-01,22.263157,29775.115,11.916797,13.162164,38295.016,47129.117,123.83870967741936,360.8064516129032,686.9032258064516,280.1290322580645,291624.0
1993-11-01,14.1668415,80775.086,5.1471267,5.7134867,38678.855,46141.21,389.9666666666666,555.1,90.06,532.7333333333333,291624.0
1993-12-01,11.106117,2008.5479,2.6148157,3.128202,11439.452,9967.633,672.8064516129032,331.1935483870968,3.1129032258064515,348.96774193548384,291624.0
1994-01-01,11.644957,4601.871,3.3964937,4.3299775,9473.203,6929.0674,259.0967741935484,278.3225806451613,204.4870967741936,315.16129032258067,366067.0
1994-02-01,11.924866,35285.04,2.7656531,3.4855664,51851.08,42134.89,65.71428571428571,681.5357142857143,655.6785714285714,517.1785714285714,366067.0
1994-03-01,16.942558,41716.48,7.442308,8.757031,36801.637,34482.277,259.03225806451616,1420.0967741935483,788.741935483871,648.258064516129,366067.0
1994-04-01,20.324064,6244.3936,10.186041,11.260971,17283.871,31072.89,278.59000000000003,902.0666666666668,1076.8333333333333,314.0,366067.0
1994-05-01,23.531261,15290.864,13.837639,15.020187,19972.617,16580.604,823.0967741935484,548.0,525.5806451612904,253.70967741935485,366067.0
1994-06-01,31.302166,986.81836,21.633444,22.770658,11618.611,3233.456,802.1666666666666,227.0,1259.7333333333331,131.43333333333334,366067.0
1994-07-01,32.393475,20848.324,22.528753,24.145258,32623.523,23727.938,390.6774193548387,147.80645161290323,1811.6129032258063,130.61290322580646,366067.0
1994-08-01,33.182842,19391.562,22.40444,24.267986,51149.56,49246.086,191.74193548387095,266.2903225806452,1885.483870967742,181.83870967741936,366067.0
1994-09-01,29.108238,33231.535,18.502386,20.03893,48153.094,47165.0,141.23333333333332,706.8333333333334,1067.3666666666666,332.8,366067.0
1994-10-01,21.01891,12217.616,11.272319,12.086212,41644.516,21499.105,298.80645161290323,266.96774193548384,638.2161290322581,203.4193548387097,366067.0
1994-11-01,13.053171,19965.63,4.46995,4.466065,51107.25,27918.88,649.4666666666667,1217.3666666666666,8.363333333333333,250.6,366067.0
1994-12-01,11.789833,83298.97,3.6390765,4.1102986,39980.387,45414.664,130.7741935483871,1046.516129032258,310.0967741935484,365.8064516129032,366067.0
1995-01-01,11.26327,81290.766,2.1415577,3.047163,70706.2,84852.5,213.3548387096774,2567.1935483870966,556.0,1475.354838709677,340812.0
1995-02-01,15.960443,29944.945,6.8742423,8.067615,44957.156,64860.86,4512.592857142858,3795.357142857143,2561.714285714286,5156.892857142857,340812.0
1995-03-01,16.201904,36791.57,7.0670686,7.8631973,46473.133,59705.344,3679.096774193548,5089.354838709677,5467.419354838709,3722.870967741936,340812.0
1995-04-01,18.23898,11013.012,8.551455,9.773632,13171.058,27216.777,1119.1666666666667,1375.6666666666667,1405.6333333333334,494.4666666666666,340812.0
1995-05-01,22.102568,1815.3457,12.008424,13.056212,8389.495,13830.332,1383.0967741935483,1065.741935483871,287.03225806451616,237.0967741935484,340812.0
1995-06-01,27.790003,212.18652,18.110989,18.912655,1904.0479,4001.4355,180.96666666666667,476.53333333333336,2124.333333333333,159.0,340812.0
1995-07-01,32.454166,4118.0107,22.300406,23.722105,13069.557,12113.929,197.96774193548387,220.6129032258065,1957.0967741935483,137.19354838709677,340812.0
1995-08-01,33.220383,46757.105,22.531137,24.358746,59027.312,60155.508,146.19354838709677,252.74193548387095,1735.8064516129032,247.32258064516128,340812.0
1995-09-01,30.053797,27421.832,18.796776,20.350092,33226.832,46847.79,89.9,250.36666666666667,1462.0,292.4,340812.0
1995-10-01,22.956758,26.74414,13.698589,14.486125,851.82227,1214.3281,301.06451612903226,200.06451612903223,649.8903225806451,221.1935483870968,340812.0
1995-11-01,18.284227,26478.115,9.3623705,10.637108,19656.543,8149.8584,480.73333333333335,217.96666666666667,7.906666666666666,261.9,340812.0
1995-12-01,12.59822,409.58203,3.7151797,4.5991893,15154.1045,6398.176,488.9032258064516,213.93548387096772,8.48709677419355,289.03225806451616,340812.0
1996-01-01,12.078405,1824.0303,3.86855,4.317282,11748.516,5074.998,272.4193548387097,214.03225806451613,503.7516129032258,291.2903225806452,321061.0
1996-02-01,15.507998,32570.133,6.7191377,7.582781,29581.254,34886.4,112.75862068965516,249.1034482758621,603.5172413793103,283.3103448275862,321061.0
1996-03-01,16.64377,18309.273,6.8988643,8.406673,10214.741,13964.555,445.5161290322581,222.32258064516128,610.9032258064516,228.2258064516129,321061.0
1996-04-01,21.20939,52.554688,11.17,12.743839,1889.1553,1623.5801,431.6666666666667,197.5,1018.2,176.56666666666666,321061.0
1996-05-01,25.850407,50.285156,16.504692,17.626186,814.4346,352.01758,316.3225806451613,131.03225806451613,1325.1290322580646,123.48387096774194,321061.0
1996-06-01,30.715416,153.32617,21.166676,22.314344,9454.422,2469.1094,239.33333333333331,115.83333333333331,1817.6666666666667,102.46666666666668,321061.0
1996-07-01,33.41556,42557.555,22.681074,24.872597,66012.68,59333.04,224.4516129032258,245.0,1637.741935483871,164.19354838709677,321061.0
1996-08-01,32.55403,39658.96,21.366068,23.708828,45510.344,33971.688,185.4516129032258,271.0,1781.6129032258063,165.48387096774192,321061.0
1996-09-01,27.087065,41782.496,16.46064,18.132322,50145.105,57813.27,105.66666666666669,563.2,635.9,406.8,321061.0
1996-10-01,22.027891,4401.8164,11.967668,12.872648,29695.53,12606.32,286.51612903225805,198.38709677419357,470.5451612903226,173.90322580645162,321061.0
1996-11-01,16.524502,7792.7803,6.9288454,7.839846,23222.848,24072.387,310.3333333333333,313.7,7.536666666666666,223.3,321061.0
1996-12-01,12.12135,1281.3525,3.7938375,4.65666,3487.6133,7166.5283,231.6129032258065,282.1290322580645,399.82903225806456,251.25806451612905,321061.0
1997-01-01,11.792504,38280.562,1.7147532,3.0745535,68079.69,86688.5,114.16129032258064,616.9677419354839,202.51612903225808,637.3225806451613,240779.0
1997-02-01,12.888478,23830.02,3.3814077,4.5702887,41508.207,31425.828,372.8928571428572,598.0,8.232142857142858,490.32142857142856,240779.0
1997-03-01,18.701185,1700.6152,8.528744,9.807651,5906.2324,461.1338,248.8709677419355,2115.8064516129034,256.3774193548387,676.7096774193549,240779.0
1997-04-01,19.561827,13526.142,9.275547,10.239323,11386.607,35193.734,621.4,1082.7666666666669,416.4,590.9,240779.0
1997-05-01,27.753815,2149.038,16.410112,18.043465,9680.007,11122.663,111.58064516129032,605.5806451612904,1304.8387096774193,149.2258064516129,240779.0
1997-06-01,28.331482,623.8096,18.732603,19.626987,7247.743,4456.6885,110.16666666666669,200.0,1677.3333333333333,115.36666666666666,240779.0
1997-07-01,31.830673,4924.0186,21.942717,23.421906,22425.188,11415.504,127.87096774193547,132.1290322580645,1891.935483870968,86.83870967741936,240779.0
1997-08-01,32.191017,54117.89,21.301792,22.835815,41162.414,65902.2,125.16129032258064,200.2258064516129,1617.4193548387098,190.80645161290323,240779.0
1997-09-01,29.9609,36591.832,19.87738,20.674828,29940.52,72265.06,367.6666666666667,220.56666666666663,1050.5666666666666,378.9,240779.0
1997-10-01,21.589909,8528.498,11.651989,12.601369,32506.246,16179.9375,494.8709677419355,184.93548387096772,497.0032258064516,209.5483870967742,240779.0
1997-11-01,16.074709,5217.461,7.3076954,7.9581604,18128.23,15842.131,496.3666666666667,201.03333333333333,8.506666666666666,245.96666666666667,240779.0
1997-12-01,10.098534,56497.15,0.46231562,1.9429178,54492.35,47925.82,230.38709677419357,291.258064516129,148.38709677419354,309.1935483870968,240779.0
1998-01-01,11.8922,15467.365,3.6430063,4.23843,15634.487,27956.332,323.83870967741933,336.96774193548384,106.2258064516129,362.1935483870968,302313.0
1998-02-01,10.9486885,145140.88,1.8057531,2.544916,66341.53,77976.42,304.85714285714283,946.2857142857144,13.917857142857144,783.5714285714286,302313.0
1998-03-01,14.818744,58826.07,5.4768624,6.538586,56690.492,76448.69,895.4516129032259,2901.6129032258063,8.148387096774194,3374.064516129032,302313.0
1998-04-01,16.984789,9800.331,7.3568454,8.071595,19526.004,34088.465,2376.3,3296.6666666666665,181.33,2855.2,302313.0
1998-05-01,22.137222,2464.1895,13.267057,13.36962,1372.7461,17505.658,837.6774193548387,1814.8387096774195,908.483870967742,289.0,302313.0
1998-06-01,27.10466,475.98535,18.064476,18.277002,1337.8613,1175.1543,1545.3333333333333,454.8333333333333,498.1,136.76666666666668,302313.0
1998-07-01,32.942894,52591.734,22.632612,24.00025,47969.438,64465.004,419.06451612903226,252.70967741935485,1582.3870967741937,212.6451612903226,302313.0
1998-08-01,32.80352,45174.195,21.943151,23.709763,34230.9,49104.953,171.8709677419355,254.3548387096774,1755.483870967742,167.5483870967742,302313.0
1998-09-01,29.032135,38461.227,19.448893,19.162062,16217.616,45263.664,112.7,160.1,1358.0,216.4,302313.0
1998-10-01,21.246786,24375.557,12.444155,12.555253,36972.26,39087.137,1009.548387096774,210.6451612903226,62.35806451612903,216.58064516129036,302313.0
1998-11-01,15.4380865,14639.902,7.570456,7.704752,30664.012,33273.793,446.56666666666666,239.66666666666663,7.003333333333333,286.03333333333336,302313.0
1998-12-01,11.335631,16127.618,3.1212938,3.887844,13352.354,7290.4824,422.4516129032258,255.80645161290323,75.09354838709677,302.5483870967742,302313.0
1999-01-01,12.331474,1628.4688,4.2268734,5.2806787,2903.2285,5480.37,484.7096774193548,204.0967741935484,218.3322580645161,277.5483870967742,244004.0
1999-02-01,13.990104,13403.329,5.7547565,6.6293273,9174.052,15027.523,765.75,204.2142857142857,8.5,261.9642857142857,244004.0
1999-03-01,16.433252,6208.123,8.178963,8.933144,8104.377,9817.014,114.64516129032258,192.2258064516129,389.64516129032256,205.6129032258065,244004.0
1999-04-01,17.152472,41527.86,7.760194,8.394029,41434.113,46575.61,104.36666666666666,420.1666666666667,316.03333333333336,405.8,244004.0
1999-05-01,23.944588,216.22168,14.204082,15.218727,1702.9639,4155.878,117.09677419354838,250.06451612903223,721.7096774193549,142.16129032258064,244004.0
1999-06-01,29.115116,4568.54,18.917702,20.399525,12759.944,14429.754,119.36666666666666,145.8,1174.5666666666666,106.86666666666666,244004.0
1999-07-01,31.222578,87232.5,20.952318,22.770998,87621.98,90283.24,121.0,416.4516129032258,1064.967741935484,296.5806451612903,244004.0
1999-08-01,31.722158,44389.832,20.674503,22.0743,81216.87,51386.598,114.03225806451611,1159.8064516129032,1052.516129032258,180.80645161290323,244004.0
1999-09-01,28.946964,38601.055,18.169983,18.972532,41515.492,93975.47,135.46666666666667,522.1333333333333,995.1,752.0666666666667,244004.0
1999-10-01,24.032185,1.4130859,13.854011,14.7986765,204.45898,29.38379,324.5483870967742,204.4516129032258,708.5806451612904,207.93548387096772,244004.0
1999-11-01,18.121603,0.0,9.926289,10.411476,9.451172,22.483398,650.6,180.13333333333333,29.12333333333333,230.8,244004.0
1999-12-01,11.328115,16.923828,1.8421407,3.4040737,913.92676,627.8584,601.1290322580645,181.83870967741936,7.387096774193548,254.25806451612905,244004.0
2000-01-01,12.962533,3635.2383,4.7306266,5.1051245,7006.338,11629.882,363.5161290322581,194.3548387096774,7.438709677419355,251.83870967741936,200200.0
2000-02-01,14.473537,7141.834,5.882242,6.6365075,11449.807,30196.533,300.13793103448273,196.89655172413796,8.279310344827586,240.3793103448276,200200.0
2000-03-01,15.9143715,71725.99,6.612394,7.347991,46265.742,66258.5,132.74193548387098,226.0,7.990322580645161,333.06451612903226,200200.0
2000-04-01,21.969921,782.56055,12.326759,13.476052,4145.0596,5322.784,193.53333333333333,216.2,341.68666666666667,218.53333333333333,200200.0
2000-05-01,27.023989,4.283203,17.5556,18.4581,413.08496,694.34766,112.35483870967742,135.5806451612903,956.7741935483872,113.03225806451611,200200.0
2000-06-01,30.74769,10399.564,20.982595,22.322817,27768.5,22182.756,102.36666666666666,165.33333333333334,961.8666666666668,106.76666666666668,200200.0
2000-07-01,32.75433,4221.2207,23.045948,24.436657,17058.629,7322.0117,109.25806451612904,128.25806451612902,1142.516129032258,102.0,200200.0
2000-08-01,31.957561,42690.785,21.479185,23.059153,75491.984,72700.86,106.12903225806453,302.64516129032256,743.1290322580645,199.6129032258065,200200.0
2000-09-01,29.824102,292.81348,19.88143,20.63553,2443.038,3691.0244,100.0,157.56666666666666,205.46666666666667,140.4,200200.0
2000-10-01,21.091442,107195.36,11.68736,12.571185,95600.445,102521.14,98.29032258064515,546.4516129032259,355.64516129032256,442.9354838709677,200200.0
2000-11-01,11.802662,18227.904,3.3089204,4.001922,36382.53,22275.742,319.9,1174.1666666666667,155.1,453.26666666666665,200200.0
2000-12-01,12.12816,237.28906,4.230764,5.2226477,6514.715,2051.79,379.1612903225807,329.96774193548384,7.441935483870967,264.83870967741933,200200.0
2001-01-01,10.5777235,67141.8,1.5513124,2.3415473,43503.297,49133.168,229.0,252.1935483870968,8.780645161290321,283.1290322580645,229156.0
2001-02-01,11.954292,33012.637,3.5966735,3.9925199,28203.117,32241.309,331.25,495.2857142857143,10.117857142857144,514.6428571428571,229156.0
2001-03-01,16.238892,34976.887,7.12645,8.554162,20706.059,35575.24,381.5483870967742,1256.0,7.058064516129033,1239.0,229156.0
2001-04-01,19.490602,22395.55,10.334293,10.931525,38913.34,27210.31,680.6333333333333,1775.6666666666667,68.5,372.6,229156.0
2001-05-01,27.612207,1830.6406,16.643152,18.407112,20975.531,13861.631,122.83870967741936,731.0,1042.354838709677,141.0,229156.0
2001-06-01,30.830719,1342.1895,20.506153,21.935232,4612.6416,9642.116,121.2,193.16666666666663,1219.3333333333333,90.76666666666668,229156.0
2001-07-01,32.332253,26175.156,21.988089,23.509544,51071.367,31079.139,128.93548387096774,168.8709677419355,1152.774193548387,132.06451612903226,229156.0
2001-08-01,32.07184,38314.92,21.146486,22.874456,62118.094,66123.95,120.16129032258064,346.51612903225805,1019.451612903226,285.8709677419355,229156.0
2001-09-01,30.380394,688.9795,19.47948,20.979927,12651.201,7435.204,119.0,182.1,1384.6666666666667,117.53333333333332,229156.0
2001-10-01,23.624115,6415.2393,14.260033,15.416477,11773.404,20430.055,796.7741935483871,156.0,397.6051612903226,178.0,229156.0
2001-11-01,17.684502,4872.824,8.0114,8.791454,7126.909,10286.286,1186.2333333333331,160.36666666666667,8.145,202.9333333333333,229156.0
2001-12-01,9.981146,22653.066,1.5869734,2.0508316,19586.871,25114.645,691.0967741935484,178.93548387096774,54.64290322580646,249.16129032258064,229156.0
2002-01-01,11.114336,2752.8252,2.7895532,3.6033044,10941.368,2509.8945,100.47096774193548,178.4193548387097,310.51612903225805,242.96774193548387,197274.0
2002-02-01,13.819011,10.719727,4.5015545,5.805243,1808.5283,550.17773,99.60714285714286,173.71428571428572,222.79285714285717,230.42857142857144,197274.0
2002-03-01,15.496082,2484.0127,6.3987594,7.319883,12104.687,8008.8496,105.68709677419356,178.74193548387098,110.88709677419357,193.03225806451613,197274.0
2002-04-01,21.83827,1835.0576,12.936489,13.42765,6776.2207,9165.874,103.95666666666666,164.5,425.4333333333333,161.5,197274.0
2002-05-01,24.517433,2.618164,14.936002,16.145311,705.7217,232.76172,107.66774193548386,110.31290322580644,696.4193548387096,115.67096774193548,197274.0
2002-06-01,31.087683,0.6191406,21.418697,22.492495,296.40332,107.64551,214.3,74.53999999999999,1190.5666666666666,75.98666666666666,197274.0
2002-07-01,33.235928,23774.754,22.955687,25.273535,61472.617,30673.598,107.20645161290322,254.96129032258065,828.9354838709677,82.66129032258064,197274.0
2002-08-01,32.16218,5438.6895,21.59649,23.617907,32521.332,11626.246,104.34193548387096,354.38709677419354,699.516129032258,72.44193548387096,197274.0
2002-09-01,29.433102,42027.125,18.592855,19.769909,41720.33,64096.18,99.7,482.9666666666666,268.85,323.1766666666666,197274.0
2002-10-01,21.237011,15369.965,11.665352,12.635849,14602.978,24489.477,253.2064516129032,158.90322580645162,192.99032258064517,175.29032258064515,197274.0
2002-11-01,16.740814,18016.445,7.3133063,8.157609,21199.488,24806.746,347.6,204.03333333333333,23.549333333333333,247.63333333333333,197274.0
2002-12-01,10.761541,13670.028,2.1323843,2.750288,35826.344,18986.316,233.458064516129,197.96774193548387,8.630322580645162,264.38709677419354,197274.0
2003-01-01,14.90739,18669.492,6.486711,7.3648806,9408.896,9377.593,255.4193548387097,244.16129032258064,8.579354838709676,240.9032258064516,113511.0
2003-02-01,13.127034,117287.05,4.111192,5.0905814,75918.44,88724.16,187.78571428571428,478.6785714285714,9.014285714285714,790.5,113511.0
2003-03-01,15.674696,34706.336,6.359622,7.5722547,36836.094,46004.414,366.6774193548387,2632.2580645161293,8.299032258064516,1932.548387096774,113511.0
2003-04-01,18.397322,5134.5713,9.336905,9.759107,4974.449,8840.095,420.3,1321.4666666666667,6.982333333333333,215.3,113511.0
2003-05-01,25.399765,119.90918,15.733578,17.172756,2808.7559,3714.7021,341.03225806451616,606.5806451612904,167.66354838709677,141.16129032258064,113511.0
2003-06-01,29.747099,5.9628906,19.99997,21.34202,2079.1543,1758.7988,347.4,187.57,443.1333333333333,87.21666666666667,113511.0
2003-07-01,33.876442,23125.729,24.163488,25.921774,31338.08,30398.29,401.7741935483871,188.98387096774192,445.9354838709677,71.41935483870968,113511.0
2003-08-01,32.34883,58344.73,21.921013,23.546072,46099.055,69013.516,266.1935483870968,301.4516129032258,438.741935483871,161.40645161290325,113511.0
2003-09-01,29.74139,27612.38,19.052616,20.663643,34878.047,31437.273,126.64333333333336,862.2666666666667,340.64666666666665,227.9333333333333,113511.0
2003-10-01,25.61061,5464.13,15.417119,16.98075,12487.877,4453.8076,438.6774193548387,173.16129032258064,20.965806451612902,128.67741935483872,113511.0
2003-11-01,14.611745,33909.137,6.6526623,6.745297,34152.727,38732.04,282.2,275.8333333333333,9.252999999999998,214.36666666666667,113511.0
2003-12-01,11.663967,14664.846,3.4216797,3.7982342,15057.117,16502.664,210.6451612903226,190.0967741935484,8.455806451612903,231.4193548387097,113511.0
2004-01-01,12.159241,17557.533,2.9531047,3.8737943,24350.709,16316.78,159.3709677419355,195.9032258064516,9.37516129032258,227.96774193548387,132633.0
2004-02-01,11.499362,31311.543,1.9501125,3.089851,25504.186,37868.04,248.3448275862069,217.06896551724137,8.54448275862069,231.17241379310343,132633.0
2004-03-01,20.502455,27082.477,10.317064,11.77862,33584.688,12122.265,118.28387096774196,1382.032258064516,38.483548387096775,537.2903225806451,132633.0
2004-04-01,20.48855,34811.406,9.804854,11.232002,29970.076,41329.953,276.8,914.8,8.224,206.63333333333333,132633.0
2004-05-01,25.83699,14.952148,15.715361,16.72345,233.46484,20.614258,143.17741935483872,303.9032258064516,508.53225806451616,100.66451612903224,132633.0
2004-06-01,29.721472,22.79004,19.502619,20.990442,2276.2031,209.63184,105.68,104.95,896.1,63.336666666666666,132633.0
2004-07-01,32.325077,22327.086,21.614353,23.434149,33340.496,32005.617,105.51935483870967,189.0290322580645,1031.0645161290322,110.1741935483871,132633.0
2004-08-01,31.495972,22780.65,20.145,22.060736,40290.203,39738.81,96.6483870967742,218.9032258064516,652.8064516129032,161.56451612903226,132633.0
2004-09-01,28.573008,22405.883,17.480947,18.954193,35926.562,56316.207,95.36,208.9333333333333,333.3333333333333,489.32,132633.0
2004-10-01,21.258312,56442.754,11.734147,12.5601015,27733.938,75146.69,224.51612903225808,166.93548387096774,107.59516129032258,386.7741935483871,132633.0
2004-11-01,13.843216,48444.23,5.3579593,6.045729,34989.07,66960.22,272.5133333333333,243.4333333333333,8.514000000000001,1256.5,132633.0
2004-12-01,11.443401,73863.516,3.2940829,4.001658,48330.0,65528.84,1281.3870967741937,580.6451612903226,8.905806451612902,2097.3548387096776,132633.0
2005-01-01,12.397428,83156.38,4.2075343,4.76017,69470.51,113638.45,6128.709677419355,2421.6774193548385,175.5106451612903,5558.709677419355,219745.0
2005-02-01,13.370437,129086.15,4.6913,5.3437176,94029.92,110324.0,7808.571428571428,6706.285714285715,903.5035714285714,7485.964285714285,219745.0
2005-03-01,15.231271,20037.309,6.1300187,7.323975,25877.178,36945.58,1638.7096774193549,2128.064516129032,25.251612903225805,1550.4193548387098,219745.0
2005-04-01,19.514244,7125.7734,10.353411,10.838055,15418.062,28518.266,506.4,1954.6666666666667,989.5533333333332,474.0,219745.0
2005-05-01,25.3829,256.81152,15.635096,16.71727,4280.342,2885.96,822.2903225806451,1035.0967741935483,947.6774193548388,284.06451612903226,219745.0
2005-06-01,29.271814,1211.6816,19.446335,20.034725,3095.5107,13031.672,871.3333333333334,296.43333333333334,935.9,156.73333333333332,219745.0
2005-07-01,33.447605,26537.29,23.269337,24.879576,26208.352,35430.29,917.258064516129,146.3548387096774,1099.6129032258063,149.1290322580645,219745.0
2005-08-01,31.312778,56548.855,20.492376,21.94793,56868.566,73057.69,616.4193548387096,423.35483870967744,762.0,204.1290322580645,219745.0
2005-09-01,28.916084,5744.992,19.033598,19.496815,21167.67,8179.6377,282.0,233.7333333333333,1131.4666666666667,130.06666666666666,219745.0
2005-10-01,22.833786,13515.971,13.404454,14.300698,23055.156,31574.7,286.5483870967742,168.67741935483872,608.3548387096774,176.38709677419354,219745.0
2005-11-01,16.968761,1130.3203,8.192047,9.037516,772.7031,3804.709,233.56666666666663,164.63333333333333,281.64666666666665,221.66666666666663,219745.0
2005-12-01,11.915487,17.703125,4.2838063,4.632715,1458.0391,445.0547,278.2903225806452,162.5483870967742,203.0064516129032,263.7741935483871,219745.0
2006-01-01,12.211642,61.782227,4.079077,4.3688693,5295.5195,3038.2666,263.77741935483874,166.06451612903226,206.38709677419357,263.83870967741933,212620.0
2006-02-01,14.293739,52.73242,5.9476876,6.3603826,895.4619,1592.3652,745.9285714285714,161.03571428571428,24.799285714285716,240.92857142857144,212620.0
2006-03-01,14.556897,46795.36,5.4890985,5.8642445,39475.316,43679.82,270.0774193548387,201.58064516129036,396.14838709677423,238.8709677419355,212620.0
2006-04-01,19.933456,1003.19824,11.10365,11.843433,11106.804,13137.688,91.84333333333332,268.7333333333333,1068.1,176.93333333333334,212620.0
2006-05-01,26.487684,1129.1396,16.775604,17.942636,2112.2441,2166.8242,97.96774193548389,128.03548387096774,1372.5806451612902,118.30322580645162,212620.0
2006-06-01,32.084713,2931.2998,21.567034,23.077995,9698.143,11383.757,102.38666666666668,84.11999999999999,1568.3333333333333,79.20333333333333,212620.0
2006-07-01,33.952305,34417.02,22.81024,24.827793,69716.55,62959.746,101.17096774193548,481.3225806451613,1466.1290322580646,147.68709677419355,212620.0
2006-08-01,31.761639,57109.305,20.132004,22.199335,75475.836,51739.176,98.33870967741936,2414.451612903226,1170.0967741935483,378.8387096774193,212620.0
2006-09-01,27.484873,49871.234,16.185278,17.935246,27700.02,37303.234,117.29333333333334,697.1,1219.0,241.7,212620.0
2006-10-01,21.838312,13839.7295,11.65114,12.710214,36439.37,36501.28,421.5161290322581,329.0967741935484,675.0645161290323,207.06451612903223,212620.0
2006-11-01,17.17667,67.62207,8.334528,9.046029,4486.8955,1230.4736,814.6666666666666,207.8,27.794666666666668,225.1,212620.0
2006-12-01,10.632205,9014.042,3.073425,3.5606272,7201.83,12634.687,631.741935483871,181.6129032258065,7.418709677419354,242.38709677419357,212620.0
2007-01-01,9.886711,23048.023,0.7544562,1.8953867,33817.996,20795.738,370.1612903225807,193.4193548387097,8.62483870967742,265.96774193548384,174020.0
2007-02-01,13.723731,13781.464,4.4755173,5.7149878,30324.734,21253.992,332.4642857142857,490.57142857142856,58.16857142857143,278.42857142857144,174020.0
2007-03-01,18.332087,26897.838,8.65696,9.897797,22045.121,23336.506,104.80967741935484,874.5806451612904,299.6774193548387,215.25806451612905,174020.0
2007-04-01,20.56111,5500.926,10.957861,12.277418,5242.417,4340.912,110.93333333333334,515.9666666666667,610.7333333333333,174.66666666666666,174020.0
2007-05-01,25.909065,865.7178,15.483873,17.215706,10624.576,2851.2344,108.2,287.06451612903226,690.3870967741935,117.31935483870969,174020.0
2007-06-01,30.439056,4.1884766,20.437897,21.834232,4275.423,341.6416,108.98,122.11666666666666,1334.1,77.50333333333333,174020.0
2007-07-01,33.099068,47052.855,22.720528,24.854708,56988.992,70237.95,106.56451612903226,242.2774193548387,1457.483870967742,162.21290322580646,174020.0
2007-08-01,33.086174,27003.863,21.769016,23.80178,55491.03,48247.516,95.68709677419356,1074.0,1335.6774193548388,393.03225806451616,174020.0
2007-09-01,29.421484,15222.377,18.66815,19.751154,22195.777,32704.514,90.79333333333334,264.1,1135.4,155.44333333333333,174020.0
2007-10-01,22.88446,405.7207,13.243702,13.93643,4438.6787,4302.451,343.5548387096774,167.61290322580646,727.7145161290323,138.6451612903226,174020.0
2007-11-01,18.656979,31817.857,10.150544,10.677205,19176.89,14784.561,232.26666666666668,157.3,11.958,188.6,174020.0
2007-12-01,9.722272,75206.41,1.6614984,2.2415805,74906.31,83518.09,193.03548387096777,1521.516129032258,351.94129032258064,2097.0,174020.0
2008-01-01,10.625547,74444.72,1.2461188,1.9409395,74948.45,84250.98,742.6774193548387,4292.032258064516,40.33870967741935,3284.870967741936,187914.0
2008-02-01,12.552189,23710.203,4.273266,5.032542,48972.05,52230.66,1869.2413793103449,2946.896551724138,105.60206896551723,1862.1379310344828,187914.0
2008-03-01,16.74227,373.28613,7.1806717,8.431212,3199.1768,2611.4805,1543.032258064516,2569.3548387096776,181.4954838709677,1829.6774193548388,187914.0
2008-04-01,20.328342,0.37890625,10.526945,11.467411,1156.5615,201.49219,349.6333333333333,1619.0666666666666,1020.5666666666668,240.56666666666663,187914.0
2008-05-01,23.124157,18449.793,13.085823,14.176608,31465.566,20871.742,654.6774193548387,690.5483870967741,716.6129032258065,151.4516129032258,187914.0
2008-06-01,31.017761,181.78809,20.416565,21.71738,4902.5234,1435.5791,1031.0333333333333,312.1,579.1666666666666,89.58333333333333,187914.0
2008-07-01,32.752785,50414.996,21.554163,24.0507,65749.16,51433.438,427.0,371.35483870967744,921.0645161290324,120.85806451612903,187914.0
2008-08-01,31.991411,73363.09,20.977701,23.310396,66877.8,68223.234,272.35483870967744,511.7741935483871,1186.6129032258063,207.5225806451613,187914.0
2008-09-01,29.625664,9173.429,18.073248,19.791319,23783.006,14013.587,274.0,665.3333333333334,1189.3933333333334,164.03333333333333,187914.0
2008-10-01,23.19997,680.7715,13.203414,14.488443,22040.662,3222.253,1170.3870967741937,296.8709677419355,8.201290322580645,140.32258064516128,187914.0
2008-11-01,17.513824,22798.25,8.343329,9.658012,19422.887,33881.25,678.6,230.46666666666667,7.987999999999999,216.83333333333331,187914.0
2008-12-01,11.4326105,56998.832,3.4306734,3.4140553,78356.93,82541.11,164.90322580645162,1185.1612903225807,162.65129032258062,686.4516129032259,187914.0
2009-01-01,13.146668,6201.5674,4.4126453,5.392997,18305.719,14332.755,102.49354838709678,896.8387096774194,261.9516129032258,650.8709677419355,174661.0
2009-02-01,13.681116,33753.926,5.1185017,5.3340898,28240.375,44902.96,105.40714285714286,941.8571428571428,1267.821428571429,1161.9642857142858,174661.0
2009-03-01,17.156378,252.97656,7.9034953,8.633868,8064.9434,2192.662,113.2,1608.0645161290322,1430.3225806451612,499.4193548387097,174661.0
2009-04-01,19.504656,9838.592,9.866505,10.876163,9573.26,12625.179,258.05,887.2666666666667,1169.3666666666666,197.2,174661.0
2009-05-01,27.40899,12069.964,16.5402,18.285986,17777.14,27643.39,809.1612903225806,518.6129032258065,604.7741935483871,159.83870967741936,174661.0
2009-06-01,28.564892,662.20996,17.936487,19.251152,15879.758,5396.3604,277.93333333333334,190.76666666666668,1226.0333333333333,116.32,174661.0
2009-07-01,34.253574,20052.14,23.05094,24.923742,30696.799,28052.102,118.4451612903226,147.5483870967742,1519.032258064516,99.1516129032258,174661.0
2009-08-01,32.331104,16641.172,21.642473,23.084919,22667.86,14798.2705,119.96774193548389,119.2258064516129,1528.7096774193549,84.88387096774194,174661.0
2009-09-01,29.711153,11387.938,17.783144,20.113028,34960.438,21400.879,285.1333333333333,155.1,1281.1,156.6266666666667,174661.0
2009-10-01,21.066046,120.91992,11.434597,12.38223,5936.161,1589.6143,1018.967741935484,124.80645161290325,296.02354838709675,137.4193548387097,174661.0
2009-11-01,17.346338,682.98926,8.334597,9.2863455,5681.372,3874.663,447.2,150.86666666666667,361.3233333333334,189.06666666666663,174661.0
2009-12-01,10.149008,27143.44,0.73855627,1.2565948,33463.79,54607.87,140.84193548387097,196.06451612903223,230.1709677419355,254.80645161290323,174661.0
2010-01-01,12.32609,123738.54,2.8193266,3.911121,110080.88,98250.734,317.6645161290323,3090.7741935483878,798.5483870967741,2571.1612903225805,160935.0
2010-02-01,13.187519,40725.145,3.0123765,4.581062,31238.527,44793.688,925.9285714285714,1625.75,1221.571428571429,1413.857142857143,160935.0
2010-03-01,14.979491,32666.566,5.867411,6.959296,32785.46,35049.15,2561.2903225806454,2528.064516129032,4123.548387096775,3185.1612903225805,160935.0
2010-04-01,18.77443,648.3623,9.743075,10.014547,6952.373,7820.158,913.5333333333332,3325.333333333333,2560.333333333333,1110.9,160935.0
2010-05-01,22.806293,7.970703,13.320413,14.028092,3261.5908,714.1543,211.3548387096774,1504.645161290323,1584.8387096774193,177.80645161290323,160935.0
2010-06-01,29.52416,150.70605,20.019526,20.86089,4575.74,1158.1836,802.2666666666667,350.1,789.7,103.43,160935.0
2010-07-01,33.49033,31341.941,22.206306,24.418753,76682.48,55966.01,891.9677419354839,366.64516129032256,794.4516129032259,148.05161290322582,160935.0
2010-08-01,32.13336,35148.207,21.303411,22.65088,45776.953,50214.48,789.2258064516129,836.6129032258065,722.4516129032259,393.1290322580645,160935.0
2010-09-01,30.218071,6114.0986,19.705618,20.743402,29410.707,13274.64,241.2333333333333,284.7333333333333,1194.5,122.26666666666668,160935.0
2010-10-01,22.778572,20575.426,13.252249,14.067719,20099.809,66107.71,165.38709677419354,178.83870967741936,788.6129032258065,289.7096774193548,160935.0
2010-11-01,14.779007,2664.3018,5.5367985,6.589515,8169.716,12042.727,690.4333333333333,165.2,66.90566666666668,201.53333333333333,160935.0
2010-12-01,13.4605875,40765.53,5.5049033,5.8650603,41030.465,71458.31,418.35483870967744,201.25806451612905,11.67516129032258,546.5483870967741,160935.0
2011-01-01,11.291188,185.86719,2.464675,3.550906,2138.2324,865.16895,332.93548387096774,221.32258064516128,8.822903225806451,430.35483870967744,198867.0
2011-02-01,10.914151,30705.627,2.1696782,3.1304672,24698.465,45706.727,596.25,231.39285714285717,10.942142857142857,453.8571428571428,198867.0
2011-03-01,17.317846,6816.2305,8.820582,8.868958,6014.92,11515.297,809.741935483871,376.5161290322581,5.994516129032259,799.3548387096774,198867.0
2011-04-01,20.922258,10326.674,11.36822,11.830441,7072.4688,13667.365,1147.8,300.8,6.810999999999999,241.76666666666668,198867.0
2011-05-01,23.18647,1265.7988,13.148129,14.123428,6779.0117,10762.1,185.58064516129036,161.4516129032258,1065.9354838709678,160.03225806451613,198867.0
2011-06-01,29.378107,3.21875,20.142044,20.668148,263.17676,0.0,149.86666666666667,97.45,1485.3333333333333,111.27666666666669,198867.0
2011-07-01,32.648388,28095.145,22.372646,24.065413,49748.9,44719.348,159.4193548387097,126.65806451612904,1561.6129032258063,120.19354838709675,198867.0
2011-08-01,34.14992,16969.146,22.542784,24.67004,51665.336,27723.71,134.5806451612903,361.35483870967744,1583.8709677419354,122.80645161290325,198867.0
2011-09-01,30.073238,11414.187,18.882538,20.631577,23056.445,38939.383,129.13333333333333,285.5,1374.3333333333333,144.82999999999998,198867.0
2011-10-01,23.432003,5607.379,12.951027,14.217271,18187.266,24943.543,119.96774193548389,176.80645161290323,996.9032258064516,161.1290322580645,198867.0
2011-11-01,15.256243,27785.305,6.241819,7.1199613,26353.004,28469.953,303.3333333333333,161.06666666666666,421.73066666666665,242.06666666666663,198867.0
2011-12-01,9.941382,45777.6,1.288614,2.2174664,52902.387,51689.062,367.7096774193548,255.29032258064515,9.298709677419357,348.80645161290323,198867.0
2012-01-01,12.962058,897.7656,4.553203,5.430683,12970.13,5964.632,400.3870967741936,294.96774193548384,8.662903225806453,251.96774193548387,189129.0
2012-02-01,13.2768345,2002.5381,4.2682185,5.0119443,14842.65,12343.8955,381.2068965517241,290.13793103448273,187.82689655172413,236.27586206896552,189129.0
2012-03-01,16.29709,19443.8,7.0740438,7.984021,20540.117,36210.227,111.87096774193547,645.0322580645161,712.5483870967741,373.6774193548387,189129.0
2012-04-01,21.286034,3834.6094,12.1601715,12.84892,7053.3076,16157.482,113.26333333333334,558.4333333333333,986.1333333333332,187.66666666666663,189129.0
2012-05-01,26.217604,1426.8672,16.089014,17.176287,644.19434,303.81445,103.61935483870968,190.4516129032258,1199.6774193548388,112.25161290322582,189129.0
2012-06-01,30.94682,166.38672,21.80185,22.418108,2097.628,981.0918,103.7,88.42333333333333,1222.6666666666667,71.95333333333333,189129.0
2012-07-01,32.051746,49107.438,22.020037,23.651854,61077.29,74689.61,104.80645161290325,138.09354838709675,1138.1290322580646,133.53225806451613,189129.0
2012-08-01,32.82211,52462.523,21.988138,23.57511,55044.27,64934.562,108.96774193548389,235.61612903225807,1021.516129032258,293.1290322580645,189129.0
2012-09-01,29.05996,31221.406,18.564518,19.825453,20583.71,20951.51,113.2,197.86666666666667,952.6,192.03333333333333,189129.0
2012-10-01,23.297916,1496.6357,13.947471,14.709465,3689.3076,10427.559,110.41935483870968,115.38709677419357,839.1935483870968,157.1290322580645,189129.0
2012-11-01,17.686733,2585.2734,8.994307,9.526174,16142.914,8108.036,185.2333333333333,139.4,342.024,203.4333333333333,189129.0
2012-12-01,11.509411,40006.184,2.5112126,2.8520005,44557.043,48833.96,102.2032258064516,155.25806451612902,313.1935483870968,269.03225806451616,189129.0
2013-01-01,9.994475,50906.0,0.4730328,1.6280149,42698.36,58569.19,99.46451612903226,541.5806451612904,104.11193548387097,1228.548387096774,194021.0
2013-02-01,11.590465,15895.398,1.9355218,3.1614964,21394.547,21502.326,105.46428571428572,439.07142857142856,185.52857142857144,467.57142857142856,194021.0
2013-03-01,18.312729,23660.168,8.917195,9.838444,26091.262,23458.447,356.5258064516129,1288.3870967741937,185.08709677419355,949.0645161290324,194021.0
2013-04-01,20.993542,1407.4668,11.113416,11.954337,14969.987,4460.2793,574.6666666666666,673.0333333333333,112.56333333333332,180.3,194021.0
2013-05-01,25.653194,3.7490234,15.190472,16.030958,1978.3887,1855.8408,416.61290322580646,313.258064516129,413.7354838709677,126.0516129032258,194021.0
2013-06-01,31.407057,0.29589844,22.075506,22.95202,407.21094,196.1123,217.13333333333333,105.16,1144.0,83.83,194021.0
2013-07-01,32.990726,37537.83,21.975407,23.971306,84746.35,75134.59,120.12903225806453,340.44193548387096,1096.1612903225807,201.68709677419355,194021.0
2013-08-01,32.02312,47615.574,20.940243,22.533066,65237.65,71343.07,153.541935483871,489.35483870967744,942.032258064516,203.9032258064516,194021.0
2013-09-01,28.46822,43418.277,18.103117,18.839092,37429.316,44910.234,281.5933333333333,1028.2333333333331,432.26666666666665,445.4666666666666,194021.0
2013-10-01,20.689022,2601.954,11.470532,11.613731,7702.4795,7413.92,655.4516129032259,224.6451612903226,100.6690322580645,197.03225806451613,194021.0
2013-11-01,16.718037,78859.24,7.344961,8.112111,45854.21,51380.797,520.3,270.3333333333333,9.087,250.3,194021.0
2013-12-01,11.275906,13645.943,2.7857156,2.9985723,10871.697,21378.646,282.1935483870968,250.9032258064516,7.586129032258064,287.38709677419354,194021.0
2014-01-01,13.624451,5.8203125,5.716481,6.2384167,406.66992,1607.0469,206.32258064516128,208.1935483870968,7.49483870967742,253.32258064516128,135801.0
2014-02-01,15.45568,246.86719,7.091569,7.166455,5507.5605,6107.749,343.3928571428572,262.92857142857144,7.456071428571429,233.2142857142857,135801.0
2014-03-01,18.050314,34753.15,8.389955,9.466146,33854.133,24570.055,302.4193548387097,394.7096774193548,6.788387096774193,427.1935483870968,135801.0
2014-04-01,21.002783,728.6162,10.966809,11.902657,5749.9443,13213.388,317.0,202.8,238.6003333333333,147.16666666666666,135801.0
2014-05-01,25.473738,13.908203,14.6816435,15.980884,2003.002,2024.0938,97.9516129032258,129.80645161290323,590.3225806451613,111.50645161290322,135801.0
2014-06-01,30.662134,0.23730469,21.02507,21.615831,290.10254,178.79297,114.00666666666666,87.29333333333334,1005.0,71.22333333333333,135801.0
2014-07-01,32.93343,34997.734,22.472807,24.28002,56337.957,44884.29,117.93548387096774,167.05483870967743,929.2258064516128,112.67096774193548,135801.0
2014-08-01,30.228626,104210.82,20.00245,21.255436,70715.82,105451.43,110.93548387096774,450.5483870967742,857.0,399.96774193548384,135801.0
2014-09-01,29.123495,98697.31,18.978281,20.076366,56420.023,60720.797,115.66666666666669,458.8666666666667,413.6333333333333,210.4,135801.0
2014-10-01,23.70654,13525.985,14.322728,15.42088,22108.719,9556.321,438.8064516129032,450.4516129032258,62.65709677419356,174.80645161290323,135801.0
2014-11-01,16.528345,60.07715,7.6290607,8.528235,10696.808,2319.6982,516.8666666666667,211.13333333333333,8.166666666666666,191.83333333333331,135801.0
2014-12-01,12.151292,43191.742,4.0623455,4.763884,30218.738,58752.016,349.51612903225805,271.258064516129,9.178064516129032,260.8709677419355,135801.0
2015-01-01,12.834718,42654.03,4.5772266,5.4619045,45124.086,50554.312,308.35483870967744,434.3225806451613,8.90258064516129,363.258064516129,126125.0
2015-02-01,16.379322,8162.004,8.066936,8.8066025,12733.77,21327.771,237.51785714285717,870.5,9.674642857142857,432.2857142857143,126125.0
2015-03-01,19.54148,32779.36,9.565828,10.637708,18505.05,48623.086,347.2903225806452,587.3548387096774,7.320322580645161,1528.516129032258,126125.0
2015-04-01,20.460382,9677.135,10.754396,11.48078,13655.064,13940.692,806.5666666666667,307.6666666666667,29.782333333333334,159.9,126125.0
2015-05-01,22.781017,24942.596,12.923919,13.824939,22663.209,36259.652,222.51612903225808,243.80645161290323,530.5806451612904,159.2258064516129,126125.0
2015-06-01,31.159634,9510.6875,21.24735,22.580925,23079.414,19431.008,130.5,148.98333333333332,757.9666666666667,122.6,126125.0
2015-07-01,31.890083,21266.977,21.161198,22.77473,59303.21,41761.227,125.80645161290325,386.0,875.0322580645161,154.5806451612903,126125.0
2015-08-01,33.475746,23701.494,22.119951,23.671883,47449.234,47129.133,126.25806451612904,384.03225806451616,820.3870967741935,119.5741935483871,126125.0
2015-09-01,29.786348,30070.418,19.27341,21.034061,38929.906,28407.566,128.46666666666667,354.4,594.4666666666667,169.36666666666667,126125.0
2015-10-01,23.72477,41965.766,13.812762,15.263466,44737.31,54268.676,322.96774193548384,350.7096774193548,413.7190322580645,206.6129032258065,126125.0
2015-11-01,14.453802,12296.455,6.2429314,6.354778,40632.91,31332.904,408.2,845.0666666666667,62.76533333333334,277.03333333333336,126125.0
2015-12-01,10.380181,10659.143,2.5670156,2.7436728,27240.434,16801.273,308.2258064516129,502.9032258064516,9.99709677419355,261.38709677419354,126125.0
2016-01-01,10.949004,53803.79,2.820264,3.5775168,32886.12,46695.4,259.2258064516129,635.9354838709677,177.50806451612902,556.2903225806451,143246.0
2016-02-01,16.526417,5887.504,6.959344,8.0175905,11338.659,9435.234,615.2413793103449,1446.4137931034484,8.875862068965516,568.6206896551724,143246.0
2016-03-01,18.672752,323.93262,9.241519,9.81912,1294.5732,4442.785,650.258064516129,821.483870967742,44.35258064516129,211.1290322580645,143246.0
2016-04-01,20.686237,13636.488,10.574593,11.770592,11550.134,20664.594,105.5,413.4666666666666,730.6,155.13333333333333,143246.0
2016-05-01,23.721306,6391.161,13.900242,14.811515,13585.626,23019.43,104.52580645161292,247.48387096774192,721.0,134.31612903225806,143246.0
2016-06-01,32.303024,4589.199,22.203959,23.600622,13230.7705,10703.621,100.55666666666666,120.25,967.9666666666668,77.53666666666666,143246.0
2016-07-01,34.006386,8182.704,23.130257,24.589848,36721.098,39483.42,102.14193548387097,151.10967741935482,927.7741935483872,114.33548387096776,143246.0
2016-08-01,31.561043,60244.75,20.273848,21.778337,58371.625,79261.26,101.25806451612904,319.2258064516129,749.5806451612904,250.8709677419355,143246.0
2016-09-01,28.027266,16210.897,18.137259,18.861378,26210.049,37967.957,103.93333333333334,145.1,792.4666666666667,160.96666666666667,143246.0
2016-10-01,24.79633,6278.7227,15.387042,15.752333,11903.504,10490.288,389.06451612903226,165.96774193548387,494.1161290322581,156.67741935483872,143246.0
2016-11-01,17.546698,26107.238,7.8611298,9.145156,38482.496,32527.078,495.3666666666667,215.63333333333333,9.024666666666668,191.66666666666663,143246.0
2016-12-01,12.684306,58330.3,4.8332376,4.79884,56535.227,78017.38,257.06451612903226,768.5806451612904,23.24,689.0322580645161,143246.0
2017-01-01,11.133218,48978.023,2.8723593,3.3393855,69780.8,74412.44,177.99032258064514,2458.0,147.7890322580645,1946.935483870968,162939.0
2017-02-01,14.737972,55727.406,6.66978,7.2972,32776.54,51005.023,1391.892857142857,2513.928571428572,8.143571428571429,2455.0714285714284,162939.0
2017-03-01,19.35482,5122.424,10.142057,10.738678,11391.889,18784.95,1800.741935483871,2040.967741935484,60.900000000000006,1440.225806451613,162939.0
2017-04-01,21.517813,297.48633,11.8109,12.562826,4969.0527,3461.9043,1013.5333333333332,858.1,8.819333333333333,190.4333333333333,162939.0
2017-05-01,24.931194,4003.3516,14.700462,15.786407,6830.257,12605.8545,550.8064516129032,398.1612903225807,595.1612903225806,134.32258064516128,162939.0
2017-06-01,31.906155,6.8916016,22.26284,23.480093,2867.6611,1098.5449,497.26666666666665,125.37666666666668,657.1666666666666,79.81333333333333,162939.0
2017-07-01,33.22796,59950.15,22.374275,24.405,74592.0,78990.24,171.38709677419354,350.46451612903223,819.9032258064516,175.93548387096774,162939.0
2017-08-01,32.420242,35236.59,21.043594,22.682076,34199.68,48522.555,169.83870967741936,482.2258064516129,790.5483870967741,258.1935483870968,162939.0
2017-09-01,28.192677,5251.3506,18.646013,19.202269,12034.18,18787.738,168.9,134.36333333333334,975.9333333333332,147.03333333333333,162939.0
2017-10-01,24.567024,33.01758,15.135217,15.397433,300.91992,77.43945,538.258064516129,113.41935483870968,498.8312903225807,151.19354838709677,162939.0
2017-11-01,19.659595,119.07129,11.94565,11.493653,3.4140625,183.12305,663.5,118.53333333333332,6.307666666666666,202.56666666666663,162939.0
2017-12-01,13.817318,4582.756,5.835722,6.4594665,2094.0186,421.10938,324.1290322580645,131.06451612903226,8.47,226.51612903225808,162939.0
2018-01-01,14.667959,14985.114,5.7921705,6.543347,17814.117,21287.152,335.741935483871,146.16129032258064,7.757419354838709,231.70967741935485,89262.0
2018-02-01,13.458497,20174.041,5.560684,5.4795294,33606.414,30046.598,436.7857142857143,166.67857142857142,7.813571428571429,213.1071428571429,89262.0
2018-03-01,16.988668,3954.8262,8.130605,8.383435,11138.221,16511.613,379.8,186.03225806451613,246.08645161290323,211.16129032258064,89262.0
2018-04-01,22.750841,55.219727,13.544917,14.1758375,959.91504,821.45703,105.12,152.33333333333334,673.6333333333333,134.23,89262.0
2018-05-01,25.584606,964.8096,16.46718,16.79189,3616.9785,8963.607,119.06451612903226,101.96129032258064,949.2903225806452,96.36451612903228,89262.0
2018-06-01,30.608847,4888.782,21.922089,22.481215,8877.438,6441.54,111.71333333333334,72.02,1172.8333333333333,70.11,89262.0
2018-07-01,33.256927,72086.94,23.065712,24.840229,62521.41,86341.84,127.83870967741936,148.28387096774193,1219.5806451612902,166.99032258064514,89262.0
2018-08-01,32.40255,60137.695,21.785734,23.291914,54699.414,64563.64,130.29032258064515,220.0967741935484,809.0,259.9032258064516,89262.0
2018-09-01,30.750423,9732.169,19.850082,20.855177,18915.36,9862.839,125.7,146.49333333333334,780.5666666666667,126.12333333333332,89262.0
2018-10-01,20.890789,103055.06,11.51717,12.733997,60149.67,78884.89,203.96774193548387,338.16129032258067,173.10000000000002,350.96774193548384,89262.0
2018-11-01,15.376483,10111.677,6.519941,7.2198396,6706.952,9131.788,334.5,166.86666666666667,8.446666666666667,204.03333333333333,89262.0
2018-12-01,11.381182,10891.883,3.4493704,4.2172623,24198.59,9785.543,271.92903225806447,159.3548387096774,8.90967741935484,223.32258064516128,89262.0
2019-01-01,11.557964,37597.656,3.2748954,4.399301,33404.94,52352.234,236.32258064516128,370.64516129032256,9.34032258064516,469.5806451612903,90011.0
2019-02-01,10.081917,86581.18,2.2878547,2.486387,84809.36,111998.66,256.5107142857143,2605.0714285714284,11.154285714285717,3208.3214285714284,90011.0
2019-03-01,16.309008,26904.713,7.5878906,8.224687,42664.246,37919.4,2520.2258064516127,4499.677419354839,8.617096774193548,2935.3870967741937,90011.0
2019-04-01,21.297594,3559.3545,11.7587,12.80397,9371.708,7343.205,847.5333333333333,1815.0,8.045,246.2,90011.0
2019-05-01,21.724028,9988.297,11.742234,12.677843,17314.453,37370.04,571.0967741935484,780.741935483871,400.4609677419355,163.7741935483871,90011.0
2019-06-01,29.744022,1.7509766,19.696434,20.7106,1204.1025,729.22754,742.7333333333333,319.9,524.1,100.24666666666668,90011.0
2019-07-01,33.54267,15183.256,23.105425,24.344542,24354.246,17160.11,363.0,126.2,867.1935483870968,66.5741935483871,90011.0
2019-08-01,33.648506,13990.6,22.748768,24.425299,37181.39,12725.963,128.25806451612902,177.71935483870968,1243.774193548387,90.84516129032258,90011.0
2019-09-01,28.964315,79028.086,18.866854,20.01566,40901.715,37769.45,128.56666666666666,172.23333333333332,1103.0,139.14,90011.0
2019-10-01,21.648832,0.7363281,12.247562,12.664473,189.9541,580.041,624.258064516129,108.96774193548389,144.95483870967743,141.8709677419355,90011.0
2019-11-01,16.784935,100038.164,8.156597,8.7790985,75267.8,86853.04,626.3666666666667,266.3,112.08,461.9666666666666,90011.0
2019-12-01,11.36387,49946.285,3.2011561,3.692005,39923.63,60109.703,373.1290322580645,841.0,70.63548387096773,1375.6774193548388,90011.0
2020-01-01,11.943631,6158.1543,3.7813046,4.6676726,14728.722,7294.867,334.51612903225805,807.5806451612904,13.948387096774193,492.96774193548384,114044.0
2020-02-01,13.148782,48469.195,4.7442408,5.7716417,45101.156,23577.914,359.6551724137931,1463.8275862068965,38.88620689655173,393.5862068965517,114044.0
2020-03-01,15.693292,87913.92,7.3074923,7.770913,53113.727,84112.164,874.3870967741935,3478.870967741936,170.57419354838711,2592.6774193548385,114044.0
2020-04-01,20.572807,1535.0215,11.675428,12.091738,4552.0166,16679.002,343.26666666666665,1059.0333333333333,606.4599999999999,304.3333333333333,114044.0
2020-05-01,27.330353,633.1377,17.403574,18.060387,6474.164,3265.1328,320.1935483870968,488.61290322580646,608.4516129032259,134.91290322580645,114044.0
2020-06-01,30.370306,38.90625,20.950998,21.529425,2498.6182,137.38965,764.1666666666666,117.31333333333332,640.7666666666667,80.94,114044.0
2020-07-01,34.42915,1447.3936,23.529005,24.916458,28343.07,19265.75,875.9354838709677,105.58064516129032,485.258064516129,74.51290322580645,114044.0
2020-08-01,34.821514,13351.518,24.002708,25.46527,20898.512,15800.484,189.8709677419355,93.59354838709676,1131.9354838709678,72.8258064516129,114044.0
2020-09-01,30.526575,370.417,19.86482,21.341805,5589.7393,2803.6816,189.06666666666663,91.6,1058.7333333333331,90.05666666666666,114044.0
2020-10-01,24.768084,163.00488,15.401917,16.326002,11404.996,1436.7559,738.7741935483871,85.24838709677418,286.29322580645163,107.80322580645162,114044.0
2020-11-01,17.712395,1294.0645,8.966855,9.740364,13322.765,8972.643,454.53333333333336,118.53333333333332,257.54566666666665,180.46666666666667,114044.0
2020-12-01,11.625057,15013.232,2.7548704,3.9595435,7319.7324,5324.4805,391.6774193548387,121.96774193548389,57.61290322580645,211.80645161290323,114044.0
2021-01-01,11.7954235,37730.613,3.50165,4.096299,35303.496,53676.25,276.51612903225805,137.5483870967742,9.774838709677418,242.93548387096772,126377.0
2021-02-01,13.870087,1489.2715,4.879725,5.643605,16498.42,6026.6865,349.10714285714283,151.57142857142858,88.60607142857144,233.92857142857144,126377.0
2021-03-01,15.50777,8324.657,6.1702967,6.8873367,16753.375,33561.973,110.96774193548389,156.2258064516129,445.9354838709677,238.2258064516129,126377.0
2021-04-01,21.989292,881.1748,12.182238,13.343079,7566.366,7721.8145,103.17333333333332,165.93333333333334,863.4333333333333,144.8,126377.0
2021-05-01,25.211483,124.08203,15.734833,16.633816,2297.2256,2970.9814,104.4516129032258,109.02903225806452,1119.774193548387,92.66774193548386,126377.0
2021-06-01,32.16402,3782.8027,22.50365,23.869673,5136.4443,8098.3984,116.5,67.32666666666667,1218.3333333333333,61.76,126377.0
2021-07-01,32.31034,101967.05,22.165867,24.799772,108997.64,98996.31,113.6774193548387,459.458064516129,962.7741935483872,587.1419354838711,126377.0
2021-08-01,31.555307,90349.805,21.215662,23.07768,65323.863,51681.914,112.4516129032258,814.6451612903226,724.516129032258,532.6451612903226,126377.0
2021-09-01,29.259731,26798.566,18.925915,20.763824,38734.324,36916.195,116.3,764.1666666666666,870.9666666666667,201.76666666666668,126377.0
2021-10-01,21.082283,13606.571,12.153567,12.4000435,15982.184,23311.363,245.5483870967742,290.51612903225805,685.1580645161291,194.83870967741936,126377.0
2021-11-01,18.988539,64.481445,10.184292,10.648138,1046.3057,1212.3105,767.8333333333334,143.03333333333333,16.266666666666666,187.4,126377.0
2021-12-01,12.886306,74129.65,5.4298205,5.0993166,53980.85,60996.734,453.7096774193548,187.96774193548387,30.80967741935484,403.1935483870968,126377.0
2022-01-01,12.06193,4097.5283,3.5128734,4.79992,13965.74,7770.462,277.2258064516129,538.9354838709677,20.448387096774194,405.1612903225807,127109.0
2022-02-01,12.744928,13892.082,3.092025,4.7966075,16469.006,17619.496,462.9642857142857,212.75,18.317857142857143,222.75,127109.0
2022-03-01,16.914217,9427.498,6.782139,8.467346,19756.578,24089.635,613.0645161290323,408.6774193548387,41.36451612903225,327.258064516129,127109.0
2022-04-01,21.49694,15.506836,12.10017,12.941758,417.70605,508.7832,129.23333333333332,560.3666666666667,636.3,203.86666666666667,127109.0
2022-05-01,25.546661,0.0,16.192678,17.359425,3.9541016,13.205078,132.0,170.35806451612905,872.6774193548387,107.82903225806452,127109.0
2022-06-01,31.660707,7559.3037,21.020487,22.739971,21706.77,17451.107,128.7,91.98666666666666,1091.1333333333334,82.77,127109.0
2022-07-01,33.353535,43470.6,22.903406,25.048147,63654.31,51608.203,132.61290322580646,400.60967741935485,937.2258064516128,136.4193548387097,127109.0
2022-08-01,31.633846,89255.44,20.817253,23.183453,76343.516,78687.7,130.90322580645162,1659.0645161290322,750.5483870967741,317.2903225806452,127109.0
2022-09-01,30.007656,32415.297,19.51223,21.432123,26822.531,44477.008,132.5,379.03333333333336,834.3666666666667,190.9333333333333,127109.0
2022-10-01,22.42392,25603.598,11.937569,13.712736,35751.61,36669.26,124.83870967741936,305.03225806451616,596.1612903225806,231.5483870967742,127109.0
2022-11-01,13.0806675,9692.833,4.7036514,5.6794534,16656.424,17307.861,124.7,271.3,368.8333333333333,236.83333333333331,127109.0
2022-12-01,10.831283,57720.766,3.5674171,4.1996517,45757.33,39922.21,211.07096774193548,1028.6774193548388,55.13870967741936,294.83870967741933,127109.0
2023-01-01,10.011647,57684.742,1.0238438,2.0366535,69879.164,94057.74,212.0967741935484,2701.2258064516127,36.435483870967744,1823.8387096774195,145092.0
2023-02-01,11.454886,33036.3,1.7481438,2.899342,40369.23,44309.656,320.32142857142856,1734.7857142857142,94.71785714285714,886.0714285714286,145092.0
2023-03-01,13.793013,50199.926,4.843455,5.3012886,55794.15,96259.445,6979.258064516129,5402.258064516129,1163.2709677419357,8668.709677419354,145092.0
2023-04-01,20.364372,63.164062,11.03145,11.755637,163.93066,313.01172,1431.0333333333333,3254.333333333333,4340.466666666666,1679.4666666666667,145092.0
2023-05-01,24.716393,3710.6816,14.922754,15.616417,16112.979,22011.37,141.5806451612903,1202.774193548387,1253.548387096774,235.1290322580645,145092.0
2023-06-01,27.627716,4.7128906,18.377975,18.78754,407.68066,1652.8477,417.5,299.46666666666664,859.0,128.99333333333334,145092.0
2023-07-01,35.532043,3529.914,25.26105,26.378498,15395.706,17621.041,552.5483870967741,127.12903225806453,733.5806451612904,71.09032258064516,145092.0
2023-08-01,33.34256,16871.008,22.596424,23.845661,36866.977,43129.617,647.3548387096774,127.94193548387096,705.4516129032259,122.16774193548386,145092.0
2023-09-01,28.99983,25842.504,19.321865,19.540533,21777.719,25108.531,341.56666666666666,139.82000000000002,860.7666666666667,126.03,145092.0
2023-10-01,23.845432,344.81836,14.391869,14.978996,7266.37,5561.7334,233.96774193548387,101.00967741935484,753.3870967741935,120.76129032258063,145092.0
2023-11-01,17.342651,9687.997,7.9723797,8.843461,18856.016,9351.892,394.3,134.6,286.9266666666666,190.1,145092.0
2023-12-01,13.089845,38901.555,4.334442,5.520479,23390.809,15574.841,411.1612903225807,152.6451612903226,31.406451612903226,244.06451612903223,145092.0
2024-01-01,10.605154,46276.207,2.3152266,3.2296576,33006.402,29730.396,303.5806451612903,181.0967741935484,33.17741935483871,251.48387096774192,141499.0
2024-02-01,13.421594,56598.715,4.6825204,5.3080993,51935.242,60532.234,232.7586206896552,690.9310344827586,225.9344827586207,500.0344827586207,141499.0
2024-03-01,15.150568,46251.57,5.757006,6.865497,54402.2,55721.203,582.7096774193549,1039.483870967742,91.68709677419356,752.1290322580645,141499.0
2024-04-01,19.688505,11788.715,10.292129,11.242856,13340.5205,18506.42,167.5,2107.6666666666665,724.7033333333333,496.1333333333333,141499.0
2024-05-01,24.875906,207.46582,14.3952675,15.636657,1671.543,1282.3369,167.51612903225808,679.3225806451613,1069.354838709677,143.06451612903226,141499.0
2024-06-01,32.130455,4735.1875,22.048454,23.672083,17759.453,18415.992,176.96666666666667,164.65666666666667,1226.3333333333333,88.24666666666667,141499.0
2024-07-01,35.071766,22655.766,23.940187,25.969099,40688.535,41301.402,123.5483870967742,125.1774193548387,1288.0645161290322,119.72258064516129,141499.0
2024-08-01,33.641876,19964.203,22.410698,24.220093,51007.67,44298.445,125.83870967741936,171.4516129032258,1243.225806451613,131.1483870967742,141499.0
2024-09-01,31.032701,860.89355,19.858301,21.426498,9771.587,7033.9033,129.93333333333334,111.15666666666668,1108.2,97.93333333333334,141499.0
2024-10-01,25.670313,3805.4658,15.919569,16.99918,11840.724,16876.988,132.0,94.91935483870968,808.258064516129,109.38387096774194,141499.0
2024-11-01,14.460714,2327.6494,6.1101346,6.6599126,13165.763,4819.6064,406.9666666666666,135.96666666666667,344.8933333333333,192.16666666666663,141499.0
2024-12-01,14.216112,19.115234,6.544944,7.0247893,672.0918,6.796875,522.0,134.4516129032258,17.664516129032258,225.8709677419355,141499.0
2025-01-01,10.363307,1032.4287,1.1158359,2.3971179,1731.1963,5754.288,205.51612903225808,118.43870967741935,230.8322580645161,230.38709677419357,
2025-02-01,15.941146,1281.6064,7.69705,8.393605,8164.4688,14129.689,149.89285714285714,130.46428571428572,364.9642857142857,218.4642857142857,
2025-03-01,16.801775,35422.37,6.9995017,8.167544,28291.482,48312.71,121.58064516129032,157.19354838709677,392.0,221.67741935483872,
2025-04-01,20.151009,3699.4736,10.581228,11.300275,8697.487,17889.215,124.63333333333334,126.86666666666666,691.3333333333334,152.7,
2025-05-01,25.235172,10614.486,14.989045,16.4193,4463.9395,13512.416,124.70967741935485,94.50967741935484,829.7096774193549,117.96129032258064,
2025-06-01,30.719877,9359.506,21.514816,22.437496,9493.454,18557.39,118.66666666666669,66.94827586206897,1037.8666666666666,101.30666666666666,
2025-07-01,33.034866,5118.657,22.737514,24.319845,32371.848,21390.93,119.25806451612904,78.70967741935483,1143.258064516129,78.1,
2025-08-01,33.58577,29528.254,23.253197,24.92083,20471.783,33469.94,130.67741935483872,87.50645161290322,1052.967741935484,87.58064516129032,
2025-09-01,29.341875,52944.438,18.88762,20.004467,44300.26,47464.85,136.53333333333333,196.48,809.4333333333333,158.50666666666666,
2025-10-01,22.9812,72354.26,14.361572,14.891587,52799.65,50298.21,143.2258064516129,554.9354838709677,403.1290322580645,661.516129032258,
2025-11-01,18.195969,53266.953,9.475894,10.363979,31741.346,72777.305,134.03333333333333,210.3,340.56333333333333,1265.7,
2025-12-01,14.994953,2598.129,7.307841,8.274456,5783.802,11494.198,351.8709677419355,141.4193548387097,64.58709677419355,456.06451612903226,
2026-01-01,13.603866,8019.672,4.164547,5.7380075,25195.22,20218.195,379.1935483870968,173.93548387096774,22.51935483870968,386.03225806451616,
2026-02-01,17.150984,12837.333,7.715839,8.6303425,23583.459,29818.23,466.1071428571428,223.75,22.785714285714285,446.8148148148149,
2026-03-01,23.317196,3099.919,13.461802,14.712197,4911.4805,1429.8135,580.6774193548387,243.6451612903226,126.26451612903226,264.0,
2026-04-01,21.909725,665.5547,11.983159,12.4657135,9620.142,15625.985,155.7,144.3,722.6666666666666,138.8,
2026-05-01,25.614475,902.9541,15.674928,16.804207,16171.973,9862.741,152.2258064516129,96.16451612903224,620.741935483871,105.43548387096774,
2026-06-01,,,,,,,156.63636363636363,74.51818181818182,679.5454545454545,76.5,
